IPO_PID_DEAL,IPO_CDE_OPTION,IPO_CDE_DEC_ROUND,IPO_CDE_FRAC_ROUND,IPO_CDE_DEC_PRECN,IPO_CDE_FRAC_IRATE,IPO_CDE_NONBUS_DAY,IPO_IND_REF_BANK,IPO_NUM_TRSRY_RVW,IPO_TSP_REC_CREATE,IPO_TSP_REC_UPDATE,IPO_UID_REC_CREATE,IPO_UID_REC_UPDATE,IPO_CDE_UTIL_IMPCT,IPO_CDE_MATRX_CHNG,IPO_CDE_RATE_CHNG,IPO_IND_REPRICING,IPO_IND_PRINCIPAL,IPO_IND_BILL_BORR,IPO_NUM_BILL_DAYS,IPO_IND_LC_FUNDING,IPO_AMT_MAX_DRAW,IPO_AMT_MIN_DRAW,IPO_AMT_MIN_PAY,IPO_AMT_MULTIPLES,IPO_AMT_SHARE_MULT,IPO_IND_RAC_REFBNK,IPO_CDE_RAC_FIRATE,IPO_CDE_RAC_FROUND,IPO_CDE_RAC_DPRECN,IPO_CDE_RAC_DROUND,IPO_CDE_RAC_FRQMAX,IPO_NUM_FX_NTCDAYS,IPO_CDE_PRICE_CCY,IPO_TME_RATE_SET,IPO_TME_INIT_NOTIC,IPO_NUM_SET_FREQ,IPO_NUM_INIT_FREQ,IPO_RID_PRC_OPTION,IPO_IND_RTECHG_NTC,IPO_IND_RTESET_NTC,IPO_IND_SCHCHG_NTC,IPO_CDE_RNONB_DAY,IPO_IND_ANV_DTE_AP,IPO_CDE_RAP_MTHD,IPO_CDE_PRF_USAGE,IPO_CDE_UP_UT_IMPT,IPO_CDE_BRANCH
+XE5R9WK,FIXED,"NONE ","NONE ","3    ","1/8  ",MNEXT,N,0,2020-02-18 07:16:07,2020-02-18 07:16:07,RPTINP01,RPTINP01,ACTUA,NEXTI,NEXTI,N,Y,N,10,N,0,0,0,0.01,0.01,N,"1/8  ","NEAR ","3    ","NEAR ","NONE ",0,,1970-01-01 12:00:00,1970-01-01 12:00:00,2,3,+XE5R9X1,N,N,N,MNEXT,N,BRSPF,"LAST ",ACTUA,
"!?E67KNV",FIXED,"NONE ","NONE ","3    ","1/8  ",MNEXT,N,0,2020-02-27 02:59:26,2020-02-27 02:59:26,RPTINP01,RPTINP01,ACTUA,NEXTI,NEXTI,N,Y,N,10,N,0,0,0,0.01,0.01,N,"1/8  ","NEAR ","3    ","NEAR ","NONE ",0,,1970-01-01 12:00:00,1970-01-01 12:00:00,2,3,"!?E67KOC",N,N,N,MNEXT,N,BRSPF,"LAST ",ACTUA,
PPE67X24,"BBSY ","NONE ","NONE ","3    ","1/8  ",MNEXT,N,0,2020-02-27 06:39:52,2020-02-27 06:39:52,RPTINP01,RPTINP01,ACTUA,EFFEC,EFFEC,Y,N,N,10,N,0,0,0,0.01,0.01,N,"1/8  ","NEAR ","3    ","NEAR ","NONE ",0,AUD,1970-01-01 12:00:00,1970-01-01 12:00:00,0,3,PPE67X2L,N,N,N,MNEXT,N,BASEF,"LAST ",ACTUA,
+IE8QQLT,FIXED,"NONE ","NONE ","3    ","1/8  ","NEXT ",N,0,2020-04-16 08:57:43,2020-04-16 08:57:43,"FJUSR01 ","FJUSR01 ",ACTUA,RETRO,NEXTI,N,N,Y,2,N,0,0,0,0.01,0.01,N,"1/8  ","NEAR ","3    ","NEAR ","NONE ",0,,1970-01-01 12:00:00,1970-01-01 12:00:00,2,3,+IE8QQMA,N,N,N,MNEXT,N,BASEF,"LAST ",ACTUA,
:*EDFXA8,EURLI,"NONE ","NONE ","3    ","1/8  ",MNEXT,N,2,2020-07-17 02:14:11,2020-07-17 02:14:11,"FJUSRAM ","FJUSRAM ",ACTUA,NEXTR,NEXTI,Y,Y,Y,10,N,0,0,0,0.01,0.01,N,"1/8  ","NEAR ","3    ","NEAR ","NONE ",2,EUR,1970-01-01 12:00:00,1970-01-01 12:00:00,2,2,:*EDFXPQ,N,N,N,MNEXT,N,BASEF,"LAST ",ACTUA,CG852
:*EDG12Y,EURLI,"NONE ","NONE ","3    ","1/8  ",MNEXT,N,2,2020-07-17 03:31:03,2020-07-17 03:31:03,"FJUSRAM ","FJUSRAM ",ACTUA,NEXTR,NEXTI,Y,Y,Y,10,N,0,0,0,0.01,0.01,N,"1/8  ","NEAR ","3    ","NEAR ","NONE ",2,EUR,1970-01-01 12:00:00,1970-01-01 12:00:00,2,2,:*EDG1GS,N,N,N,MNEXT,N,BASEF,"LAST ",ACTUA,CG852
40EDZTD7,"BBSY ","NONE ","NONE ","3    ","1/8  ",MNEXT,N,0,2020-07-27 18:45:49,2020-07-27 18:45:49,"INPCHER ","INPCHER ",ACTUA,RETRO,NEXTI,Y,N,Y,10,N,0,0,0,0.01,0.01,N,"1/8  ","NONE ","3    ","NONE ","NONE ",0,AUD,1970-01-01 12:00:00,1970-01-01 12:00:00,0,3,40EDZTE2,N,N,N,MNEXT,N,BASEF,"LAST ",ACTUA,CG852
40EDZTD7,"BBSW ","NONE ","NONE ","3    ","1/8  ",MNEXT,N,0,2020-07-27 18:46:09,2020-07-27 18:46:09,"INPCHER ","INPCHER ",ACTUA,RETRO,NEXTI,N,Y,Y,10,N,0,0,0,0.01,0.01,N,"1/8  ","NONE ","3    ","NONE ","NONE ",0,AUD,1970-01-01 12:00:00,1970-01-01 12:00:00,0,3,40EDZTE7,N,N,N,MNEXT,N,BASEF,"LAST ",ACTUA,CG852
Q+EDKVCZ,EURLI,"NONE ","NONE ","3    ","1/8  ",MNEXT,N,2,2020-07-19 17:37:49,2020-07-19 17:37:49,"FJUSRAM ","FJUSRAM ",ACTUA,NEXTR,NEXTI,Y,Y,Y,10,N,0,0,0,0.01,0.01,N,"1/8  ","NEAR ","3    ","NEAR ","NONE ",2,EUR,1970-01-01 12:00:00,1970-01-01 12:00:00,2,2,Q+EDKVDV,N,N,N,MNEXT,N,BASEF,"LAST ",ACTUA,CG852
?.EBVNFE,EURLI,"NONE ","NONE ","3    ","1/8  ",MNEXT,N,2,2020-06-16 17:03:58,2020-06-16 17:03:58,RPTINPAM,RPTINPAM,ACTUA,RETRO,NEXTI,Y,Y,N,10,N,0,0,0,0.01,0.01,N,"1/8  ","NEAR ","3    ","NEAR ","NONE ",2,EUR,1970-01-01 12:00:00,1970-01-01 12:00:00,2,3,?REBVOYD,N,N,N,MNEXT,N,BASEF,"LAST ",ACTUA,CG852
?.EBVNFE,FIXED,"NONE ","NONE ","3    ","1/8  ",MNEXT,N,0,2020-06-16 17:11:34,2020-06-16 17:11:34,RPTINPAM,RPTINPAM,ACTUA,RETRO,NEXTI,N,Y,N,10,N,0,0,0,0.01,0.01,N,"1/8  ","NEAR ","3    ","NEAR ","NONE ",0,EUR,1970-01-01 12:00:00,1970-01-01 12:00:00,2,3,?REBVP0K,N,N,N,MNEXT,N,BASEF,"LAST ",ACTUA,CG852
SUEBXL0I,FIXED,"NONE ","NONE ","3    ","1/8  ",MNEXT,N,0,2020-06-17 17:36:54,2020-06-17 17:36:54,RPTINPAM,RPTINPAM,ACTUA,RETRO,NEXTI,N,Y,N,10,N,0,0,0,0.01,0.01,N,"1/8  ","NEAR ","3    ","NEAR ","NONE ",0,,1970-01-01 12:00:00,1970-01-01 12:00:00,2,3,SUEBXL0Y,N,N,N,MNEXT,N,BASEF,"LAST ",ACTUA,CG852
SUEBXL0I,EURLI,"NONE ","NONE ","3    ","1/8  ",MNEXT,N,2,2020-06-17 17:36:54,2020-06-17 17:36:54,RPTINPAM,RPTINPAM,ACTUA,RETRO,NEXTI,Y,Y,N,10,N,0,0,0,0.01,0.01,N,"1/8  ","NEAR ","3    ","NEAR ","NONE ",2,EUR,1970-01-01 12:00:00,1970-01-01 12:00:00,2,3,SUEBXL0T,N,N,N,MNEXT,N,BASEF,"LAST ",ACTUA,CG852
:@EDDZTB,EURLI,"NONE ","NONE ","3    ","1/8  ",MNEXT,N,2,2020-07-16 12:48:50,2020-07-16 12:54:05,"FJUSRAM ","FJUSRAM ",ACTUA,NEXTR,NEXTI,Y,Y,N,10,N,0,0,0,0.01,0.01,N,"1/8  ","NEAR ","3    ","NEAR ","NONE ",2,EUR,1970-01-01 12:00:00,1970-01-01 12:00:00,2,2,:MEDEWKC,N,N,N,MNEXT,N,BASEF,"LAST ",ACTUA,CG852
V8EF4706,EURLI,"NEAR ","NEAR ","3    ","1/8  ",MNEXT,N,2,2020-08-18 12:29:00,2020-08-18 12:29:00,LIQUSR05,LIQUSR05,ACTUA,RETRO,NEXTI,Y,Y,N,10,N,0,0,0,0.01,0.01,N,"1/8  ","NEAR ","3    ","NEAR ","NONE ",2,EUR,1970-01-01 12:00:00,1970-01-01 12:00:00,2,3,V8EF471F,N,N,N,MNEXT,N,BASEF,"LAST ",ACTUA,CG852
0REF4EYL,EURIB,"NEAR ","NEAR ","3    ","1/8  ",MNEXT,N,2,2020-08-18 16:05:46,2020-08-18 16:05:46,LIQUSR03,LIQUSR03,ACTUA,EFFEC,EFFEC,Y,N,N,10,N,0,0,0,0.01,0.01,N,"1/8  ","NEAR ","3    ","NEAR ","NONE ",2,EUR,1970-01-01 12:00:00,1970-01-01 12:00:00,2,3,0REF4FFO,N,N,N,MNEXT,N,BASEF,"LAST ",ACTUA,CG852
0REF4EYL,EURLI,"NEAR ","NEAR ","3    ","1/8  ",MNEXT,N,2,2020-08-18 16:06:37,2020-08-18 16:06:37,LIQUSR03,LIQUSR03,ACTUA,EFFEC,EFFEC,Y,N,N,10,N,0,0,0,0.01,0.01,N,"1/8  ","NEAR ","3    ","NEAR ","NONE ",2,EUR,1970-01-01 12:00:00,1970-01-01 12:00:00,2,3,0REF4FIW,N,N,N,MNEXT,N,BASEF,"LAST ",ACTUA,CG852
3+EEFX4B,"GTEE ","NONE ","NONE ","3    ","1/8  ","NEXT ",N,2,2020-08-05 11:13:44,2020-08-05 11:13:44,DJRHINPT,DJRHINPT,"PRO  ",RETRO,NEXTI,N,N,Y,2,N,0,0,0,0.01,0.01,N,"1/8  ","NEAR ","3    ","NEAR ","NONE ",2,,1970-01-01 12:00:00,1970-01-01 12:00:00,0,3,3+EEFX4S,N,N,N,MNEXT,N,BASEF,"LAST ","PRO  ",
3+EEFX4B,"BBSY ","NONE ","NONE ","3    ","1/8  ","NEXT ",N,0,2020-08-05 11:13:44,2020-08-05 11:13:44,DJRHINPT,DJRHINPT,ACTUA,RETRO,NEXTI,Y,N,Y,2,N,0,0,0,0.01,0.01,N,"1/8  ","NEAR ","3    ","NEAR ","NONE ",0,AUD,1970-01-01 12:00:00,1970-01-01 12:00:00,0,3,3+EEFX4U,N,N,N,MNEXT,N,BASEF,"LAST ",ACTUA,
3+EEFX4B,FIXED,"NONE ","NONE ","3    ","1/8  ","NEXT ",N,0,2020-08-05 11:13:44,2020-08-05 11:13:44,DJRHINPT,DJRHINPT,ACTUA,RETRO,NEXTI,N,Y,Y,2,N,0,0,0,0.01,0.01,N,"1/8  ","NEAR ","3    ","NEAR ","NONE ",0,,1970-01-01 12:00:00,1970-01-01 12:00:00,2,3,3+EEFX4W,N,N,N,MNEXT,N,BASEF,"LAST ",ACTUA,
3+EEFX4B,USDLI,"NONE ","NONE ","3    ","1/8  ","NEXT ",N,2,2020-08-05 11:13:44,2020-08-05 11:13:44,DJRHINPT,DJRHINPT,ACTUA,RETRO,NEXTI,Y,N,Y,2,N,0,0,0,0.01,0.01,N,"1/8  ","NEAR ","3    ","NEAR ","NONE ",2,USD,1970-01-01 12:00:00,1970-01-01 12:00:00,2,3,3+EEFX4Y,N,N,N,MNEXT,N,BASEF,"LAST ",ACTUA,
Z;EF7YLY,EURIB,"NEAR ","NEAR ","3    ","1/8  ",MNEXT,N,2,2020-08-20 15:33:45,2020-08-20 15:33:45,LIQUSR03,LIQUSR03,ACTUA,EFFEC,EFFEC,Y,N,N,10,N,0,0,0,0.01,0.01,N,"1/8  ","NEAR ","3    ","NEAR ","NONE ",2,EUR,1970-01-01 12:00:00,1970-01-01 12:00:00,2,3,Z;EF7YMF,N,N,N,MNEXT,N,BASEF,"LAST ",ACTUA,
Z;EF7YLY,EURLI,"NEAR ","NEAR ","3    ","1/8  ",MNEXT,N,2,2020-08-20 15:33:45,2020-08-20 15:33:45,LIQUSR03,LIQUSR03,ACTUA,EFFEC,EFFEC,Y,N,N,10,N,0,0,0,0.01,0.01,N,"1/8  ","NEAR ","3    ","NEAR ","NONE ",2,EUR,1970-01-01 12:00:00,1970-01-01 12:00:00,2,3,Z;EF7YMH,N,N,N,MNEXT,N,BASEF,"LAST ",ACTUA,
.FEF9QSQ,EURLI,"NEAR ","NEAR ","3    ","1/8  ",MNEXT,N,2,2020-08-21 14:39:47,2020-08-21 14:39:47,LIQUSR03,LIQUSR03,ACTUA,EFFEC,EFFEC,Y,N,N,10,N,0,0,0,0.01,0.01,N,"1/8  ","NEAR ","3    ","NEAR ","NONE ",2,EUR,1970-01-01 12:00:00,1970-01-01 12:00:00,2,3,.FEF9QTM,N,N,N,MNEXT,N,BASEF,"LAST ",ACTUA,CG852
YZEFEWH5,EURLI,"NONE ","NONE ","3    ","1/8  ",MNEXT,N,2,2020-08-24 10:02:28,2020-08-24 10:02:28,SMANZANO,SMANZANO,ACTUA,RETRO,NEXTI,Y,Y,N,10,N,0,0,0,0.01,0.01,N,"1/8  ","NEAR ","3    ","NEAR ","NONE ",2,EUR,1970-01-01 12:00:00,1970-01-01 12:00:00,2,3,YZEFEX1C,N,N,N,MNEXT,N,BASEF,"LAST ",ACTUA,CG852
Y5EFF54H,EURLI,"NONE ","NONE ","3    ","1/8  ",MNEXT,N,2,2020-08-24 12:27:12,2020-08-24 12:27:12,LIQUSR03,LIQUSR03,ACTUA,RETRO,NEXTI,Y,Y,N,10,N,0,0,0,0.01,0.01,N,"1/8  ","NEAR ","3    ","NEAR ","NONE ",2,EUR,1970-01-01 12:00:00,1970-01-01 12:00:00,2,3,Y5EFF553,N,N,N,MNEXT,N,BASEF,"LAST ",ACTUA,CG852
(7EFGUDN,EURLI,"NONE ","NONE ","3    ","1/8  ",MNEXT,N,2,2020-08-25 10:15:40,2020-08-25 10:15:40,CMARTILL,CMARTILL,ACTUA,RETRO,NEXTI,Y,Y,N,10,N,0,0,0,0.01,0.01,N,"1/8  ","NEAR ","3    ","NEAR ","NONE ",2,EUR,1970-01-01 12:00:00,1970-01-01 12:00:00,2,3,(7EFGUEF,N,N,N,MNEXT,N,BASEF,"LAST ",ACTUA,CG852
(7EFGXIA,EURLI,"NONE ","NONE ","3    ","1/8  ",MNEXT,N,2,2020-08-25 12:09:12,2020-08-25 12:09:12,CMARTILL,CMARTILL,ACTUA,RETRO,NEXTI,Y,Y,N,10,N,0,0,0,0.01,0.01,N,"1/8  ","NEAR ","3    ","NEAR ","NONE ",2,EUR,1970-01-01 12:00:00,1970-01-01 12:00:00,2,3,(7EFGXLL,N,N,N,MNEXT,N,BASEF,"LAST ",ACTUA,CG852
(7EFGXIA,FIXED,"NONE ","NONE ","3    ","1/8  ",MNEXT,N,0,2020-08-25 12:10:23,2020-08-25 12:10:23,CMARTILL,CMARTILL,ACTUA,RETRO,NEXTI,N,Y,N,10,N,0,0,0,0.01,0.01,N,"1/8  ","NEAR ","3    ","NEAR ","NONE ",0,EUR,1970-01-01 12:00:00,1970-01-01 12:00:00,2,3,(7EFGXNI,N,N,N,MNEXT,N,BASEF,"LAST ",ACTUA,CG852
@EEFGXO8,EURLI,"NONE ","NONE ","3    ","1/8  ",MNEXT,N,2,2020-08-25 12:34:57,2020-08-25 12:34:57,SMANZANO,SMANZANO,ACTUA,RETRO,NEXTI,Y,Y,N,10,N,0,0,0,0.01,0.01,N,"1/8  ","NEAR ","3    ","NEAR ","NONE ",2,EUR,1970-01-01 12:00:00,1970-01-01 12:00:00,2,3,@EEFGYRE,N,N,N,MNEXT,N,BASEF,"LAST ",ACTUA,CG852
@-EFH363,EURLI,"NONE ","NONE ","3    ","1/8  ",MNEXT,N,2,2020-08-25 14:07:49,2020-08-25 14:07:49,JAQUITAN,JAQUITAN,ACTUA,RETRO,NEXTI,Y,Y,N,10,N,0,0,0,0.01,0.01,N,"1/8  ","NONE ","3    ","NONE ","NONE ",2,EUR,1970-01-01 12:00:00,1970-01-01 12:00:00,2,3,@-EFH36T,N,N,N,MNEXT,N,BASEF,"LAST ",ACTUA,CG852
3MEFH2AH,EURLI,"NONE ","NONE ","3    ","1/8  ",MNEXT,N,2,2020-08-25 14:46:56,2020-08-25 14:46:56,LIQUSR03,LIQUSR03,ACTUA,RETRO,NEXTI,Y,Y,N,10,N,0,0,0,0.01,0.01,N,"1/8  ","NEAR ","3    ","NEAR ","NONE ",2,EUR,1970-01-01 12:00:00,1970-01-01 12:00:00,2,3,@+EFH6WL,N,N,N,MNEXT,N,BASEF,"LAST ",ACTUA,CG852
C6EFHAQ1,EURLI,"NONE ","NONE ","3    ","1/8  ",MNEXT,N,2,2020-08-25 16:18:09,2020-08-25 16:18:09,JAQUITAN,JAQUITAN,ACTUA,RETRO,NEXTI,Y,Y,N,10,N,0,0,0,0.01,0.01,N,"1/8  ","NONE ","3    ","NONE ","NONE ",2,EUR,1970-01-01 12:00:00,1970-01-01 12:00:00,2,3,C6EFHAR0,N,N,N,MNEXT,N,BASEF,"LAST ",ACTUA,CG852
S#EESVPY,EURLI,"NONE ","NONE ","3    ","1/8  ",MNEXT,N,2,2020-08-12 11:34:19,2020-08-12 11:34:19,CMARTILL,CMARTILL,ACTUA,RETRO,NEXTI,Y,Y,N,10,N,0,0,0,0.01,0.01,N,"1/8  ","NEAR ","3    ","NEAR ","NONE ",2,EUR,1970-01-01 12:00:00,1970-01-01 12:00:00,2,3,S#EESVQP,N,N,N,MNEXT,N,BASEF,"LAST ",ACTUA,CG852
S#EESVPY,FIXED,"NONE ","NONE ","3    ","1/8  ",MNEXT,N,0,2020-08-12 11:35:25,2020-08-12 11:35:25,CMARTILL,CMARTILL,ACTUA,RETRO,NEXTI,N,Y,N,10,N,0,0,0,0.01,0.01,N,"1/8  ","NEAR ","3    ","NEAR ","NONE ",0,EUR,1970-01-01 12:00:00,1970-01-01 12:00:00,2,3,S#EESVQU,N,N,N,MNEXT,N,BASEF,"LAST ",ACTUA,CG852
9ZEF82FK,EURLI,"NONE ","NONE ","3    ","1/8  ",MNEXT,N,2,2020-08-20 16:49:04,2020-08-20 16:49:04,JAQUITAN,JAQUITAN,ACTUA,RETRO,NEXTI,Y,Y,N,10,N,0,0,0,0.01,0.01,N,"1/8  ","NEAR ","3    ","NEAR ","NONE ",2,EUR,1970-01-01 12:00:00,1970-01-01 12:00:00,2,3,9ZEF82GA,N,N,N,MNEXT,N,BASEF,"LAST ",ACTUA,CG852
3ZEFFD20,EURLI,"NONE ","NONE ","3    ","1/8  ",MNEXT,N,2,2020-08-24 14:35:40,2020-08-24 14:35:40,JAQUITAN,JAQUITAN,ACTUA,RETRO,RETRO,Y,Y,N,10,N,0,0,0,0.01,0.01,N,"1/8  ","NEAR ","3    ","NEAR ","NONE ",2,EUR,1970-01-01 12:00:00,1970-01-01 12:00:00,2,3,3ZEFFD2Q,N,N,N,MNEXT,N,BASEF,"LAST ",ACTUA,CG852
3.EFFDYP,EURLI,"NONE ","NONE ","3    ","1/8  ",MNEXT,N,2,2020-08-24 15:00:38,2020-08-24 15:00:38,JAQUITAN,JAQUITAN,ACTUA,RETRO,RETRO,Y,Y,N,10,N,0,0,0,0.01,0.01,N,"1/8  ","NEAR ","3    ","NEAR ","NONE ",2,EUR,1970-01-01 12:00:00,1970-01-01 12:00:00,2,3,3.EFFDZF,N,N,N,MNEXT,N,BASEF,"LAST ",ACTUA,CG852
(7EFGUDN,FIXED,"NONE ","NONE ","3    ","1/8  ",MNEXT,N,0,2020-08-25 10:17:10,2020-08-25 10:17:10,CMARTILL,CMARTILL,ACTUA,RETRO,NEXTI,N,Y,N,10,N,0,0,0,0.01,0.01,N,"1/8  ","NEAR ","3    ","NEAR ","NONE ",0,EUR,1970-01-01 12:00:00,1970-01-01 12:00:00,2,3,(7EFGUEK,N,N,N,MNEXT,N,BASEF,"LAST ",ACTUA,CG852
C6EFHAQ1,FIXED,"NONE ","NONE ","3    ","1/8  ",MNEXT,N,0,2020-09-11 11:26:18,2020-09-11 11:26:18,JAQUITAN,JAQUITAN,ACTUA,RETRO,NEXTI,N,Y,N,10,N,0,0,0,0.01,0.01,N,"1/8  ","NONE ","3    ","NONE ","NONE ",0,EUR,1970-01-01 12:00:00,1970-01-01 12:00:00,2,3,O;EGCFAN,N,N,N,MNEXT,N,BASEF,"LAST ",ACTUA,CG852
"#!EFTROA",EURLI,"NONE ","NONE ","3    ","1/8  ",MNEXT,N,2,2020-09-01 09:33:55,2020-09-01 09:33:55,CMARTILL,CMARTILL,ACTUA,RETRO,NEXTI,Y,Y,N,10,N,0,0,0,0.01,0.01,N,"1/8  ","NEAR ","3    ","NEAR ","NONE ",2,EUR,1970-01-01 12:00:00,1970-01-01 12:00:00,2,3,"#!EFTRP3",N,N,N,MNEXT,N,BASEF,"LAST ",ACTUA,CG852
0!EFZBHV,"BBSW ","NONE ","NONE ","3    ","1/8  ",MNEXT,N,0,2020-09-04 09:30:57,2020-09-04 09:30:57,SUPDEL01,SUPDEL01,ACTUA,NEXTI,NEXTI,Y,Y,N,10,N,0,0,0,0.01,0.01,N,"1/8  ","NEAR ","3    ","NEAR ","NONE ",0,AUD,1970-01-01 12:00:00,1970-01-01 12:00:00,0,3,0!EFZBIC,N,N,N,MNEXT,N,BRSPF,"LAST ",ACTUA,
0REF4EYL,FIXED,"NONE ","NONE ","3    ","1/8  ",MNEXT,N,0,2020-08-26 15:22:50,2020-08-26 15:22:50,LIQUSR03,LIQUSR03,ACTUA,RETRO,NEXTI,N,Y,N,10,N,0,0,0,0.01,0.01,N,"1/8  ","NEAR ","3    ","NEAR ","NONE ",0,EUR,1970-01-01 12:00:00,1970-01-01 12:00:00,2,3,H+EFJ17H,N,N,N,MNEXT,N,BASEF,"LAST ",ACTUA,CG852
IREFMCO3,EURLI,"NONE ","NONE ","3    ","1/8  ",MNEXT,N,2,2020-08-28 10:56:49,2020-08-28 10:56:49,SMANZANO,SMANZANO,ACTUA,RETRO,NEXTI,Y,Y,N,10,N,0,0,0,0.01,0.01,N,"1/8  ","NEAR ","3    ","NEAR ","NONE ",2,EUR,1970-01-01 12:00:00,1970-01-01 12:00:00,2,3,I:EFMEGE,N,N,N,MNEXT,N,BASEF,"LAST ",ACTUA,CG852
IREFMCO3,FIXED,"NONE ","NONE ","3    ","1/8  ",MNEXT,N,0,2020-09-11 11:26:43,2020-09-11 11:26:43,SMANZANO,SMANZANO,ACTUA,RETRO,NEXTI,N,Y,N,10,N,0,0,0,0.01,0.01,N,"1/8  ","NEAR ","3    ","NEAR ","NONE ",0,EUR,1970-01-01 12:00:00,1970-01-01 12:00:00,2,3,OCEGCEI9,N,N,N,MNEXT,N,BASEF,"LAST ",ACTUA,CG852
O;EGCFBK,EURLI,"NONE ","NONE ","3    ","1/8  ",MNEXT,N,2,2020-09-11 11:30:21,2020-09-11 11:30:21,JAQUITAN,JAQUITAN,ACTUA,RETRO,NEXTI,Y,Y,N,10,N,0,0,0,0.01,0.01,N,"1/8  ","NONE ","3    ","NONE ","NONE ",2,EUR,1970-01-01 12:00:00,1970-01-01 12:00:00,2,3,O;EGCFC1,N,N,N,MNEXT,N,BASEF,"LAST ",ACTUA,
O;EGCFBK,FIXED,"NONE ","NONE ","3    ","1/8  ",MNEXT,N,0,2020-09-11 11:30:21,2020-09-11 11:30:21,JAQUITAN,JAQUITAN,ACTUA,RETRO,NEXTI,N,Y,N,10,N,0,0,0,0.01,0.01,N,"1/8  ","NONE ","3    ","NONE ","NONE ",0,EUR,1970-01-01 12:00:00,1970-01-01 12:00:00,2,3,O;EGCFC3,N,N,N,MNEXT,N,BASEF,"LAST ",ACTUA,
YZEFEWH5,HIBOR,"NONE ","NONE ","3    ","1/8  ",MNEXT,N,2,2020-09-17 08:48:17,2020-09-17 08:48:17,SMANZANO,SMANZANO,ACTUA,RETRO,NEXTI,Y,Y,N,10,N,0,0,0,0.01,0.01,N,"1/8  ","NEAR ","3    ","NEAR ","NONE ",2,HKD,1970-01-01 12:00:00,1970-01-01 12:00:00,2,3,L#EGNDHM,N,N,N,MNEXT,N,BASEF,"LAST ",ACTUA,CG852
YZEFEWH5,JPYLI,"NONE ","NONE ","3    ","1/8  ",MNEXT,N,2,2020-09-17 08:49:02,2020-09-17 08:49:02,SMANZANO,SMANZANO,ACTUA,RETRO,NEXTI,Y,Y,N,10,N,0,0,0,1,1,N,"1/8  ","NEAR ","3    ","NEAR ","NONE ",2,JPY,1970-01-01 12:00:00,1970-01-01 12:00:00,2,3,L#EGNDHR,N,N,N,MNEXT,N,BASEF,"LAST ",ACTUA,CG852
YZEFEWH5,USDLI,"NONE ","NONE ","3    ","1/8  ",MNEXT,N,2,2020-09-17 08:50:39,2020-09-17 08:50:39,SMANZANO,SMANZANO,ACTUA,RETRO,NEXTI,Y,Y,N,10,N,0,0,0,0.01,0.01,N,"1/8  ","NEAR ","3    ","NEAR ","NONE ",2,USD,1970-01-01 12:00:00,1970-01-01 12:00:00,2,3,L#EGNDHW,N,N,N,MNEXT,N,BASEF,"LAST ",ACTUA,CG852
YZEFEWH5,JIBOR,"NONE ","NONE ","3    ","1/8  ",MNEXT,N,2,2020-09-17 08:53:03,2020-09-17 08:53:03,SMANZANO,SMANZANO,ACTUA,RETRO,NEXTI,Y,Y,N,10,N,0,0,0,0.01,0.01,N,"1/8  ","NEAR ","3    ","NEAR ","NONE ",2,IDR,1970-01-01 12:00:00,1970-01-01 12:00:00,2,3,L#EGNDI1,N,N,N,MNEXT,N,BASEF,"LAST ",ACTUA,CG852
(7EFGXIA,JIBAR,"NONE ","NONE ","3    ","1/8  ",MNEXT,N,2,2020-09-17 11:09:04,2020-09-17 11:09:04,CMARTILL,CMARTILL,ACTUA,RETRO,NEXTI,Y,Y,N,10,N,0,0,0,0.01,0.01,N,"1/8  ","NEAR ","3    ","NEAR ","NONE ",2,ZAR,1970-01-01 12:00:00,1970-01-01 12:00:00,2,3,L*EGNGL3,N,N,N,MNEXT,N,BASEF,"LAST ",ACTUA,CG852
(7EFGXIA,SORSG,"NONE ","NONE ","3    ","1/8  ",MNEXT,N,2,2020-09-17 11:09:27,2020-09-17 11:09:27,CMARTILL,CMARTILL,ACTUA,RETRO,NEXTI,Y,Y,N,10,N,0,0,0,0.01,0.01,N,"1/8  ","NEAR ","3    ","NEAR ","NONE ",2,SGD,1970-01-01 12:00:00,1970-01-01 12:00:00,0,3,L*EGNGL8,N,N,N,MNEXT,N,BASEF,"LAST ",ACTUA,CG852
(7EFGXIA,NIBOR,"NONE ","NONE ","3    ","1/8  ",MNEXT,N,2,2020-09-17 12:26:17,2020-09-17 12:26:17,CMARTILL,CMARTILL,ACTUA,RETRO,NEXTI,Y,Y,N,10,N,0,0,0,0.01,0.01,N,"1/8  ","NEAR ","3    ","NEAR ","NONE ",2,NOK,1970-01-01 12:00:00,1970-01-01 12:00:00,2,3,L*EGNJLL,N,N,N,MNEXT,N,BASEF,"LAST ",ACTUA,CG852
(7EFGXIA,THBFI,"NONE ","NONE ","3    ","1/8  ",MNEXT,N,2,2020-09-17 10:39:42,2020-09-17 10:39:42,CMARTILL,CMARTILL,ACTUA,RETRO,NEXTI,Y,Y,N,10,N,0,0,0,0.01,0.01,N,"1/8  ","NEAR ","3    ","NEAR ","NONE ",2,THB,1970-01-01 12:00:00,1970-01-01 12:00:00,2,3,L*EGNGCD,N,N,N,MNEXT,N,BASEF,"LAST ",ACTUA,CG852
0REF4EYL,PRIBO,"NONE ","NONE ","3    ","1/8  ",MNEXT,N,2,2020-09-17 12:15:31,2020-09-17 12:15:31,LIQUSR04,LIQUSR04,ACTUA,RETRO,NEXTI,Y,N,N,10,N,0,0,0,0.01,0.01,N,"1/8  ","NEAR ","3    ","NEAR ","NONE ",2,CZK,1970-01-01 12:00:00,1970-01-01 12:00:00,2,3,GMEGNOEF,N,N,N,MNEXT,N,BASEF,"LAST ",ACTUA,CG852
9ZEF82FK,GBLIB,"NONE ","NONE ","3    ","1/8  ",MNEXT,N,2,2020-09-16 16:08:42,2020-09-16 16:08:42,JAQUITAN,JAQUITAN,ACTUA,RETRO,NEXTI,Y,Y,N,10,N,0,0,0,0.01,0.01,N,"1/8  ","NEAR ","3    ","NEAR ","NONE ",2,GBP,1970-01-01 12:00:00,1970-01-01 12:00:00,2,3,B=EGM07M,N,N,N,MNEXT,N,BASEF,"LAST ",ACTUA,CG852
S#EESVPY,CHFLI,"NONE ","NONE ","3    ","1/8  ",MNEXT,N,2,2020-09-16 17:23:06,2020-09-16 17:23:06,RPTSUP01,RPTSUP01,ACTUA,RETRO,NEXTI,Y,Y,N,10,N,0,0,0,0.01,0.01,N,"1/8  ","NEAR ","3    ","NEAR ","NONE ",2,CHF,1970-01-01 12:00:00,1970-01-01 12:00:00,2,3,:KEGM5QP,N,N,N,MNEXT,N,BASEF,"LAST ",ACTUA,CG852
S#EESVPY,THBFI,"NONE ","NONE ","3    ","1/8  ",MNEXT,N,2,2020-09-16 18:09:03,2020-09-16 18:09:03,CMARTILL,CMARTILL,ACTUA,RETRO,NEXTI,Y,Y,N,10,N,0,0,0,0.01,0.01,N,"1/8  ","NEAR ","3    ","NEAR ","NONE ",2,THB,1970-01-01 12:00:00,1970-01-01 12:00:00,2,3,B+EGM4MB,N,N,N,MNEXT,N,BASEF,"LAST ",ACTUA,CG852
S#EESVPY,"CDOR ","NONE ","NONE ","3    ","1/8  ",MNEXT,N,2,2020-09-16 18:10:37,2020-09-16 18:10:37,CMARTILL,CMARTILL,ACTUA,RETRO,NEXTI,Y,Y,N,10,N,0,0,0,0.01,0.01,N,"1/8  ","NEAR ","3    ","NEAR ","NONE ",2,CAD,1970-01-01 12:00:00,1970-01-01 12:00:00,2,3,B+EGM4U3,N,N,N,MNEXT,N,BASEF,"LAST ",ACTUA,CG852
S#EESVPY,CHIBO,"NONE ","NONE ","3    ","1/8  ",MNEXT,N,2,2020-09-16 18:12:12,2020-09-16 18:12:12,CMARTILL,CMARTILL,ACTUA,RETRO,NEXTI,Y,Y,N,10,N,0,0,0,0.01,0.01,N,"1/8  ","NEAR ","3    ","NEAR ","NONE ",2,CNH,1970-01-01 12:00:00,1970-01-01 12:00:00,2,3,B+EGM4XT,N,N,N,MNEXT,N,BASEF,"LAST ",ACTUA,CG852
(7EFGXIA,"CDOR ","NONE ","NONE ","3    ","1/8  ",MNEXT,N,2,2020-09-17 10:33:41,2020-09-17 10:33:41,CMARTILL,CMARTILL,ACTUA,RETRO,NEXTI,Y,Y,N,10,N,0,0,0,0.01,0.01,N,"1/8  ","NEAR ","3    ","NEAR ","NONE ",2,CAD,1970-01-01 12:00:00,1970-01-01 12:00:00,2,3,L*EGNGC3,N,N,N,MNEXT,N,BASEF,"LAST ",ACTUA,CG852
9ZEF82FK,"BKBM ","NONE ","NONE ","3    ","1/8  ",MNEXT,N,0,2020-09-17 10:39:54,2020-09-17 10:39:54,JAQUITAN,JAQUITAN,ACTUA,RETRO,NEXTI,Y,Y,N,10,N,0,0,0,0.01,0.01,N,"1/8  ","NEAR ","3    ","NEAR ","NONE ",0,NZD,1970-01-01 12:00:00,1970-01-01 12:00:00,0,3,V9EGNEU6,N,N,N,MNEXT,N,BASEF,"LAST ",ACTUA,CG852
9ZEF82FK,STIBO,"NONE ","NONE ","3    ","1/8  ",MNEXT,N,2,2020-09-17 10:41:55,2020-09-17 10:41:55,JAQUITAN,JAQUITAN,ACTUA,RETRO,NEXTI,Y,Y,N,10,N,0,0,0,0.01,0.01,N,"1/8  ","NEAR ","3    ","NEAR ","NONE ",2,SEK,1970-01-01 12:00:00,1970-01-01 12:00:00,2,3,V9EGNEUB,N,N,N,MNEXT,N,BASEF,"LAST ",ACTUA,CG852
(7EFGXIA,CHFLI,"NONE ","NONE ","3    ","1/8  ",MNEXT,N,2,2020-09-17 10:42:15,2020-09-17 10:42:15,CMARTILL,CMARTILL,ACTUA,RETRO,NEXTI,Y,Y,N,10,N,0,0,0,0.01,0.01,N,"1/8  ","NEAR ","3    ","NEAR ","NONE ",2,CHF,1970-01-01 12:00:00,1970-01-01 12:00:00,2,3,L*EGNGCI,N,N,N,MNEXT,N,BASEF,"LAST ",ACTUA,CG852
(7EFGXIA,CHIBO,"NONE ","NONE ","3    ","1/8  ",MNEXT,N,2,2020-09-17 10:42:41,2020-09-17 10:42:41,CMARTILL,CMARTILL,ACTUA,RETRO,NEXTI,Y,Y,N,10,N,0,0,0,0.01,0.01,N,"1/8  ","NEAR ","3    ","NEAR ","NONE ",2,CNH,1970-01-01 12:00:00,1970-01-01 12:00:00,2,3,L*EGNGCN,N,N,N,MNEXT,N,BASEF,"LAST ",ACTUA,CG852
0REF4EYL,CNYSH,"NONE ","NONE ","3    ","1/8  ",MNEXT,N,2,2020-09-17 12:09:36,2020-09-17 12:09:36,LIQUSR04,LIQUSR04,ACTUA,RETRO,NEXTI,Y,N,N,10,N,0,0,0,0.01,0.01,N,"1/8  ","NEAR ","3    ","NEAR ","NONE ",2,CNY,1970-01-01 12:00:00,1970-01-01 12:00:00,2,3,GMEGNOCO,N,N,N,MNEXT,N,BASEF,"LAST ",ACTUA,CG852
(7EFGXIA,GBLIB,"NONE ","NONE ","3    ","1/8  ",MNEXT,N,2,2020-09-17 12:25:35,2020-09-17 12:25:35,CMARTILL,CMARTILL,ACTUA,RETRO,NEXTI,Y,Y,N,10,N,0,0,0,0.01,0.01,N,"1/8  ","NEAR ","3    ","NEAR ","NONE ",2,GBP,1970-01-01 12:00:00,1970-01-01 12:00:00,2,3,L*EGNJKA,N,N,N,MNEXT,N,BASEF,"LAST ",ACTUA,CG852
;TEHGEQS,FIXED,"NONE ","NONE ","3    ","1/8  ","NEXT ",N,0,2020-10-03 01:01:48,2020-10-03 01:01:48,MIGGY_IN,MIGGY_IN,ACTUA,RETRO,NEXTI,N,N,Y,2,N,0,0,0,0.01,0.01,N,"1/8  ","NEAR ","3    ","NEAR ","NONE ",0,,1970-01-01 12:00:00,1970-01-01 12:00:00,2,3,;TEHGER9,N,N,N,MNEXT,N,BASEF,"LAST ",ACTUA,
IREFMCO3,GBLIB,"NONE ","NONE ","3    ","1/8  ",MNEXT,N,2,2020-10-06 13:32:11,2020-10-06 13:32:11,LIQUSR05,LIQUSR05,ACTUA,RETRO,NEXTI,Y,N,N,10,N,0,0,0,0.01,0.01,N,"1/8  ","NEAR ","3    ","NEAR ","NONE ",2,GBP,1970-01-01 12:00:00,1970-01-01 12:00:00,2,3,?EEHN4GO,N,N,N,MNEXT,N,BASEF,"LAST ",ACTUA,CG852
YZEFEWH5,FIXED,"NONE ","NONE ","3    ","1/8  ",MNEXT,N,0,2020-09-25 16:36:28,2020-09-25 16:36:28,SMANZANO,SMANZANO,ACTUA,RETRO,NEXTI,N,Y,N,10,N,0,0,0,0.01,0.01,N,"1/8  ","NEAR ","3    ","NEAR ","NONE ",0,EUR,1970-01-01 12:00:00,1970-01-01 12:00:00,2,3,X2EH2OGI,N,N,N,MNEXT,N,BASEF,"LAST ",ACTUA,CG852
IREFMCO3,NIBOR,"NONE ","NONE ","3    ","1/8  ",MNEXT,N,2,2020-09-28 13:24:46,2020-09-28 13:24:46,LIQUSR05,LIQUSR05,ACTUA,RETRO,NEXTI,Y,N,N,10,N,0,0,0,0.01,0.01,N,"1/8  ","NEAR ","3    ","NEAR ","NONE ",2,NOK,1970-01-01 12:00:00,1970-01-01 12:00:00,2,3,Q@EH854T,N,N,N,MNEXT,N,BASEF,"LAST ",ACTUA,CG852
QPEH81D3,EURLI,"NONE ","NONE ","3    ","1/8  ",MNEXT,N,2,2020-09-28 11:46:39,2020-09-28 11:46:39,LIQSVR05,LIQSVR05,ACTUA,RETRO,NEXTI,Y,Y,N,10,N,0,0,0,0.01,0.01,N,"1/8  ","NEAR ","3    ","NEAR ","NONE ",2,EUR,1970-01-01 12:00:00,1970-01-01 12:00:00,2,3,QPEH81DK,N,N,N,MNEXT,N,BASEF,"LAST ",ACTUA,
+OEH9ZC4,EURLI,"NONE ","NONE ","3    ","1/8  ",MNEXT,N,2,2020-09-29 14:20:02,2020-09-29 14:20:02,JAQUITAN,JAQUITAN,ACTUA,RETRO,NEXTI,Y,Y,N,10,N,0,0,0,0.01,0.01,N,"1/8  ","NEAR ","3    ","NEAR ","NONE ",2,EUR,1970-01-01 12:00:00,1970-01-01 12:00:00,2,3,+OEH9ZCG,N,N,N,MNEXT,N,BASEF,"LAST ",ACTUA,CG852
+OEH9ZC4,FIXED,"NONE ","NONE ","3    ","1/8  ",MNEXT,N,0,2020-09-29 14:20:02,2020-09-29 14:20:02,JAQUITAN,JAQUITAN,ACTUA,RETRO,NEXTI,N,Y,N,10,N,0,0,0,0.01,0.01,N,"1/8  ","NEAR ","3    ","NEAR ","NONE ",0,,1970-01-01 12:00:00,1970-01-01 12:00:00,2,3,+OEH9ZCL,N,N,N,MNEXT,N,BASEF,"LAST ",ACTUA,CG852
+OEH9ZC4,NIBOR,"NONE ","NONE ","3    ","1/8  ",MNEXT,N,2,2020-09-29 14:20:02,2020-09-29 14:20:02,JAQUITAN,JAQUITAN,ACTUA,RETRO,NEXTI,Y,N,N,10,N,0,0,0,0.01,0.01,N,"1/8  ","NEAR ","3    ","NEAR ","NONE ",2,NOK,1970-01-01 12:00:00,1970-01-01 12:00:00,2,3,+OEH9ZCQ,N,N,N,MNEXT,N,BASEF,"LAST ",ACTUA,CG852
T@EHY3MK,NIBOR,"NONE ","NONE ","3    ","1/8  ",MNEXT,N,2,2020-10-12 15:57:22,2020-10-12 15:57:22,CESSINP1,CESSINP1,ACTUA,RETRO,NEXTI,Y,N,Y,10,N,0,0,0,0.01,0.01,N,"1/8  ","NONE ","3    ","NONE ","NONE ",2,NOK,1970-01-01 12:00:00,1970-01-01 12:00:00,2,3,T@EHY3YY,N,N,N,MNEXT,N,BASEF,"LAST ",ACTUA,CG852
T@EHY3MK,USDLI,"NONE ","NONE ","3    ","1/8  ",MNEXT,N,2,2020-10-12 15:57:55,2020-10-12 15:57:55,CESSINP1,CESSINP1,ACTUA,RETRO,NEXTI,Y,N,Y,10,N,0,0,0,0.01,0.01,N,"1/8  ","NONE ","3    ","NONE ","NONE ",2,USD,1970-01-01 12:00:00,1970-01-01 12:00:00,2,3,T@EHY3ZV,N,N,N,MNEXT,N,BASEF,"LAST ",ACTUA,CG852
)YEHXS7X,EURLI,"NONE ","NONE ","3    ","1/8  ",MNEXT,N,2,2020-10-12 17:01:01,2020-10-12 17:01:01,CESSINP1,CESSINP1,ACTUA,RETRO,NEXTI,Y,Y,N,10,N,0,0,0,0.01,0.01,N,"1/8  ","NONE ","3    ","NONE ","NONE ",2,EUR,1970-01-01 12:00:00,1970-01-01 12:00:00,2,3,T*EHY703,N,N,N,MNEXT,N,BASEF,"LAST ",ACTUA,CG852
)YEHXS7X,NIBOR,"NONE ","NONE ","3    ","1/8  ",MNEXT,N,2,2020-10-12 17:01:37,2020-10-12 17:01:37,CESSINP1,CESSINP1,ACTUA,RETRO,NEXTI,Y,Y,N,10,N,0,0,0,0.01,0.01,N,"1/8  ","NONE ","3    ","NONE ","NONE ",2,NOK,1970-01-01 12:00:00,1970-01-01 12:00:00,2,3,T*EHY708,N,N,N,MNEXT,N,BASEF,"LAST ",ACTUA,CG852
)YEHXS7X,GBLIB,"NONE ","NONE ","3    ","1/8  ",MNEXT,N,2,2020-10-12 17:02:14,2020-10-12 17:02:14,CESSINP1,CESSINP1,ACTUA,RETRO,NEXTI,Y,Y,N,10,N,0,0,0,0.01,0.01,N,"1/8  ","NONE ","3    ","NONE ","NONE ",2,GBP,1970-01-01 12:00:00,1970-01-01 12:00:00,2,3,T*EHY70D,N,N,N,MNEXT,N,BASEF,"LAST ",ACTUA,CG852
)YEHXS7X,USDLI,"NONE ","NONE ","3    ","1/8  ",MNEXT,N,2,2020-10-12 17:02:39,2020-10-12 17:02:39,CESSINP1,CESSINP1,ACTUA,RETRO,NEXTI,Y,Y,N,10,N,0,0,0,0.01,0.01,N,"1/8  ","NONE ","3    ","NONE ","NONE ",2,USD,1970-01-01 12:00:00,1970-01-01 12:00:00,2,3,T*EHY70I,N,N,N,MNEXT,N,BASEF,"LAST ",ACTUA,CG852
@EEI01UV,EURLI,"NEAR ","NEAR ","3    ","1/8  ",MNEXT,N,2,2020-10-13 14:04:54,2020-10-13 14:04:54,LIQUSR05,LIQUSR05,ACTUA,RETRO,NEXTI,Y,Y,N,10,N,0,0,0,0.01,0.01,N,"1/8  ","NEAR ","3    ","NEAR ","NONE ",2,EUR,1970-01-01 12:00:00,1970-01-01 12:00:00,2,3,@EEI01V6,N,N,N,MNEXT,N,BASEF,"LAST ",ACTUA,CG852
"#!EFTROA",USDLI,"NONE ","NONE ","3    ","1/8  ",MNEXT,N,2,2020-10-13 15:01:56,2020-10-13 15:01:56,SMANZANO,SMANZANO,ACTUA,RETRO,NEXTI,Y,Y,N,10,N,0,0,0,0.01,0.01,N,"1/8  ","NEAR ","3    ","NEAR ","NONE ",2,USD,1970-01-01 12:00:00,1970-01-01 12:00:00,2,3,(LEHZW1G,N,N,N,MNEXT,N,BASEF,"LAST ",ACTUA,CG852
Q1EHP0PH,FIXED,"NONE ","NONE ","3    ","1/8  ","NEXT ",N,0,2020-10-07 18:09:07,2020-10-07 18:09:07,INPAMT01,INPAMT01,ACTUA,RETRO,NEXTI,N,N,Y,2,N,0,0,0,0.01,0.01,N,"1/8  ","NEAR ","3    ","NEAR ","NONE ",0,,1970-01-01 12:00:00,1970-01-01 12:00:00,2,3,Q1EHP0PY,N,N,N,MNEXT,N,BASEF,"LAST ",ACTUA,
AREHQR3F,FIXED,"NONE ","NONE ","3    ","1/8  ","NEXT ",N,0,2020-10-08 15:28:52,2020-10-08 15:28:52,ARFELI01,ARFELI01,ACTUA,RETRO,NEXTI,N,N,Y,2,N,0,0,0,0.01,0.01,N,"1/8  ","NEAR ","3    ","NEAR ","NONE ",0,,1970-01-01 12:00:00,1970-01-01 12:00:00,2,3,AREHQR5L,N,N,N,MNEXT,N,BASEF,"LAST ",ACTUA,CG852
4GEHSB63,FIXED,"NONE ","NONE ","3    ","1/8  ","NEXT ",N,0,2020-10-09 12:42:49,2020-10-09 12:42:49,ARFELI01,ARFELI01,ACTUA,RETRO,NEXTI,N,N,Y,2,N,0,0,0,0.01,0.01,N,"1/8  ","NEAR ","3    ","NEAR ","NONE ",0,,1970-01-01 12:00:00,1970-01-01 12:00:00,2,3,4GEHSB89,N,N,N,MNEXT,N,BASEF,"LAST ",ACTUA,CG852
U*EHSFJ2,EURLI,"NEAR ","NEAR ","3    ","1/8  ",MNEXT,N,2,2020-10-09 13:16:08,2020-10-09 13:16:08,LIQUSR03,LIQUSR03,ACTUA,EFFEC,EFFEC,Y,N,N,10,N,0,0,0,0.01,0.01,N,"1/8  ","NEAR ","3    ","NEAR ","NONE ",2,EUR,1970-01-01 12:00:00,1970-01-01 12:00:00,2,3,U*EHSFJJ,N,N,N,MNEXT,N,BASEF,"LAST ",ACTUA,
40EDZTD7,USDLI,"NONE ","NONE ","3    ","1/8  ",MNEXT,N,2,2020-10-13 22:09:32,2020-10-13 22:09:32,SMANZANO,SMANZANO,ACTUA,RETRO,NEXTI,Y,Y,N,10,N,0,0,0,0.01,0.01,N,"1/8  ","NONE ","3    ","NONE ","NONE ",2,USD,1970-01-01 12:00:00,1970-01-01 12:00:00,2,3,65EI0HTU,N,N,N,MNEXT,N,BASEF,"LAST ",ACTUA,CG852
40EDZTD7,NIBOR,"NONE ","NONE ","3    ","1/8  ",MNEXT,N,2,2020-10-13 22:10:14,2020-10-13 22:10:14,SMANZANO,SMANZANO,ACTUA,RETRO,NEXTI,Y,Y,N,10,N,0,0,0,0.01,0.01,N,"1/8  ","NONE ","3    ","NONE ","NONE ",2,NOK,1970-01-01 12:00:00,1970-01-01 12:00:00,2,3,65EI0HTZ,N,N,N,MNEXT,N,BASEF,"LAST ",ACTUA,CG852
@?EHZVDH,FIXED,"NONE ","NONE ","3    ","1/8  ","NEXT ",N,0,2020-10-13 13:25:19,2020-10-13 13:25:19,MIGGY_IN,MIGGY_IN,ACTUA,RETRO,NEXTI,N,N,Y,2,N,0,0,0,0.01,0.01,N,"1/8  ","NEAR ","3    ","NEAR ","NONE ",0,,1970-01-01 12:00:00,1970-01-01 12:00:00,2,3,@?EHZVDY,N,N,N,MNEXT,N,BASEF,"LAST ",ACTUA,
$QEI1OJW,"BAB  ","NEAR ","NEAR ","3    ","1/8  ",MNEXT,N,0,2020-10-14 13:03:53,2020-10-14 13:03:53,LIQUSR03,LIQUSR03,ACTUA,EFFEC,EFFEC,Y,N,N,10,N,0,0,0,0.01,0.01,N,"1/8  ","NONE ","3    ","NONE ","NONE ",0,AUD,1970-01-01 12:00:00,1970-01-01 12:00:00,0,3,$QEI1OLS,N,N,N,MNEXT,N,BASEF,"LAST ",ACTUA,CG852
$VEI1OYA,EURLI,"NONE ","NONE ","3    ","1/8  ",MNEXT,N,2,2020-10-14 13:27:29,2020-10-14 13:27:29,CESSINP1,CESSINP1,ACTUA,RETRO,NEXTI,Y,N,Y,10,N,0,0,0,0.01,0.01,N,"1/8  ","NONE ","3    ","NONE ","NONE ",2,EUR,1970-01-01 12:00:00,1970-01-01 12:00:00,2,3,$VEI1OZ9,N,N,N,MNEXT,N,BASEF,"LAST ",ACTUA,CG852
$VEI1OYA,GBLIB,"NONE ","NONE ","3    ","1/8  ",MNEXT,N,2,2020-10-14 13:28:04,2020-10-14 13:28:04,CESSINP1,CESSINP1,ACTUA,RETRO,NEXTI,Y,N,Y,10,N,0,0,0,0.01,0.01,N,"1/8  ","NONE ","3    ","NONE ","NONE ",2,GBP,1970-01-01 12:00:00,1970-01-01 12:00:00,2,3,$VEI1OZE,N,N,N,MNEXT,N,BASEF,"LAST ",ACTUA,CG852
$VEI1OYA,NIBOR,"NONE ","NONE ","3    ","1/8  ",MNEXT,N,2,2020-10-14 13:28:37,2020-10-14 13:28:37,CESSINP1,CESSINP1,ACTUA,RETRO,NEXTI,Y,N,Y,10,N,0,0,0,0.01,0.01,N,"1/8  ","NONE ","3    ","NONE ","NONE ",2,NOK,1970-01-01 12:00:00,1970-01-01 12:00:00,2,3,$VEI1OZJ,N,N,N,MNEXT,N,BASEF,"LAST ",ACTUA,CG852
$VEI1OYA,USDLI,"NONE ","NONE ","3    ","1/8  ",MNEXT,N,2,2020-10-14 13:29:10,2020-10-14 13:29:10,CESSINP1,CESSINP1,ACTUA,RETRO,NEXTI,Y,N,Y,10,N,0,0,0,0.01,0.01,N,"1/8  ","NONE ","3    ","NONE ","NONE ",2,USD,1970-01-01 12:00:00,1970-01-01 12:00:00,2,3,$VEI1OZO,N,N,N,MNEXT,N,BASEF,"LAST ",ACTUA,CG852
D3EI1MRL,NIBOR,"NONE ","NONE ","3    ","1/8  ",MNEXT,N,2,2020-10-14 13:37:15,2020-10-14 13:37:15,JAQUITAN,JAQUITAN,ACTUA,RETRO,NEXTI,Y,Y,N,10,N,0,0,0,0.01,0.01,N,"1/8  ","NONE ","3    ","NONE ","NONE ",2,NOK,1970-01-01 12:00:00,1970-01-01 12:00:00,2,3,D3EI1MRY,N,N,N,MNEXT,N,BASEF,"LAST ",ACTUA,CG852
S4EI1RHY,NIBOR,"NONE ","NONE ","3    ","1/8  ",MNEXT,N,2,2020-10-14 15:19:25,2020-10-14 15:19:25,JAQUITAN,JAQUITAN,ACTUA,RETRO,NEXTI,Y,Y,N,10,N,0,0,0,0.01,0.01,N,"1/8  ","NONE ","3    ","NONE ","NONE ",2,NOK,1970-01-01 12:00:00,1970-01-01 12:00:00,2,3,S4EI1RIF,N,N,N,MNEXT,N,BASEF,"LAST ",ACTUA,
SOEI1ZPV,"BBSW ","NONE ","NONE ","3    ","1/8  ",MNEXT,N,0,2020-10-14 15:25:19,2020-10-14 15:25:19,SMANZANO,SMANZANO,ACTUA,RETRO,NEXTI,N,Y,Y,10,N,0,0,0,0.01,0.01,N,"1/8  ","NONE ","3    ","NONE ","NONE ",0,AUD,1970-01-01 12:00:00,1970-01-01 12:00:00,0,3,SOEI1ZQC,N,N,N,MNEXT,N,BASEF,"LAST ",ACTUA,
SOEI1ZPV,"BBSY ","NONE ","NONE ","3    ","1/8  ",MNEXT,N,0,2020-10-14 15:25:19,2020-10-14 15:25:19,SMANZANO,SMANZANO,ACTUA,RETRO,NEXTI,Y,N,Y,10,N,0,0,0,0.01,0.01,N,"1/8  ","NONE ","3    ","NONE ","NONE ",0,AUD,1970-01-01 12:00:00,1970-01-01 12:00:00,0,3,SOEI1ZQE,N,N,N,MNEXT,N,BASEF,"LAST ",ACTUA,
SOEI1ZPV,NIBOR,"NONE ","NONE ","3    ","1/8  ",MNEXT,N,2,2020-10-14 15:25:19,2020-10-14 15:25:19,SMANZANO,SMANZANO,ACTUA,RETRO,NEXTI,Y,Y,N,10,N,0,0,0,0.01,0.01,N,"1/8  ","NONE ","3    ","NONE ","NONE ",2,NOK,1970-01-01 12:00:00,1970-01-01 12:00:00,2,3,SOEI1ZQG,N,N,N,MNEXT,N,BASEF,"LAST ",ACTUA,
SOEI1ZPV,USDLI,"NONE ","NONE ","3    ","1/8  ",MNEXT,N,2,2020-10-14 15:25:19,2020-10-14 15:25:19,SMANZANO,SMANZANO,ACTUA,RETRO,NEXTI,Y,Y,N,10,N,0,0,0,0.01,0.01,N,"1/8  ","NONE ","3    ","NONE ","NONE ",2,USD,1970-01-01 12:00:00,1970-01-01 12:00:00,2,3,SOEI1ZQI,N,N,N,MNEXT,N,BASEF,"LAST ",ACTUA,
"#XEHOQ6X",EURLI,"NEAR ","NEAR ","3    ","1/8  ",MNEXT,N,2,2020-10-07 11:22:02,2020-10-07 11:22:02,LIQSVR04,LIQSVR04,ACTUA,RETRO,NEXTI,Y,Y,N,10,N,0,0,0,0.01,0.01,N,"1/8  ","NEAR ","3    ","NEAR ","NONE ",2,EUR,1970-01-01 12:00:00,1970-01-01 12:00:00,2,3,"#XEHOQ79",N,N,N,MNEXT,N,BASEF,"LAST ",ACTUA,CG852
04EHQHQV,"CDOR ","NONE ","NONE ","3    ","1/8  ",MNEXT,N,2,2020-10-08 13:14:57,2020-10-08 13:14:57,CMARTILL,CMARTILL,ACTUA,RETRO,NEXTI,Y,Y,N,10,N,0,0,0,0.01,0.01,N,"1/8  ","NEAR ","3    ","NEAR ","NONE ",2,CAD,1970-01-01 12:00:00,1970-01-01 12:00:00,2,3,04EHQHRC,N,N,N,MNEXT,N,BASEF,"LAST ",ACTUA,
04EHQHQV,CHFLI,"NONE ","NONE ","3    ","1/8  ",MNEXT,N,2,2020-10-08 13:14:57,2020-10-08 13:14:57,CMARTILL,CMARTILL,ACTUA,RETRO,NEXTI,Y,Y,N,10,N,0,0,0,0.01,0.01,N,"1/8  ","NEAR ","3    ","NEAR ","NONE ",2,CHF,1970-01-01 12:00:00,1970-01-01 12:00:00,2,3,04EHQHRE,N,N,N,MNEXT,N,BASEF,"LAST ",ACTUA,
04EHQHQV,CHIBO,"NONE ","NONE ","3    ","1/8  ",MNEXT,N,2,2020-10-08 13:14:57,2020-10-08 13:14:57,CMARTILL,CMARTILL,ACTUA,RETRO,NEXTI,Y,Y,N,10,N,0,0,0,0.01,0.01,N,"1/8  ","NEAR ","3    ","NEAR ","NONE ",2,CNH,1970-01-01 12:00:00,1970-01-01 12:00:00,2,3,04EHQHRG,N,N,N,MNEXT,N,BASEF,"LAST ",ACTUA,
04EHQHQV,EURLI,"NONE ","NONE ","3    ","1/8  ",MNEXT,N,2,2020-10-08 13:14:57,2020-10-08 13:14:57,CMARTILL,CMARTILL,ACTUA,RETRO,NEXTI,Y,Y,N,10,N,0,0,0,0.01,0.01,N,"1/8  ","NEAR ","3    ","NEAR ","NONE ",2,EUR,1970-01-01 12:00:00,1970-01-01 12:00:00,2,3,04EHQHRI,N,N,N,MNEXT,N,BASEF,"LAST ",ACTUA,
04EHQHQV,FIXED,"NONE ","NONE ","3    ","1/8  ",MNEXT,N,0,2020-10-08 13:14:57,2020-10-08 13:14:57,CMARTILL,CMARTILL,ACTUA,RETRO,NEXTI,N,Y,N,10,N,0,0,0,0.01,0.01,N,"1/8  ","NEAR ","3    ","NEAR ","NONE ",0,EUR,1970-01-01 12:00:00,1970-01-01 12:00:00,2,3,04EHQHRK,N,N,N,MNEXT,N,BASEF,"LAST ",ACTUA,
04EHQHQV,THBFI,"NONE ","NONE ","3    ","1/8  ",MNEXT,N,2,2020-10-08 13:14:57,2020-10-08 13:14:57,CMARTILL,CMARTILL,ACTUA,RETRO,NEXTI,Y,Y,N,10,N,0,0,0,0.01,0.01,N,"1/8  ","NEAR ","3    ","NEAR ","NONE ",2,THB,1970-01-01 12:00:00,1970-01-01 12:00:00,2,3,04EHQHRM,N,N,N,MNEXT,N,BASEF,"LAST ",ACTUA,
+TEHQI9O,FIXED,"NONE ","NONE ","3    ","1/8  ","NEXT ",N,0,2020-10-08 13:19:30,2020-10-08 13:19:30,ARFELI01,ARFELI01,ACTUA,RETRO,NEXTI,N,N,Y,2,N,0,0,0,0.01,0.01,N,"1/8  ","NEAR ","3    ","NEAR ","NONE ",0,,1970-01-01 12:00:00,1970-01-01 12:00:00,2,3,+TEHQIBU,N,N,N,MNEXT,N,BASEF,"LAST ",ACTUA,CG852
+TEHQIIH,FIXED,"NONE ","NONE ","3    ","1/8  ","NEXT ",N,0,2020-10-08 13:35:54,2020-10-08 13:35:54,ARFELI01,ARFELI01,ACTUA,RETRO,NEXTI,N,N,Y,2,N,0,0,0,0.01,0.01,N,"1/8  ","NEAR ","3    ","NEAR ","NONE ",0,,1970-01-01 12:00:00,1970-01-01 12:00:00,2,3,+TEHQIPP,N,N,N,MNEXT,N,BASEF,"LAST ",ACTUA,CG852
42EHS9YE,EURLI,"NEAR ","NEAR ","3    ","1/8  ",MNEXT,N,2,2020-10-09 11:11:21,2020-10-09 11:11:21,LIQUSR03,LIQUSR03,ACTUA,EFFEC,EFFEC,Y,N,N,10,N,0,0,0,0.01,0.01,N,"1/8  ","NEAR ","3    ","NEAR ","NONE ",2,EUR,1970-01-01 12:00:00,1970-01-01 12:00:00,2,3,42EHSA1D,N,N,N,MNEXT,N,BASEF,"LAST ",ACTUA,CG852
4GEHSAYO,FIXED,"NONE ","NONE ","3    ","1/8  ","NEXT ",N,0,2020-10-09 11:33:32,2020-10-09 11:33:32,ARFELI01,ARFELI01,ACTUA,RETRO,NEXTI,N,N,Y,2,N,0,0,0,0.01,0.01,N,"1/8  ","NEAR ","3    ","NEAR ","NONE ",0,,1970-01-01 12:00:00,1970-01-01 12:00:00,2,3,4GEHSB0U,N,N,N,MNEXT,N,BASEF,"LAST ",ACTUA,CG852
4GEHSB15,FIXED,"NONE ","NONE ","3    ","1/8  ","NEXT ",N,0,2020-10-09 11:59:00,2020-10-09 11:59:00,ARFELI01,ARFELI01,ACTUA,RETRO,NEXTI,N,N,Y,2,N,0,0,0,0.01,0.01,N,"1/8  ","NEAR ","3    ","NEAR ","NONE ",0,,1970-01-01 12:00:00,1970-01-01 12:00:00,2,3,4GEHSB3B,N,N,N,MNEXT,N,BASEF,"LAST ",ACTUA,CG852
4GEHSB3M,FIXED,"NONE ","NONE ","3    ","1/8  ","NEXT ",N,0,2020-10-09 12:17:48,2020-10-09 12:17:48,ARFELI01,ARFELI01,ACTUA,RETRO,NEXTI,N,N,Y,2,N,0,0,0,0.01,0.01,N,"1/8  ","NEAR ","3    ","NEAR ","NONE ",0,,1970-01-01 12:00:00,1970-01-01 12:00:00,2,3,4GEHSB5S,N,N,N,MNEXT,N,BASEF,"LAST ",ACTUA,CG852
FYEHSEG7,FIXED,"NONE ","NONE ","3    ","1/8  ","NEXT ",N,0,2020-10-09 14:04:00,2020-10-09 14:04:00,ARFELI01,ARFELI01,ACTUA,RETRO,NEXTI,N,N,Y,2,N,0,0,0,0.01,0.01,N,"1/8  ","NEAR ","3    ","NEAR ","NONE ",0,,1970-01-01 12:00:00,1970-01-01 12:00:00,2,3,FYEHSEOB,N,N,N,MNEXT,N,BASEF,"LAST ",ACTUA,CG852
F$EHSHQV,FIXED,"NONE ","NONE ","3    ","1/8  ","NEXT ",N,0,2020-10-09 14:51:12,2020-10-09 14:51:12,ARFELI01,ARFELI01,ACTUA,RETRO,NEXTI,N,N,Y,2,N,0,0,0,0.01,0.01,N,"1/8  ","NEAR ","3    ","NEAR ","NONE ",0,,1970-01-01 12:00:00,1970-01-01 12:00:00,2,3,F$EHSHT1,N,N,N,MNEXT,N,BASEF,"LAST ",ACTUA,CG852
F*EHSKAE,FIXED,"NONE ","NONE ","3    ","1/8  ","NEXT ",N,0,2020-10-09 15:52:09,2020-10-09 15:52:09,ARFELI01,ARFELI01,ACTUA,RETRO,NEXTI,N,N,Y,2,N,0,0,0,0.01,0.01,N,"1/8  ","NEAR ","3    ","NEAR ","NONE ",0,,1970-01-01 12:00:00,1970-01-01 12:00:00,2,3,F*EHSKCK,N,N,N,MNEXT,N,BASEF,"LAST ",ACTUA,CG852
"#XEHOQ6X",GBLIB,"NONE ","NONE ","3    ","1/8  ",MNEXT,N,2,2020-10-07 11:25:59,2020-10-07 11:25:59,LIQSVR04,LIQSVR04,ACTUA,RETRO,NEXTI,Y,N,N,10,N,0,0,0,0.01,0.01,N,"1/8  ","NEAR ","3    ","NEAR ","NONE ",2,GBP,1970-01-01 12:00:00,1970-01-01 12:00:00,2,3,"#XEHOQDB",N,N,N,MNEXT,N,BASEF,"LAST ",ACTUA,CG852
AREHQR5W,FIXED,"NONE ","NONE ","3    ","1/8  ","NEXT ",N,0,2020-10-08 16:06:19,2020-10-08 16:06:19,ARFELI01,ARFELI01,ACTUA,RETRO,NEXTI,N,N,Y,2,N,0,0,0,0.01,0.01,N,"1/8  ","NEAR ","3    ","NEAR ","NONE ",0,,1970-01-01 12:00:00,1970-01-01 12:00:00,2,3,AREHQR82,N,N,N,MNEXT,N,BASEF,"LAST ",ACTUA,CG852
EIEHXY7V,EURLI,"NONE ","NONE ","3    ","1/8  ",MNEXT,N,2,2020-10-12 14:00:26,2020-10-12 14:00:26,CESSINP1,CESSINP1,ACTUA,RETRO,NEXTI,Y,N,Y,10,N,0,0,0,0.01,0.01,N,"1/8  ","NONE ","3    ","NONE ","NONE ",2,EUR,1970-01-01 12:00:00,1970-01-01 12:00:00,2,3,EIEHXYJF,N,N,N,MNEXT,N,BASEF,"LAST ",ACTUA,CG852
EIEHXY7V,GBLIB,"NONE ","NONE ","3    ","1/8  ",MNEXT,N,2,2020-10-12 14:01:02,2020-10-12 14:01:02,CESSINP1,CESSINP1,ACTUA,RETRO,NEXTI,Y,N,Y,10,N,0,0,0,0.01,0.01,N,"1/8  ","NONE ","3    ","NONE ","NONE ",2,GBP,1970-01-01 12:00:00,1970-01-01 12:00:00,2,3,EIEHXYL2,N,N,N,MNEXT,N,BASEF,"LAST ",ACTUA,CG852
EIEHXY7V,NIBOR,"NONE ","NONE ","3    ","1/8  ",MNEXT,N,2,2020-10-12 14:01:37,2020-10-12 14:01:37,CESSINP1,CESSINP1,ACTUA,RETRO,NEXTI,Y,N,Y,10,N,0,0,0,0.01,0.01,N,"1/8  ","NONE ","3    ","NONE ","NONE ",2,NOK,1970-01-01 12:00:00,1970-01-01 12:00:00,2,3,EIEHXYM1,N,N,N,MNEXT,N,BASEF,"LAST ",ACTUA,CG852
EIEHXY7V,USDLI,"NONE ","NONE ","3    ","1/8  ",MNEXT,N,2,2020-10-12 14:02:10,2020-10-12 14:02:10,CESSINP1,CESSINP1,ACTUA,RETRO,NEXTI,Y,N,Y,10,N,0,0,0,0.01,0.01,N,"1/8  ","NONE ","3    ","NONE ","NONE ",2,USD,1970-01-01 12:00:00,1970-01-01 12:00:00,2,3,EIEHXYMY,N,N,N,MNEXT,N,BASEF,"LAST ",ACTUA,CG852
E0EHXZOW,EURLI,"NONE ","NONE ","3    ","1/8  ",MNEXT,N,2,2020-10-12 14:32:15,2020-10-12 14:32:15,CESSINP1,CESSINP1,ACTUA,RETRO,NEXTI,Y,N,Y,10,N,0,0,0,0.01,0.01,N,"1/8  ","NONE ","3    ","NONE ","NONE ",2,EUR,1970-01-01 12:00:00,1970-01-01 12:00:00,2,3,E0EHY009,N,N,N,MNEXT,N,BASEF,"LAST ",ACTUA,CG852
E0EHXZOW,GBLIB,"NONE ","NONE ","3    ","1/8  ",MNEXT,N,2,2020-10-12 14:32:48,2020-10-12 14:32:48,CESSINP1,CESSINP1,ACTUA,RETRO,NEXTI,Y,N,Y,10,N,0,0,0,0.01,0.01,N,"1/8  ","NONE ","3    ","NONE ","NONE ",2,GBP,1970-01-01 12:00:00,1970-01-01 12:00:00,2,3,E0EHY021,N,N,N,MNEXT,N,BASEF,"LAST ",ACTUA,CG852
E0EHXZOW,NIBOR,"NONE ","NONE ","3    ","1/8  ",MNEXT,N,2,2020-10-12 14:33:23,2020-10-12 14:33:23,CESSINP1,CESSINP1,ACTUA,RETRO,NEXTI,Y,N,Y,10,N,0,0,0,0.01,0.01,N,"1/8  ","NONE ","3    ","NONE ","NONE ",2,NOK,1970-01-01 12:00:00,1970-01-01 12:00:00,2,3,E0EHY02Y,N,N,N,MNEXT,N,BASEF,"LAST ",ACTUA,CG852
E0EHXZOW,USDLI,"NONE ","NONE ","3    ","1/8  ",MNEXT,N,2,2020-10-12 14:33:57,2020-10-12 14:33:57,CESSINP1,CESSINP1,ACTUA,RETRO,NEXTI,Y,N,Y,10,N,0,0,0,0.01,0.01,N,"1/8  ","NONE ","3    ","NONE ","NONE ",2,USD,1970-01-01 12:00:00,1970-01-01 12:00:00,2,3,E0EHY03X,N,N,N,MNEXT,N,BASEF,"LAST ",ACTUA,CG852
.XEHY4LC,"BAB  ","NEAR ","NEAR ","3    ","1/8  ",MNEXT,N,0,2020-10-12 15:26:22,2020-10-12 15:26:22,LIQUSR03,LIQUSR03,ACTUA,EFFEC,EFFEC,Y,N,N,10,N,0,0,0,0.01,0.01,N,"1/8  ","NEAR ","3    ","NEAR ","NONE ",0,AUD,1970-01-01 12:00:00,1970-01-01 12:00:00,0,3,.XEHY4OB,N,N,N,MNEXT,N,BASEF,"LAST ",ACTUA,CG852
.XEHY4LC,EURLI,"NEAR ","NEAR ","3    ","1/8  ",MNEXT,N,2,2020-10-12 15:26:41,2020-10-12 15:26:41,LIQUSR03,LIQUSR03,ACTUA,EFFEC,EFFEC,Y,N,N,10,N,0,0,0,0.01,0.01,N,"1/8  ","NEAR ","3    ","NEAR ","NONE ",2,EUR,1970-01-01 12:00:00,1970-01-01 12:00:00,2,3,.XEHY4OH,N,N,N,MNEXT,N,BASEF,"LAST ",ACTUA,CG852
T@EHY3MK,EURLI,"NONE ","NONE ","3    ","1/8  ",MNEXT,N,2,2020-10-12 15:56:15,2020-10-12 15:56:15,CESSINP1,CESSINP1,ACTUA,RETRO,NEXTI,Y,N,Y,10,N,0,0,0,0.01,0.01,N,"1/8  ","NONE ","3    ","NONE ","NONE ",2,EUR,1970-01-01 12:00:00,1970-01-01 12:00:00,2,3,T@EHY3WG,N,N,N,MNEXT,N,BASEF,"LAST ",ACTUA,CG852
T@EHY3MK,GBLIB,"NONE ","NONE ","3    ","1/8  ",MNEXT,N,2,2020-10-12 15:56:49,2020-10-12 15:56:49,CESSINP1,CESSINP1,ACTUA,RETRO,NEXTI,Y,N,Y,10,N,0,0,0,0.01,0.01,N,"1/8  ","NONE ","3    ","NONE ","NONE ",2,GBP,1970-01-01 12:00:00,1970-01-01 12:00:00,2,3,T@EHY3Y1,N,N,N,MNEXT,N,BASEF,"LAST ",ACTUA,CG852
XGEI24BO,NIBOR,"NONE ","NONE ","3    ","1/8  ",MNEXT,N,2,2020-10-14 19:18:05,2020-10-14 19:18:05,CESSINP1,CESSINP1,ACTUA,RETRO,NEXTI,Y,N,Y,10,N,0,0,0,0.01,0.01,N,"1/8  ","NONE ","3    ","NONE ","NONE ",2,NOK,1970-01-01 12:00:00,1970-01-01 12:00:00,2,3,XGEI24CZ,N,N,N,MNEXT,N,BASEF,"LAST ",ACTUA,CG852
I1EI2752,NIBOR,"NONE ","NONE ","3    ","1/8  ",MNEXT,N,2,2020-10-14 20:01:47,2020-10-14 20:01:47,CESSINP1,CESSINP1,ACTUA,RETRO,NEXTI,Y,N,Y,10,N,0,0,0,0.01,0.01,N,"1/8  ","NONE ","3    ","NONE ","NONE ",2,NOK,1970-01-01 12:00:00,1970-01-01 12:00:00,2,3,I1EI276D,N,N,N,MNEXT,N,BASEF,"LAST ",ACTUA,CG852
I1EI2752,USDLI,"NONE ","NONE ","3    ","1/8  ",MNEXT,N,2,2020-10-14 20:02:19,2020-10-14 20:02:19,CESSINP1,CESSINP1,ACTUA,RETRO,NEXTI,Y,N,Y,10,N,0,0,0,0.01,0.01,N,"1/8  ","NONE ","3    ","NONE ","NONE ",2,USD,1970-01-01 12:00:00,1970-01-01 12:00:00,2,3,I1EI276I,N,N,N,MNEXT,N,BASEF,"LAST ",ACTUA,CG852
I1EI277T,GBLIB,"NONE ","NONE ","3    ","1/8  ",MNEXT,N,2,2020-10-14 20:32:35,2020-10-14 20:32:35,CESSINP1,CESSINP1,ACTUA,RETRO,NEXTI,Y,N,Y,10,N,0,0,0,0.01,0.01,N,"1/8  ","NONE ","3    ","NONE ","NONE ",2,GBP,1970-01-01 12:00:00,1970-01-01 12:00:00,2,3,I1EI278Z,N,N,N,MNEXT,N,BASEF,"LAST ",ACTUA,CG852
I1EI277T,NIBOR,"NONE ","NONE ","3    ","1/8  ",MNEXT,N,2,2020-10-14 20:33:07,2020-10-14 20:33:07,CESSINP1,CESSINP1,ACTUA,RETRO,NEXTI,Y,N,Y,10,N,0,0,0,0.01,0.01,N,"1/8  ","NONE ","3    ","NONE ","NONE ",2,NOK,1970-01-01 12:00:00,1970-01-01 12:00:00,2,3,I1EI2794,N,N,N,MNEXT,N,BASEF,"LAST ",ACTUA,CG852
"#+EI35Q6",NIBOR,"NONE ","NONE ","3    ","1/8  ",MNEXT,N,2,2020-10-15 08:34:44,2020-10-15 08:34:44,SMANZANO,SMANZANO,ACTUA,RETRO,NEXTI,Y,Y,N,10,N,0,0,0,0.01,0.01,N,"1/8  ","NONE ","3    ","NONE ","NONE ",2,NOK,1970-01-01 12:00:00,1970-01-01 12:00:00,2,3,"#+EI35QK",N,N,N,MNEXT,N,BASEF,"LAST ",ACTUA,CG852
"#+EI35Q6",USDLI,"NONE ","NONE ","3    ","1/8  ",MNEXT,N,2,2020-10-15 08:34:44,2020-10-15 08:34:44,SMANZANO,SMANZANO,ACTUA,RETRO,NEXTI,Y,Y,N,10,N,0,0,0,0.01,0.01,N,"1/8  ","NONE ","3    ","NONE ","NONE ",2,USD,1970-01-01 12:00:00,1970-01-01 12:00:00,2,3,"#+EI35QP",N,N,N,MNEXT,N,BASEF,"LAST ",ACTUA,CG852
:YEI3DT4,EURLI,"NONE ","NONE ","3    ","1/8  ",MNEXT,N,2,2020-10-15 11:39:46,2020-10-15 11:39:46,CESSINP1,CESSINP1,ACTUA,RETRO,NEXTI,Y,N,Y,10,N,0,0,0,0.01,0.01,N,"1/8  ","NONE ","3    ","NONE ","NONE ",2,EUR,1970-01-01 12:00:00,1970-01-01 12:00:00,2,3,:YEI3DU5,N,N,N,MNEXT,N,BASEF,"LAST ",ACTUA,CG852
:YEI3DT4,GBLIB,"NONE ","NONE ","3    ","1/8  ",MNEXT,N,2,2020-10-15 11:40:32,2020-10-15 11:40:32,CESSINP1,CESSINP1,ACTUA,RETRO,NEXTI,Y,N,Y,10,N,0,0,0,0.01,0.01,N,"1/8  ","NONE ","3    ","NONE ","NONE ",2,GBP,1970-01-01 12:00:00,1970-01-01 12:00:00,2,3,:YEI3DUA,N,N,N,MNEXT,N,BASEF,"LAST ",ACTUA,CG852
:YEI3DT4,NIBOR,"NONE ","NONE ","3    ","1/8  ",MNEXT,N,2,2020-10-15 11:41:15,2020-10-15 11:41:15,CESSINP1,CESSINP1,ACTUA,RETRO,NEXTI,Y,N,Y,10,N,0,0,0,0.01,0.01,N,"1/8  ","NONE ","3    ","NONE ","NONE ",2,NOK,1970-01-01 12:00:00,1970-01-01 12:00:00,2,3,:YEI3DUF,N,N,N,MNEXT,N,BASEF,"LAST ",ACTUA,CG852
:YEI3DT4,USDLI,"NONE ","NONE ","3    ","1/8  ",MNEXT,N,2,2020-10-15 11:42:01,2020-10-15 11:42:01,CESSINP1,CESSINP1,ACTUA,RETRO,NEXTI,Y,N,Y,10,N,0,0,0,0.01,0.01,N,"1/8  ","NONE ","3    ","NONE ","NONE ",2,USD,1970-01-01 12:00:00,1970-01-01 12:00:00,2,3,:YEI3DUK,N,N,N,MNEXT,N,BASEF,"LAST ",ACTUA,CG852
:6EI3GEF,"BAB  ","NONE ","NONE ","3    ","1/8  ",MNEXT,N,0,2020-10-15 11:59:06,2020-10-15 11:59:06,LIQUSR03,LIQUSR03,ACTUA,RETRO,NEXTI,Y,N,N,10,N,0,0,0,0.01,0.01,N,"1/8  ","NONE ","3    ","NONE ","NONE ",2,AUD,1970-01-01 12:00:00,1970-01-01 12:00:00,2,3,:6EI3GF5,N,N,N,MNEXT,N,BASEF,"LAST ",ACTUA,CG852
XGEI24BO,GBLIB,"NONE ","NONE ","3    ","1/8  ",MNEXT,N,2,2020-10-14 19:17:25,2020-10-14 19:17:25,CESSINP1,CESSINP1,ACTUA,RETRO,NEXTI,Y,N,Y,10,N,0,0,0,0.01,0.01,N,"1/8  ","NONE ","3    ","NONE ","NONE ",2,GBP,1970-01-01 12:00:00,1970-01-01 12:00:00,2,3,XGEI24CU,N,N,N,MNEXT,N,BASEF,"LAST ",ACTUA,CG852
XGEI24BO,USDLI,"NONE ","NONE ","3    ","1/8  ",MNEXT,N,2,2020-10-14 19:18:41,2020-10-14 19:18:41,CESSINP1,CESSINP1,ACTUA,RETRO,NEXTI,Y,N,Y,10,N,0,0,0,0.01,0.01,N,"1/8  ","NONE ","3    ","NONE ","NONE ",2,USD,1970-01-01 12:00:00,1970-01-01 12:00:00,2,3,XGEI24D4,N,N,N,MNEXT,N,BASEF,"LAST ",ACTUA,CG852
I1EI2752,EURLI,"NONE ","NONE ","3    ","1/8  ",MNEXT,N,2,2020-10-14 20:00:42,2020-10-14 20:00:42,CESSINP1,CESSINP1,ACTUA,RETRO,NEXTI,Y,N,Y,10,N,0,0,0,0.01,0.01,N,"1/8  ","NONE ","3    ","NONE ","NONE ",2,EUR,1970-01-01 12:00:00,1970-01-01 12:00:00,2,3,I1EI2763,N,N,N,MNEXT,N,BASEF,"LAST ",ACTUA,CG852
I1EI2752,GBLIB,"NONE ","NONE ","3    ","1/8  ",MNEXT,N,2,2020-10-14 20:01:14,2020-10-14 20:01:14,CESSINP1,CESSINP1,ACTUA,RETRO,NEXTI,Y,N,Y,10,N,0,0,0,0.01,0.01,N,"1/8  ","NONE ","3    ","NONE ","NONE ",2,GBP,1970-01-01 12:00:00,1970-01-01 12:00:00,2,3,I1EI2768,N,N,N,MNEXT,N,BASEF,"LAST ",ACTUA,CG852
I1EI277T,USDLI,"NONE ","NONE ","3    ","1/8  ",MNEXT,N,2,2020-10-14 20:33:41,2020-10-14 20:33:41,CESSINP1,CESSINP1,ACTUA,RETRO,NEXTI,Y,N,Y,10,N,0,0,0,0.01,0.01,N,"1/8  ","NONE ","3    ","NONE ","NONE ",2,USD,1970-01-01 12:00:00,1970-01-01 12:00:00,2,3,I1EI2799,N,N,N,MNEXT,N,BASEF,"LAST ",ACTUA,CG852
:YEI3DWN,NIBOR,"NONE ","NONE ","3    ","1/8  ",MNEXT,N,2,2020-10-15 12:20:28,2020-10-15 12:20:28,CESSINP1,CESSINP1,ACTUA,RETRO,NEXTI,Y,N,Y,10,N,0,0,0,0.01,0.01,N,"1/8  ","NONE ","3    ","NONE ","NONE ",2,NOK,1970-01-01 12:00:00,1970-01-01 12:00:00,2,3,:YEI3DXY,N,N,N,MNEXT,N,BASEF,"LAST ",ACTUA,CG852
:YEI3F1E,EURLI,"NONE ","NONE ","3    ","1/8  ",MNEXT,N,2,2020-10-15 12:53:20,2020-10-15 12:53:20,CESSINP1,CESSINP1,ACTUA,RETRO,NEXTI,Y,N,Y,10,N,0,0,0,0.01,0.01,N,"1/8  ","NONE ","3    ","NONE ","NONE ",2,EUR,1970-01-01 12:00:00,1970-01-01 12:00:00,2,3,:YEI3FFH,N,N,N,MNEXT,N,BASEF,"LAST ",ACTUA,CG852
:YEI3F1E,GBLIB,"NONE ","NONE ","3    ","1/8  ",MNEXT,N,2,2020-10-15 12:53:52,2020-10-15 12:53:52,CESSINP1,CESSINP1,ACTUA,RETRO,NEXTI,Y,N,Y,10,N,0,0,0,0.01,0.01,N,"1/8  ","NONE ","3    ","NONE ","NONE ",2,GBP,1970-01-01 12:00:00,1970-01-01 12:00:00,2,3,:YEI3FGC,N,N,N,MNEXT,N,BASEF,"LAST ",ACTUA,CG852
:YEI3F1E,USDLI,"NONE ","NONE ","3    ","1/8  ",MNEXT,N,2,2020-10-15 12:54:58,2020-10-15 12:54:58,CESSINP1,CESSINP1,ACTUA,RETRO,NEXTI,Y,N,Y,10,N,0,0,0,0.01,0.01,N,"1/8  ","NONE ","3    ","NONE ","NONE ",2,USD,1970-01-01 12:00:00,1970-01-01 12:00:00,2,3,:YEI3FI5,N,N,N,MNEXT,N,BASEF,"LAST ",ACTUA,CG852
:YEI3LNB,NIBOR,"NONE ","NONE ","3    ","1/8  ",MNEXT,N,2,2020-10-15 15:17:13,2020-10-15 15:17:13,CESSINP1,CESSINP1,ACTUA,RETRO,NEXTI,Y,N,Y,10,N,0,0,0,0.01,0.01,N,"1/8  ","NONE ","3    ","NONE ","NONE ",2,NOK,1970-01-01 12:00:00,1970-01-01 12:00:00,2,3,:YEI3M38,N,N,N,MNEXT,N,BASEF,"LAST ",ACTUA,CG852
*4EI53P2,FIXED,"NONE ","NONE ","3    ","1/8  ","NEXT ",N,0,2020-10-16 09:25:14,2020-10-16 09:25:14,ARFELI01,ARFELI01,ACTUA,RETRO,NEXTI,N,N,Y,2,N,0,0,0,0.01,0.01,N,"1/8  ","NEAR ","3    ","NEAR ","NONE ",0,,1970-01-01 12:00:00,1970-01-01 12:00:00,2,3,*4EI53R2,N,N,N,MNEXT,N,BASEF,"LAST ",ACTUA,CG852
"!OEI5XYB",EURLI,"NONE ","NONE ","3    ","1/8  ",MNEXT,N,2,2020-10-16 20:16:23,2020-10-16 20:16:23,DELINP01,DELINP01,ACTUA,NEXTR,NEXTI,Y,Y,Y,10,N,0,0,0,0.01,0.01,N,"1/8  ","NEAR ","3    ","NEAR ","NONE ",2,EUR,1970-01-01 12:00:00,1970-01-01 12:00:00,2,2,"!OEI5Y07",N,N,N,MNEXT,N,BASEF,"LAST ",ACTUA,CG852
D3EI1MRL,USDLI,"NONE ","NONE ","3    ","1/8  ",MNEXT,N,2,2020-10-14 18:27:47,2020-10-14 18:27:47,SMANZANO,SMANZANO,ACTUA,RETRO,NEXTI,Y,Y,N,10,N,0,0,0,0.01,0.01,N,"1/8  ","NONE ","3    ","NONE ","NONE ",2,USD,1970-01-01 12:00:00,1970-01-01 12:00:00,2,3,X-EI208O,N,N,N,MNEXT,N,BASEF,"LAST ",ACTUA,CG852
XGEI24BO,EURLI,"NONE ","NONE ","3    ","1/8  ",MNEXT,N,2,2020-10-14 19:16:49,2020-10-14 19:16:49,CESSINP1,CESSINP1,ACTUA,RETRO,NEXTI,Y,N,Y,10,N,0,0,0,0.01,0.01,N,"1/8  ","NONE ","3    ","NONE ","NONE ",2,EUR,1970-01-01 12:00:00,1970-01-01 12:00:00,2,3,XGEI24CP,N,N,N,MNEXT,N,BASEF,"LAST ",ACTUA,CG852
O#EIBD80,EURLI,"NONE ","NONE ","3    ","1/8  ",MNEXT,N,2,2020-10-19 18:54:26,2020-10-19 18:54:26,CESSINP1,CESSINP1,ACTUA,RETRO,NEXTI,Y,N,Y,10,N,0,0,0,0.01,0.01,N,"1/8  ","NONE ","3    ","NONE ","NONE ",2,EUR,1970-01-01 12:00:00,1970-01-01 12:00:00,2,3,O#EIBD91,N,N,N,MNEXT,N,BASEF,"LAST ",ACTUA,CG852
O#EIBD80,NIBOR,"NONE ","NONE ","3    ","1/8  ",MNEXT,N,2,2020-10-19 18:55:29,2020-10-19 18:55:29,CESSINP1,CESSINP1,ACTUA,RETRO,NEXTI,Y,N,Y,10,N,0,0,0,0.01,0.01,N,"1/8  ","NONE ","3    ","NONE ","NONE ",2,NOK,1970-01-01 12:00:00,1970-01-01 12:00:00,2,3,O#EIBD9B,N,N,N,MNEXT,N,BASEF,"LAST ",ACTUA,CG852
RMEIDP8S,FIXED,"NONE ","NONE ","3    ","1/8  ","NEXT ",N,0,2020-10-21 01:16:44,2020-10-21 01:16:44,MGRAMT01,MGRAMT01,ACTUA,RETRO,NEXTI,N,N,Y,2,N,0,0,0,0.01,0.01,N,"1/8  ","NEAR ","3    ","NEAR ","NONE ",0,,1970-01-01 12:00:00,1970-01-01 12:00:00,2,3,RMEIDP99,N,N,N,MNEXT,N,BASEF,"LAST ",ACTUA,
)UEIAL9R,EURLI,"NONE ","NONE ","3    ","1/8  ",MNEXT,N,2,2020-10-19 08:46:03,2020-10-19 08:46:03,INPDEL01,INPDEL01,ACTUA,NEXTR,NEXTI,Y,Y,Y,10,N,0,0,0,0.01,0.01,N,"1/8  ","NEAR ","3    ","NEAR ","NONE ",2,EUR,1970-01-01 12:00:00,1970-01-01 12:00:00,2,2,)UEIALBO,N,N,N,MNEXT,N,BASEF,"LAST ",ACTUA,CG852
)9EIAMDP,EURLI,"NONE ","NONE ","3    ","1/8  ",MNEXT,N,2,2020-10-19 09:07:16,2020-10-19 09:07:16,DELINP01,DELINP01,ACTUA,NEXTR,NEXTI,Y,Y,Y,10,N,0,0,0,0.01,0.01,N,"1/8  ","NEAR ","3    ","NEAR ","NONE ",2,EUR,1970-01-01 12:00:00,1970-01-01 12:00:00,2,2,)9EIAMFL,N,N,N,MNEXT,N,BASEF,"LAST ",ACTUA,CG852
)=EIATZI,FIXED,"NONE ","NONE ","3    ","1/8  ","NEXT ",N,0,2020-10-19 12:28:32,2020-10-19 12:28:32,ARFELI01,ARFELI01,ACTUA,RETRO,NEXTI,N,N,Y,2,N,0,0,0,0.01,0.01,N,"1/8  ","NEAR ","3    ","NEAR ","NONE ",0,,1970-01-01 12:00:00,1970-01-01 12:00:00,2,3,)=EIAU1I,N,N,N,MNEXT,N,BASEF,"LAST ",ACTUA,CG852
TGEIB6KY,FIXED,"NONE ","NONE ","3    ","1/8  ","NEXT ",N,0,2020-10-19 16:17:27,2020-10-19 16:17:27,INPAMT01,INPAMT01,ACTUA,RETRO,NEXTI,N,N,Y,2,N,0,0,0,0.01,0.01,N,"1/8  ","NEAR ","3    ","NEAR ","NONE ",0,,1970-01-01 12:00:00,1970-01-01 12:00:00,2,3,TGEIB6LF,N,N,N,MNEXT,N,BASEF,"LAST ",ACTUA,
O#EIBD80,GBLIB,"NONE ","NONE ","3    ","1/8  ",MNEXT,N,2,2020-10-19 18:54:58,2020-10-19 18:54:58,CESSINP1,CESSINP1,ACTUA,RETRO,NEXTI,Y,N,Y,10,N,0,0,0,0.01,0.01,N,"1/8  ","NONE ","3    ","NONE ","NONE ",2,GBP,1970-01-01 12:00:00,1970-01-01 12:00:00,2,3,O#EIBD96,N,N,N,MNEXT,N,BASEF,"LAST ",ACTUA,CG852
O#EIBD80,USDLI,"NONE ","NONE ","3    ","1/8  ",MNEXT,N,2,2020-10-19 18:55:59,2020-10-19 18:55:59,CESSINP1,CESSINP1,ACTUA,RETRO,NEXTI,Y,N,Y,10,N,0,0,0,0.01,0.01,N,"1/8  ","NONE ","3    ","NONE ","NONE ",2,USD,1970-01-01 12:00:00,1970-01-01 12:00:00,2,3,O#EIBD9G,N,N,N,MNEXT,N,BASEF,"LAST ",ACTUA,CG852
)XEIRVS4,"BBSW ","NONE ","NONE ","3    ","1/8  ","NEXT ",N,0,2020-10-28 17:51:59,2020-10-28 17:51:59,"TESTINP ","TESTINP ",ACTUA,RETRO,NEXTI,N,N,N,2,N,0,0,0,0.01,0.01,N,"1/8  ","NEAR ","3    ","NEAR ","NONE ",0,AUD,1970-01-01 12:00:00,1970-01-01 12:00:00,0,3,EXEIRZ17,N,N,N,MNEXT,N,BASEF,"LAST ",ACTUA,CG852
)XEIRVS4,"BBSY ","NONE ","NONE ","3    ","1/8  ","NEXT ",N,0,2020-10-28 17:52:40,2020-10-28 17:52:40,"TESTINP ","TESTINP ",ACTUA,RETRO,NEXTI,N,N,N,2,N,0,0,0,0.01,0.01,N,"1/8  ","NEAR ","3    ","NEAR ","NONE ",0,AUD,1970-01-01 12:00:00,1970-01-01 12:00:00,0,3,EXEIRZ1C,N,N,N,MNEXT,N,BASEF,"LAST ",ACTUA,CG852
)XEIRVS4,"GTEE ","NONE ","NONE ","3    ","1/8  ","NEXT ",N,2,2020-10-28 17:53:26,2020-10-28 17:53:26,"TESTINP ","TESTINP ","PRO  ",RETRO,NEXTI,N,N,N,2,N,0,0,0,0.01,0.01,N,"1/8  ","NEAR ","3    ","NEAR ","NONE ",2,,1970-01-01 12:00:00,1970-01-01 12:00:00,0,3,EXEIRZ1H,N,N,N,MNEXT,N,BASEF,"LAST ","PRO  ",CG852
)XEIRVS4,USDLI,"NONE ","NONE ","3    ","1/8  ","NEXT ",N,2,2020-10-28 17:54:07,2020-10-28 17:54:07,"TESTINP ","TESTINP ",ACTUA,RETRO,NEXTI,N,N,N,2,N,0,0,0,0.01,0.01,N,"1/8  ","NEAR ","3    ","NEAR ","NONE ",2,USD,1970-01-01 12:00:00,1970-01-01 12:00:00,2,3,EXEIRZ1M,N,N,N,MNEXT,N,BASEF,"LAST ",ACTUA,CG852
)XEIRVS4,FIXED,"NONE ","NONE ","3    ","1/8  ","NEXT ",N,0,2020-10-28 17:54:54,2020-10-28 17:54:54,"TESTINP ","TESTINP ",ACTUA,RETRO,NEXTI,N,N,N,2,N,0,0,0,0.01,0.01,N,"1/8  ","NEAR ","3    ","NEAR ","NONE ",0,,1970-01-01 12:00:00,1970-01-01 12:00:00,2,3,EXEIRZ1R,N,N,N,MNEXT,N,BASEF,"LAST ",ACTUA,CG852
I1EI277T,EURLI,"NONE ","NONE ","3    ","1/8  ",MNEXT,N,2,2020-10-14 20:32:00,2020-10-14 20:32:00,CESSINP1,CESSINP1,ACTUA,RETRO,NEXTI,Y,N,Y,10,N,0,0,0,0.01,0.01,N,"1/8  ","NONE ","3    ","NONE ","NONE ",2,EUR,1970-01-01 12:00:00,1970-01-01 12:00:00,2,3,I1EI278U,N,N,N,MNEXT,N,BASEF,"LAST ",ACTUA,CG852
D3EI1MRL,"BAB  ","NONE ","NONE ","3    ","1/8  ",MNEXT,N,0,2020-10-15 10:51:02,2020-10-15 10:51:02,LIQUSR03,LIQUSR03,ACTUA,RETRO,NEXTI,Y,Y,N,10,N,0,0,0,0.01,0.01,N,"1/8  ","NONE ","3    ","NONE ","NONE ",2,AUD,1970-01-01 12:00:00,1970-01-01 12:00:00,2,3,:.EI39UW,N,N,N,MNEXT,N,BASEF,"LAST ",ACTUA,CG852
:YEI3DWN,EURLI,"NONE ","NONE ","3    ","1/8  ",MNEXT,N,2,2020-10-15 12:19:22,2020-10-15 12:19:22,CESSINP1,CESSINP1,ACTUA,RETRO,NEXTI,Y,N,Y,10,N,0,0,0,0.01,0.01,N,"1/8  ","NONE ","3    ","NONE ","NONE ",2,EUR,1970-01-01 12:00:00,1970-01-01 12:00:00,2,3,:YEI3DXO,N,N,N,MNEXT,N,BASEF,"LAST ",ACTUA,CG852
:YEI3DWN,GBLIB,"NONE ","NONE ","3    ","1/8  ",MNEXT,N,2,2020-10-15 12:19:55,2020-10-15 12:19:55,CESSINP1,CESSINP1,ACTUA,RETRO,NEXTI,Y,N,Y,10,N,0,0,0,0.01,0.01,N,"1/8  ","NONE ","3    ","NONE ","NONE ",2,GBP,1970-01-01 12:00:00,1970-01-01 12:00:00,2,3,:YEI3DXT,N,N,N,MNEXT,N,BASEF,"LAST ",ACTUA,CG852
:YEI3DWN,USDLI,"NONE ","NONE ","3    ","1/8  ",MNEXT,N,2,2020-10-15 12:21:00,2020-10-15 12:21:00,CESSINP1,CESSINP1,ACTUA,RETRO,NEXTI,Y,N,Y,10,N,0,0,0,0.01,0.01,N,"1/8  ","NONE ","3    ","NONE ","NONE ",2,USD,1970-01-01 12:00:00,1970-01-01 12:00:00,2,3,:YEI3DY3,N,N,N,MNEXT,N,BASEF,"LAST ",ACTUA,CG852
:YEI3F1E,NIBOR,"NONE ","NONE ","3    ","1/8  ",MNEXT,N,2,2020-10-15 12:54:25,2020-10-15 12:54:25,CESSINP1,CESSINP1,ACTUA,RETRO,NEXTI,Y,N,Y,10,N,0,0,0,0.01,0.01,N,"1/8  ","NONE ","3    ","NONE ","NONE ",2,NOK,1970-01-01 12:00:00,1970-01-01 12:00:00,2,3,:YEI3FH9,N,N,N,MNEXT,N,BASEF,"LAST ",ACTUA,CG852
:YEI3G9Q,EURLI,"NONE ","NONE ","3    ","1/8  ",MNEXT,N,2,2020-10-15 13:20:02,2020-10-15 13:20:02,CESSINP1,CESSINP1,ACTUA,RETRO,NEXTI,Y,N,Y,10,N,0,0,0,0.01,0.01,N,"1/8  ","NONE ","3    ","NONE ","NONE ",2,EUR,1970-01-01 12:00:00,1970-01-01 12:00:00,2,3,:YEI3GNY,N,N,N,MNEXT,N,BASEF,"LAST ",ACTUA,CG852
:YEI3G9Q,GBLIB,"NONE ","NONE ","3    ","1/8  ",MNEXT,N,2,2020-10-15 13:20:34,2020-10-15 13:20:34,CESSINP1,CESSINP1,ACTUA,RETRO,NEXTI,Y,N,Y,10,N,0,0,0,0.01,0.01,N,"1/8  ","NONE ","3    ","NONE ","NONE ",2,GBP,1970-01-01 12:00:00,1970-01-01 12:00:00,2,3,:YEI3GOU,N,N,N,MNEXT,N,BASEF,"LAST ",ACTUA,CG852
:YEI3G9Q,NIBOR,"NONE ","NONE ","3    ","1/8  ",MNEXT,N,2,2020-10-15 13:21:06,2020-10-15 13:21:06,CESSINP1,CESSINP1,ACTUA,RETRO,NEXTI,Y,N,Y,10,N,0,0,0,0.01,0.01,N,"1/8  ","NONE ","3    ","NONE ","NONE ",2,NOK,1970-01-01 12:00:00,1970-01-01 12:00:00,2,3,:YEI3GPP,N,N,N,MNEXT,N,BASEF,"LAST ",ACTUA,CG852
:YEI3G9Q,USDLI,"NONE ","NONE ","3    ","1/8  ",MNEXT,N,2,2020-10-15 13:21:39,2020-10-15 13:21:39,CESSINP1,CESSINP1,ACTUA,RETRO,NEXTI,Y,N,Y,10,N,0,0,0,0.01,0.01,N,"1/8  ","NONE ","3    ","NONE ","NONE ",2,USD,1970-01-01 12:00:00,1970-01-01 12:00:00,2,3,:YEI3GQM,N,N,N,MNEXT,N,BASEF,"LAST ",ACTUA,CG852
:YEI3J7H,EURLI,"NONE ","NONE ","3    ","1/8  ",MNEXT,N,2,2020-10-15 14:23:46,2020-10-15 14:23:46,CESSINP1,CESSINP1,ACTUA,RETRO,NEXTI,Y,N,Y,10,N,0,0,0,0.01,0.01,N,"1/8  ","NONE ","3    ","NONE ","NONE ",2,EUR,1970-01-01 12:00:00,1970-01-01 12:00:00,2,3,:YEI3JM6,N,N,N,MNEXT,N,BASEF,"LAST ",ACTUA,CG852
:YEI3J7H,GBLIB,"NONE ","NONE ","3    ","1/8  ",MNEXT,N,2,2020-10-15 14:24:20,2020-10-15 14:24:20,CESSINP1,CESSINP1,ACTUA,RETRO,NEXTI,Y,N,Y,10,N,0,0,0,0.01,0.01,N,"1/8  ","NONE ","3    ","NONE ","NONE ",2,GBP,1970-01-01 12:00:00,1970-01-01 12:00:00,2,3,:YEI3JN2,N,N,N,MNEXT,N,BASEF,"LAST ",ACTUA,CG852
:YEI3J7H,NIBOR,"NONE ","NONE ","3    ","1/8  ",MNEXT,N,2,2020-10-15 14:24:52,2020-10-15 14:24:52,CESSINP1,CESSINP1,ACTUA,RETRO,NEXTI,Y,N,Y,10,N,0,0,0,0.01,0.01,N,"1/8  ","NONE ","3    ","NONE ","NONE ",2,NOK,1970-01-01 12:00:00,1970-01-01 12:00:00,2,3,:YEI3JNZ,N,N,N,MNEXT,N,BASEF,"LAST ",ACTUA,CG852
:YEI3J7H,USDLI,"NONE ","NONE ","3    ","1/8  ",MNEXT,N,2,2020-10-15 14:25:25,2020-10-15 14:25:25,CESSINP1,CESSINP1,ACTUA,RETRO,NEXTI,Y,N,Y,10,N,0,0,0,0.01,0.01,N,"1/8  ","NONE ","3    ","NONE ","NONE ",2,USD,1970-01-01 12:00:00,1970-01-01 12:00:00,2,3,:YEI3JOW,N,N,N,MNEXT,N,BASEF,"LAST ",ACTUA,CG852
:YEI3LNB,EURLI,"NONE ","NONE ","3    ","1/8  ",MNEXT,N,2,2020-10-15 15:16:10,2020-10-15 15:16:10,CESSINP1,CESSINP1,ACTUA,RETRO,NEXTI,Y,N,Y,10,N,0,0,0,0.01,0.01,N,"1/8  ","NONE ","3    ","NONE ","NONE ",2,EUR,1970-01-01 12:00:00,1970-01-01 12:00:00,2,3,:YEI3M1I,N,N,N,MNEXT,N,BASEF,"LAST ",ACTUA,CG852
:YEI3LNB,GBLIB,"NONE ","NONE ","3    ","1/8  ",MNEXT,N,2,2020-10-15 15:16:41,2020-10-15 15:16:41,CESSINP1,CESSINP1,ACTUA,RETRO,NEXTI,Y,N,Y,10,N,0,0,0,0.01,0.01,N,"1/8  ","NONE ","3    ","NONE ","NONE ",2,GBP,1970-01-01 12:00:00,1970-01-01 12:00:00,2,3,:YEI3M2C,N,N,N,MNEXT,N,BASEF,"LAST ",ACTUA,CG852
:YEI3LNB,USDLI,"NONE ","NONE ","3    ","1/8  ",MNEXT,N,2,2020-10-15 15:17:44,2020-10-15 15:17:44,CESSINP1,CESSINP1,ACTUA,RETRO,NEXTI,Y,N,Y,10,N,0,0,0,0.01,0.01,N,"1/8  ","NONE ","3    ","NONE ","NONE ",2,USD,1970-01-01 12:00:00,1970-01-01 12:00:00,2,3,:YEI3M43,N,N,N,MNEXT,N,BASEF,"LAST ",ACTUA,CG852
0ZEI4FVM,FIXED,"NONE ","NONE ","3    ","1/8  ","NEXT ",N,0,2020-10-16 01:33:01,2020-10-16 01:33:01,DANUSR01,DANUSR01,ACTUA,RETRO,NEXTI,N,N,Y,2,N,0,0,0,0.01,0.01,N,"1/8  ","NEAR ","3    ","NEAR ","NONE ",0,,1970-01-01 12:00:00,1970-01-01 12:00:00,2,3,0ZEI4FW3,N,N,N,MNEXT,N,BASEF,"LAST ",ACTUA,
Q.EJEGLJ,EURLI,"NONE ","NONE ","3    ","1/8  ",MNEXT,N,2,2020-11-09 21:51:05,2020-11-09 21:51:05,CESSINP1,CESSINP1,ACTUA,RETRO,NEXTI,Y,N,Y,10,N,0,0,0,0.01,0.01,N,"1/8  ","NONE ","3    ","NONE ","NONE ",2,EUR,1970-01-01 12:00:00,1970-01-01 12:00:00,2,3,Q.EJEGMK,N,N,N,MNEXT,N,BASEF,"LAST ",ACTUA,CG852
Q.EJEGLJ,GBLIB,"NONE ","NONE ","3    ","1/8  ",MNEXT,N,2,2020-11-09 21:51:37,2020-11-09 21:51:37,CESSINP1,CESSINP1,ACTUA,RETRO,NEXTI,Y,N,Y,10,N,0,0,0,0.01,0.01,N,"1/8  ","NONE ","3    ","NONE ","NONE ",2,GBP,1970-01-01 12:00:00,1970-01-01 12:00:00,2,3,Q.EJEGMP,N,N,N,MNEXT,N,BASEF,"LAST ",ACTUA,CG852
Q.EJEGLJ,NIBOR,"NONE ","NONE ","3    ","1/8  ",MNEXT,N,2,2020-11-09 21:52:09,2020-11-09 21:52:09,CESSINP1,CESSINP1,ACTUA,RETRO,NEXTI,Y,N,Y,10,N,0,0,0,0.01,0.01,N,"1/8  ","NONE ","3    ","NONE ","NONE ",2,NOK,1970-01-01 12:00:00,1970-01-01 12:00:00,2,3,Q.EJEGMU,N,N,N,MNEXT,N,BASEF,"LAST ",ACTUA,CG852
Q.EJEGLJ,USDLI,"NONE ","NONE ","3    ","1/8  ",MNEXT,N,2,2020-11-09 21:52:40,2020-11-09 21:52:40,CESSINP1,CESSINP1,ACTUA,RETRO,NEXTI,Y,N,Y,10,N,0,0,0,0.01,0.01,N,"1/8  ","NONE ","3    ","NONE ","NONE ",2,USD,1970-01-01 12:00:00,1970-01-01 12:00:00,2,3,Q.EJEGMZ,N,N,N,MNEXT,N,BASEF,"LAST ",ACTUA,CG852
:+EJEFS6,EURLI,"NONE ","NONE ","3    ","1/8  ",MNEXT,N,2,2020-11-09 20:59:20,2020-11-09 20:59:20,CESSINP1,CESSINP1,ACTUA,RETRO,NEXTI,Y,N,Y,10,N,0,0,0,0.01,0.01,N,"1/8  ","NONE ","3    ","NONE ","NONE ",2,EUR,1970-01-01 12:00:00,1970-01-01 12:00:00,2,3,:+EJEFT7,N,N,N,MNEXT,N,BASEF,"LAST ",ACTUA,CG852
:+EJEFS6,GBLIB,"NONE ","NONE ","3    ","1/8  ",MNEXT,N,2,2020-11-09 20:59:52,2020-11-09 20:59:52,CESSINP1,CESSINP1,ACTUA,RETRO,NEXTI,Y,N,Y,10,N,0,0,0,0.01,0.01,N,"1/8  ","NONE ","3    ","NONE ","NONE ",2,GBP,1970-01-01 12:00:00,1970-01-01 12:00:00,2,3,:+EJEFTC,N,N,N,MNEXT,N,BASEF,"LAST ",ACTUA,CG852
:+EJEFS6,NIBOR,"NONE ","NONE ","3    ","1/8  ",MNEXT,N,2,2020-11-09 21:00:22,2020-11-09 21:00:22,CESSINP1,CESSINP1,ACTUA,RETRO,NEXTI,Y,N,Y,10,N,0,0,0,0.01,0.01,N,"1/8  ","NONE ","3    ","NONE ","NONE ",2,NOK,1970-01-01 12:00:00,1970-01-01 12:00:00,2,3,:+EJEFTH,N,N,N,MNEXT,N,BASEF,"LAST ",ACTUA,CG852
:+EJEFS6,USDLI,"NONE ","NONE ","3    ","1/8  ",MNEXT,N,2,2020-11-09 21:00:52,2020-11-09 21:00:52,CESSINP1,CESSINP1,ACTUA,RETRO,NEXTI,Y,N,Y,10,N,0,0,0,0.01,0.01,N,"1/8  ","NONE ","3    ","NONE ","NONE ",2,USD,1970-01-01 12:00:00,1970-01-01 12:00:00,2,3,:+EJEFTM,N,N,N,MNEXT,N,BASEF,"LAST ",ACTUA,CG852
ZUEJHS93,"TGT  ","NONE ","NONE ","3    ","1/8  ",MNEXT,N,2,2020-11-11 14:12:17,2020-11-11 14:12:17,FOULISTR,FOULISTR,"PRO  ",EFFEC,EFFEC,N,N,N,10,N,0,0,0,0.01,0.01,N,"1/8  ","NEAR ","3    ","NEAR ","NONE ",2,GBP,1970-01-01 12:00:00,1970-01-01 12:00:00,0,3,ZUEJHS9W,N,N,N,MNEXT,N,BASEF,"LAST ","PRO  ",CB141
I:EJUXVM,FIXED,"NONE ","NONE ","3    ","1/8  ","NEXT ",N,0,2020-11-18 18:59:18,2020-11-18 18:59:18,INPAMT01,INPAMT01,ACTUA,RETRO,NEXTI,N,N,Y,2,N,0,0,0,0.01,0.01,N,"1/8  ","NEAR ","3    ","NEAR ","NONE ",0,,1970-01-01 12:00:00,1970-01-01 12:00:00,2,3,I:EJUXW3,N,N,N,MNEXT,N,BASEF,"LAST ",ACTUA,
E9EK76A5,"GTEE ","NONE ","NONE ","3    ","1/8  ",MNEXT,N,2,2020-11-25 09:14:04,2020-11-25 09:14:04,SKOUSR01,SKOUSR01,"PRO  ",RETRO,NEXTI,N,N,Y,10,N,0,0,0,0.01,0.01,N,"1/8  ","NEAR ","3    ","NEAR ","NONE ",2,,1970-01-01 12:00:00,1970-01-01 12:00:00,0,3,E9EK76AW,N,N,N,MNEXT,N,BASEF,"LAST ","PRO  ",CG852
E9EK76A5,"BBSW ","NONE ","NONE ","3    ","1/8  ",MNEXT,N,0,2020-11-25 09:14:28,2020-11-25 09:14:28,SKOUSR01,SKOUSR01,ACTUA,RETRO,NEXTI,Y,N,Y,10,N,0,0,0,0.01,0.01,N,"1/8  ","NEAR ","3    ","NEAR ","NONE ",0,AUD,1970-01-01 12:00:00,1970-01-01 12:00:00,0,3,E9EK76B1,N,N,N,MNEXT,N,BASEF,"LAST ",ACTUA,CG852
E9EK76A5,"BBSY ","NONE ","NONE ","3    ","1/8  ",MNEXT,N,0,2020-11-25 09:14:51,2020-11-25 09:14:51,SKOUSR01,SKOUSR01,ACTUA,RETRO,NEXTI,Y,N,Y,10,N,0,0,0,0.01,0.01,N,"1/8  ","NEAR ","3    ","NEAR ","NONE ",0,AUD,1970-01-01 12:00:00,1970-01-01 12:00:00,0,3,E9EK76B6,N,N,N,MNEXT,N,BASEF,"LAST ",ACTUA,CG852
E9EK76C6,"GTEE ","NONE ","NONE ","3    ","1/8  ",MNEXT,N,2,2020-11-25 09:26:59,2020-11-25 09:26:59,SKOUSR01,SKOUSR01,"PRO  ",RETRO,NEXTI,N,N,Y,10,N,0,0,0,0.01,0.01,N,"1/8  ","NEAR ","3    ","NEAR ","NONE ",2,,1970-01-01 12:00:00,1970-01-01 12:00:00,0,3,E9EK76CX,N,N,N,MNEXT,N,BASEF,"LAST ","PRO  ",CG852
E9EK76C6,"BBSW ","NONE ","NONE ","3    ","1/8  ",MNEXT,N,0,2020-11-25 09:27:20,2020-11-25 09:27:20,SKOUSR01,SKOUSR01,ACTUA,RETRO,NEXTI,Y,N,Y,10,N,0,0,0,0.01,0.01,N,"1/8  ","NEAR ","3    ","NEAR ","NONE ",0,AUD,1970-01-01 12:00:00,1970-01-01 12:00:00,0,3,E9EK76D2,N,N,N,MNEXT,N,BASEF,"LAST ",ACTUA,CG852
E9EK76C6,"BBSY ","NONE ","NONE ","3    ","1/8  ",MNEXT,N,0,2020-11-25 09:27:42,2020-11-25 09:27:42,SKOUSR01,SKOUSR01,ACTUA,RETRO,NEXTI,Y,N,Y,10,N,0,0,0,0.01,0.01,N,"1/8  ","NEAR ","3    ","NEAR ","NONE ",0,AUD,1970-01-01 12:00:00,1970-01-01 12:00:00,0,3,E9EK76D7,N,N,N,MNEXT,N,BASEF,"LAST ",ACTUA,CG852
9EEK5YAZ,"GTEE ","NONE ","NONE ","3    ","1/8  ",MNEXT,N,2,2020-11-24 18:34:35,2020-11-24 18:34:35,SKOUSR01,SKOUSR01,"PRO  ",RETRO,NEXTI,N,N,Y,10,N,0,0,0,0.01,0.01,N,"1/8  ","NEAR ","3    ","NEAR ","NONE ",2,,1970-01-01 12:00:00,1970-01-01 12:00:00,0,3,9EEK5YBQ,N,N,N,MNEXT,N,BASEF,"LAST ","PRO  ",CG852
E9EK76A5,USDLI,"NONE ","NONE ","3    ","1/8  ",MNEXT,N,2,2020-11-25 09:15:14,2020-11-25 09:15:14,SKOUSR01,SKOUSR01,ACTUA,RETRO,NEXTI,Y,N,Y,10,N,0,0,0,0.01,0.01,N,"1/8  ","NEAR ","3    ","NEAR ","NONE ",2,USD,1970-01-01 12:00:00,1970-01-01 12:00:00,2,3,E9EK76BB,N,N,N,MNEXT,N,BASEF,"LAST ",ACTUA,CG852
E9EK76C6,USDLI,"NONE ","NONE ","3    ","1/8  ",MNEXT,N,2,2020-11-25 09:28:04,2020-11-25 09:28:04,SKOUSR01,SKOUSR01,ACTUA,RETRO,NEXTI,Y,N,Y,10,N,0,0,0,0.01,0.01,N,"1/8  ","NEAR ","3    ","NEAR ","NONE ",2,USD,1970-01-01 12:00:00,1970-01-01 12:00:00,2,3,E9EK76DC,N,N,N,MNEXT,N,BASEF,"LAST ",ACTUA,CG852
E9EK7AWV,"GTEE ","NONE ","NONE ","3    ","1/8  ",MNEXT,N,2,2020-11-25 12:11:27,2020-11-25 12:11:27,SKOUSR01,SKOUSR01,"PRO  ",RETRO,NEXTI,N,N,Y,10,N,0,0,0,0.01,0.01,N,"1/8  ","NEAR ","3    ","NEAR ","NONE ",2,,1970-01-01 12:00:00,1970-01-01 12:00:00,0,3,E9EK7B59,N,N,N,MNEXT,N,BASEF,"LAST ","PRO  ",CG852
E9EK7AWV,"BBSW ","NONE ","NONE ","3    ","1/8  ",MNEXT,N,0,2020-11-25 12:11:48,2020-11-25 12:11:48,SKOUSR01,SKOUSR01,ACTUA,RETRO,NEXTI,Y,N,Y,10,N,0,0,0,0.01,0.01,N,"1/8  ","NEAR ","3    ","NEAR ","NONE ",0,AUD,1970-01-01 12:00:00,1970-01-01 12:00:00,0,3,E9EK7B60,N,N,N,MNEXT,N,BASEF,"LAST ",ACTUA,CG852
E9EK7AWV,"BBSY ","NONE ","NONE ","3    ","1/8  ",MNEXT,N,0,2020-11-25 12:12:11,2020-11-25 12:12:11,SKOUSR01,SKOUSR01,ACTUA,RETRO,NEXTI,Y,N,Y,10,N,0,0,0,0.01,0.01,N,"1/8  ","NEAR ","3    ","NEAR ","NONE ",0,AUD,1970-01-01 12:00:00,1970-01-01 12:00:00,0,3,E9EK7B6M,N,N,N,MNEXT,N,BASEF,"LAST ",ACTUA,CG852
E9EK7AWV,USDLI,"NONE ","NONE ","3    ","1/8  ",MNEXT,N,2,2020-11-25 12:12:33,2020-11-25 12:12:33,SKOUSR01,SKOUSR01,ACTUA,RETRO,NEXTI,Y,N,Y,10,N,0,0,0,0.01,0.01,N,"1/8  ","NEAR ","3    ","NEAR ","NONE ",2,USD,1970-01-01 12:00:00,1970-01-01 12:00:00,2,3,E9EK7B78,N,N,N,MNEXT,N,BASEF,"LAST ",ACTUA,CG852
9EEK5YAZ,"BBSW ","NONE ","NONE ","3    ","1/8  ",MNEXT,N,0,2020-11-24 18:34:56,2020-11-24 18:34:56,SKOUSR01,SKOUSR01,ACTUA,RETRO,NEXTI,Y,N,Y,10,N,0,0,0,0.01,0.01,N,"1/8  ","NEAR ","3    ","NEAR ","NONE ",0,AUD,1970-01-01 12:00:00,1970-01-01 12:00:00,0,3,9EEK5YBV,N,N,N,MNEXT,N,BASEF,"LAST ",ACTUA,CG852
9EEK5YAZ,"BBSY ","NONE ","NONE ","3    ","1/8  ",MNEXT,N,0,2020-11-24 18:35:22,2020-11-24 18:35:22,SKOUSR01,SKOUSR01,ACTUA,RETRO,NEXTI,Y,N,Y,10,N,0,0,0,0.01,0.01,N,"1/8  ","NEAR ","3    ","NEAR ","NONE ",0,AUD,1970-01-01 12:00:00,1970-01-01 12:00:00,0,3,9EEK5YC0,N,N,N,MNEXT,N,BASEF,"LAST ",ACTUA,CG852
9EEK5YAZ,USDLI,"NONE ","NONE ","3    ","1/8  ",MNEXT,N,2,2020-11-24 18:35:43,2020-11-24 18:35:43,SKOUSR01,SKOUSR01,ACTUA,RETRO,NEXTI,Y,N,Y,10,N,0,0,0,0.01,0.01,N,"1/8  ","NEAR ","3    ","NEAR ","NONE ",2,USD,1970-01-01 12:00:00,1970-01-01 12:00:00,2,3,9EEK5YC5,N,N,N,MNEXT,N,BASEF,"LAST ",ACTUA,CG852
E9EK7BRR,"GTEE ","NONE ","NONE ","3    ","1/8  ",MNEXT,N,2,2020-11-25 12:30:14,2020-11-25 12:30:14,SKOUSR01,SKOUSR01,"PRO  ",RETRO,NEXTI,N,N,Y,10,N,0,0,0,0.01,0.01,N,"1/8  ","NEAR ","3    ","NEAR ","NONE ",2,,1970-01-01 12:00:00,1970-01-01 12:00:00,0,3,E9EK7C0I,N,N,N,MNEXT,N,BASEF,"LAST ","PRO  ",CG852
E9EK7BRR,"BBSW ","NONE ","NONE ","3    ","1/8  ",MNEXT,N,0,2020-11-25 12:30:37,2020-11-25 12:30:37,SKOUSR01,SKOUSR01,ACTUA,RETRO,NEXTI,Y,N,Y,10,N,0,0,0,0.01,0.01,N,"1/8  ","NEAR ","3    ","NEAR ","NONE ",0,AUD,1970-01-01 12:00:00,1970-01-01 12:00:00,0,3,E9EK7C1C,N,N,N,MNEXT,N,BASEF,"LAST ",ACTUA,CG852
E9EK7BRR,"BBSY ","NONE ","NONE ","3    ","1/8  ",MNEXT,N,0,2020-11-25 12:30:58,2020-11-25 12:30:58,SKOUSR01,SKOUSR01,ACTUA,RETRO,NEXTI,Y,N,Y,10,N,0,0,0,0.01,0.01,N,"1/8  ","NEAR ","3    ","NEAR ","NONE ",0,AUD,1970-01-01 12:00:00,1970-01-01 12:00:00,0,3,E9EK7C1X,N,N,N,MNEXT,N,BASEF,"LAST ",ACTUA,CG852
E9EK7BRR,USDLI,"NONE ","NONE ","3    ","1/8  ",MNEXT,N,2,2020-11-25 12:31:20,2020-11-25 12:31:20,SKOUSR01,SKOUSR01,ACTUA,RETRO,NEXTI,Y,N,Y,10,N,0,0,0,0.01,0.01,N,"1/8  ","NEAR ","3    ","NEAR ","NONE ",2,USD,1970-01-01 12:00:00,1970-01-01 12:00:00,2,3,E9EK7C2K,N,N,N,MNEXT,N,BASEF,"LAST ",ACTUA,CG852
