"CET_CDE_CIRC_EVENT","CET_DSC_CIRC_EVENT","CET_TSP_REC_CREATE","CET_TSP_REC_UPDATE","CET_UID_REC_CREATE","CET_UID_REC_UPDATE"
"LMCHG","Limit Changed","2019-04-04 00:48:49","2019-04-04 00:48:49","        ","LS2BATCH"
"_XSCF","Sent for Setting Cost of Funds","2014-01-13 17:16:26","2014-01-13 17:16:26","LS2BATCH","LS2BATCH"
"ASBCH","Accrue on Schedule Balance Changed","2014-01-13 17:16:26","2014-01-13 17:16:26","LS2BATCH","LS2BATCH"
"SLSEL","Sublimit Selected","2014-01-13 17:16:26","2014-01-13 17:16:26","LS2BATCH","LS2BATCH"
"CATO ","Changed Automated Transaction Override","2020-11-03 07:21:51","2020-11-03 07:21:51","        ","LS2BATCH"
"READF","Reviewed Additional Fields","2014-01-13 17:16:52","2014-01-13 17:16:52","LS2BATCH","LS2BATCH"
"TSDMP","Trade Settlement Details Message Processed in E-Se","2014-01-13 17:16:50","2014-01-13 17:16:50","LS2BATCH","LS2BATCH"
"DCADJ","Delayed Compensation Amount Adjusted by Markit","2014-01-13 17:16:50","2014-01-13 17:16:50","LS2BATCH","LS2BATCH"
"SADEC","Stabilization Amount Decrease Applied","2014-01-13 17:16:50","2014-01-13 17:16:50","LS2BATCH","LS2BATCH"
"SAINC","Stabilization Amount Increase Applied","2014-01-13 17:16:50","2014-01-13 17:16:50","LS2BATCH","LS2BATCH"
"SASCU","Stabilization Amount Schedule Updated","2014-01-13 17:16:50","2014-01-13 17:16:50","LS2BATCH","LS2BATCH"
"SRTBS","Stabilization Rate Basis Changed","2014-01-13 17:16:50","2014-01-13 17:16:50","LS2BATCH","LS2BATCH"
"STRAT","Stabilization Rates Set","2014-01-13 17:16:50","2014-01-13 17:16:50","LS2BATCH","LS2BATCH"
"RLSQR","Released Stabilization Quick Loan Repricing","2014-01-13 17:16:50","2014-01-13 17:16:50","LS2BATCH","LS2BATCH"
"STSPR","Stabilization Spread Changed","2014-01-13 17:16:50","2014-01-13 17:16:50","LS2BATCH","LS2BATCH"
"RGLE ","Reversed G/L Entry","2014-01-13 17:16:50","2014-01-13 17:16:50","LS2BATCH","LS2BATCH"
"OSTRZ","Outstanding Reduced to Zero","2014-01-13 17:16:44","2014-01-13 17:16:44","LS2BATCH","LS2BATCH"
"UPDTD","Updated","2014-01-13 17:16:44","2014-01-13 17:16:44","LS2BATCH","LS2BATCH"
"FXVAL","FX Valuation Adjustment Applied","2014-01-13 17:16:44","2014-01-13 17:16:44","LS2BATCH","LS2BATCH"
"CMPRD","Commission Payment Released","2014-01-13 17:16:45","2014-01-13 17:16:45","LS2BATCH","LS2BATCH"
"CMAAA","Commission Accrual Adjustment Applied","2014-01-13 17:16:45","2014-01-13 17:16:45","LS2BATCH","LS2BATCH"
"CMPAR","Commission Payment Adjustment Released","2014-01-13 17:16:45","2014-01-13 17:16:45","LS2BATCH","LS2BATCH"
"EXMSD","Message Sent","2014-01-13 17:16:45","2014-01-13 17:16:45","LS2BATCH","LS2BATCH"
"LNKCR","Link Created","2014-01-13 17:16:45","2014-01-13 17:16:45","LS2BATCH","LS2BATCH"
"ACTRD","Asset Change Transaction Released","2014-01-13 17:16:34","2014-01-13 17:16:34","LS2BATCH","LS2BATCH"
"ARTRD","Asset Reactivation Transaction Released","2014-01-13 17:16:34","2014-01-13 17:16:34","LS2BATCH","LS2BATCH"
"AITRD","Asset Inactivation Transaction Released","2014-01-13 17:16:34","2014-01-13 17:16:34","LS2BATCH","LS2BATCH"
"FPDAU","Funding Priority Date Changed","2014-01-13 17:16:49","2014-01-13 17:16:49","LS2BATCH","LS2BATCH"
"COACR","Collateral Accounting  Reversed","2014-01-13 17:16:49","2014-01-13 17:16:49","LS2BATCH","LS2BATCH"
"PDPCH","Past Due Pricing Changed","2014-01-13 17:16:50","2014-01-13 17:16:50","LS2BATCH","LS2BATCH"
"PDPAC","Past Due Pricing Applies Indicator Changed","2014-01-13 17:16:50","2014-01-13 17:16:50","LS2BATCH","LS2BATCH"
"TXADJ","Tax Adjustment Released","2014-01-13 17:16:50","2014-01-13 17:16:50","LS2BATCH","LS2BATCH"
"BTXAD","Borrower Tax Override Added","2014-01-13 17:16:50","2014-01-13 17:16:50","LS2BATCH","LS2BATCH"
"BTXCH","Borrower Tax Override Changed","2014-01-13 17:16:50","2014-01-13 17:16:50","LS2BATCH","LS2BATCH"
"BTXDL","Borrower Tax Override Deleted","2014-01-13 17:16:50","2014-01-13 17:16:50","LS2BATCH","LS2BATCH"
"TXRCH","Tax Rate Changed","2014-01-13 17:16:50","2014-01-13 17:16:50","LS2BATCH","LS2BATCH"
"TXPCH","Tax Percentage Changed","2014-01-13 17:16:50","2014-01-13 17:16:50","LS2BATCH","LS2BATCH"
"CPYMT","Payment Completed","2019-04-04 00:48:49","2019-04-04 00:48:49","        ","LS2BATCH"
"RPYMT","Payment Released","2019-04-04 00:48:49","2019-04-04 00:48:49","        ","LS2BATCH"
"UDTCD","User Defined Task Copied","2014-01-13 17:16:52","2014-01-13 17:16:52","LS2BATCH","LS2BATCH"
"RFDST","Revised Funding Details Sent to Treasury Interface","2014-01-13 17:16:52","2014-01-13 17:16:52","LS2BATCH","LS2BATCH"
"FLLKD","Funding Liability Linked","2014-01-13 17:16:52","2014-01-13 17:16:52","LS2BATCH","LS2BATCH"
"CTIDC","Contract ID Changed","2014-01-13 17:16:52","2014-01-13 17:16:52","LS2BATCH","LS2BATCH"
"PDCR ","Past Due Created","2019-04-04 00:48:50","2019-04-04 00:48:50","        ","LS2BATCH"
"PDUP ","Past Due Updated","2019-04-04 00:48:50","2019-04-04 00:48:50","        ","LS2BATCH"
"PDDL ","Past Due Deleted","2019-04-04 00:48:50","2019-04-04 00:48:50","        ","LS2BATCH"
"CCCYC","Cashflow Currency Changed","2019-04-04 00:48:50","2019-04-04 00:48:50","        ","LS2BATCH"
"AUTCH","Generated via Auto-Charge","2019-04-04 00:48:50","2019-04-04 00:48:50","        ","LS2BATCH"
"AUTGN","Generated via Auto-Generation","2019-04-04 00:48:50","2019-04-04 00:48:50","        ","LS2BATCH"
"CANPY","Payment Cancelled","2019-04-04 00:48:50","2019-04-04 00:48:50","        ","LS2BATCH"
"CANRP","Reversed Payment Cancelled","2019-04-04 00:48:50","2019-04-04 00:48:50","        ","LS2BATCH"
"LFRCH","Fixed Rate Changed","2019-04-04 00:48:50","2019-04-04 00:48:50","        ","LS2BATCH"
"WVEFR","Waive Event Fee Transaction Released","2019-04-04 00:48:50","2019-04-04 00:48:50","        ","LS2BATCH"
"STACR","Sent to Approval for Cashflow Release","2014-01-13 17:16:37","2014-01-13 17:16:37","LS2BATCH","LS2BATCH"
"GUACR","Guarantor Accounting  Reversed","2014-01-13 17:16:49","2014-01-13 17:16:49","LS2BATCH","LS2BATCH"
"AAREC","Automatic Asset Revaluation Completed","2014-01-13 17:16:36","2014-01-13 17:16:36","LS2BATCH","LS2BATCH"
"ARLRD","Asset Revaluation Transaction Released","2014-01-13 17:16:36","2014-01-13 17:16:36","LS2BATCH","LS2BATCH"
"IITRD","Insurance Inactivation Transaction Released","2014-01-13 17:16:36","2014-01-13 17:16:36","LS2BATCH","LS2BATCH"
"IRTRD","Insurance Reactivation Transaction Released","2014-01-13 17:16:36","2014-01-13 17:16:36","LS2BATCH","LS2BATCH"
"PRTRD","Partial Relief Transaction Released","2014-01-13 17:16:36","2014-01-13 17:16:36","LS2BATCH","LS2BATCH"
"INCTR","Insurance Change Transaction Released","2014-01-13 17:16:36","2014-01-13 17:16:36","LS2BATCH","LS2BATCH"
"SUEDC","SBLC Usage Expiration Date Changed","2014-01-13 17:16:54","2014-01-13 17:16:54","LS2BATCH","LS2BATCH"
"STEDT","Stabilization Effective Date Changed","2014-01-13 17:16:52","2014-01-13 17:16:52","LS2BATCH","LS2BATCH"
"DCONV","Data Conversion Completed","2014-01-13 17:16:53","2014-01-13 17:16:53","LS2BATCH","LS2BATCH"
"BXFEE","Bill of Exchange Fee Released","2014-01-13 17:16:54","2014-01-13 17:16:54","LS2BATCH","LS2BATCH"
"LRAUT","Rates Set By Batch/Automatically","2014-01-13 17:16:44","2014-01-13 17:16:44","LS2BATCH","LS2BATCH"
"LRMAN","Rates Set Manually","2014-01-13 17:16:44","2014-01-13 17:16:44","LS2BATCH","LS2BATCH"
"ESCRI","Initial Statement Generated","2014-01-13 17:16:13","2014-01-13 17:16:13","LS2BATCH","LS2BATCH"
"ESCRA","Annual Statement Generated","2014-01-13 17:16:13","2014-01-13 17:16:13","LS2BATCH","LS2BATCH"
"ESCRO","One-Off Statement Generated","2014-01-13 17:16:13","2014-01-13 17:16:13","LS2BATCH","LS2BATCH"
"ESCRC","Projections for the Coming Year Generated","2014-01-13 17:16:13","2014-01-13 17:16:13","LS2BATCH","LS2BATCH"
"ESCRL","Projections for the Last Year Generated","2014-01-13 17:16:13","2014-01-13 17:16:13","LS2BATCH","LS2BATCH"
"AURTS","Auto Rates Set","2014-01-13 17:16:53","2014-01-13 17:16:53","LS2BATCH","LS2BATCH"
"AURTA","Auto Rates Set Approved","2014-01-13 17:16:53","2014-01-13 17:16:53","LS2BATCH","LS2BATCH"
"PSTCH","Paying Status Changed","2014-01-13 17:16:53","2014-01-13 17:16:53","LS2BATCH","LS2BATCH"
"DCFC ","Delayed Compensation Fee Changed","2014-01-13 17:16:53","2014-01-13 17:16:53","LS2BATCH","LS2BATCH"
"OTFC ","One Time Fee Changed","2014-01-13 17:16:53","2014-01-13 17:16:53","LS2BATCH","LS2BATCH"
"CHART","Changed Auto-Rate Fix Indicator","2014-01-13 17:16:54","2014-01-13 17:16:54","LS2BATCH","LS2BATCH"
"PBDEL","Pending Bill Deleted","2019-04-04 00:48:50","2019-04-04 00:48:50","        ","LS2BATCH"
"CRRCH","Currency Rule Changed","2014-01-13 17:16:55","2014-01-13 17:16:55","LS2BATCH","LS2BATCH"
"CLBCH","Clawback Code Changed","2014-01-13 17:16:55","2014-01-13 17:16:55","LS2BATCH","LS2BATCH"
"CFTAP","Prefunding Cashflow Approved","2014-01-13 17:16:55","2014-01-13 17:16:55","LS2BATCH","LS2BATCH"
"ARMLB","ARM Rate Look-back","2019-04-04 00:48:51","2019-04-04 00:48:51","        ","LS2BATCH"
"ARMFE","ARM Payment Amount Forecast Event","2019-04-04 00:48:51","2019-04-04 00:48:51","        ","LS2BATCH"
"IPNCE","Insurance Policy Number Changed","2019-04-04 00:48:51","2019-04-04 00:48:51","        ","LS2BATCH"
"BENFC","Beneficiary Changed","2019-04-04 00:48:51","2019-04-04 00:48:51","        ","LS2BATCH"
"PINCE","Property Id Number Changed","2019-04-04 00:48:51","2019-04-04 00:48:51","        ","LS2BATCH"
"APACE","Annual Payment Amount Changed","2019-04-04 00:48:51","2019-04-04 00:48:51","        ","LS2BATCH"
"ESADL","Escrow Account Deleted","2019-04-04 00:48:51","2019-04-04 00:48:51","        ","LS2BATCH"
"ESAIN","Escrow Account Inactivated","2019-04-04 00:48:51","2019-04-04 00:48:51","        ","LS2BATCH"
"DSCHU","Disbursement Schedule Updated","2019-04-04 00:48:51","2019-04-04 00:48:51","        ","LS2BATCH"
"CDPCH","Consider Deposit for Pay-Off Indicator Changed","2019-04-04 00:48:51","2019-04-04 00:48:51","        ","LS2BATCH"
"CIPCH","Consider Disbursement Item for Pay-Off Indicator C","2019-04-04 00:48:51","2019-04-04 00:48:51","        ","LS2BATCH"
"ESARA","Escrow Account Reactivated","2019-04-04 00:48:51","2019-04-04 00:48:51","        ","LS2BATCH"
"FPGEN","Force Placed","2019-04-04 00:48:51","2019-04-04 00:48:51","        ","LS2BATCH"
"DTCCF","Data extracted for DTCC LoanSERV","2014-01-13 17:16:37","2014-01-13 17:16:37","LS2BATCH","LS2BATCH"
"PTCCA","Promoted From Short to Complete","2014-01-13 17:16:37","2014-01-13 17:16:37","LS2BATCH","LS2BATCH"
"IPRAC","Interpolated Rate Appiles Indicator Changed","2019-04-04 00:48:51","2019-04-04 00:48:51","        ","LS2BATCH"
"PLNRL","Workflow Plan Released","2014-01-13 17:16:27","2014-01-13 17:16:27","LS2BATCH","LS2BATCH"
"ALCAJ","Automatic Accrual Share Adjustment Applied","2019-04-04 00:48:51","2019-04-04 00:48:51","        ","LS2BATCH"
"UPBRN","User Profile Branch changed","2019-04-04 00:48:51","2019-04-04 00:48:51","        ","LS2BATCH"
"UPJBF","User Profile Job Function Changed","2019-04-04 00:48:51","2019-04-04 00:48:51","        ","LS2BATCH"
"UPPSA","User Profile Processing Area Changed","2019-04-04 00:48:51","2019-04-04 00:48:51","        ","LS2BATCH"
"MADJ ","Modification Adjustment Applied","2019-04-04 00:48:51","2019-04-04 00:48:51","        ","LS2BATCH"
"AFCAJ","Automatic Fee Accrual Share Adjustment Applied","2019-04-04 00:48:51","2019-04-04 00:48:51","        ","LS2BATCH"
"DRCME","Deal Re-sync with ABL Collateral Module Completed","2019-04-04 00:48:51","2019-04-04 00:48:51","        ","LS2BATCH"
"EURLR","Extracted to Euroclear LoanReach File","2014-01-13 17:16:50","2014-01-13 17:16:50","LS2BATCH","LS2BATCH"
"PAYCR","Payment Created","2014-01-13 17:16:50","2014-01-13 17:16:50","LS2BATCH","LS2BATCH"
"GTAXD","Tax Due Notice Generated","2014-01-13 17:16:50","2014-01-13 17:16:50","LS2BATCH","LS2BATCH"
"TAXAS","Tax Assessment Released","2014-01-13 17:16:50","2014-01-13 17:16:50","LS2BATCH","LS2BATCH"
"RTAXA","Reverse Tax Assessment Released","2014-01-13 17:16:50","2014-01-13 17:16:50","LS2BATCH","LS2BATCH"
"TAXAP","Tax Assessment Payment Released","2014-01-13 17:16:50","2014-01-13 17:16:50","LS2BATCH","LS2BATCH"
"RTAXP","Reverse Tax Assessment Payment Released","2014-01-13 17:16:50","2014-01-13 17:16:50","LS2BATCH","LS2BATCH"
"TAXCH","Taxable Amount Changed","2014-01-13 17:16:50","2014-01-13 17:16:50","LS2BATCH","LS2BATCH"
"STXWV","Stamp Tax Waived Indicator Changed","2014-01-13 17:16:50","2014-01-13 17:16:50","LS2BATCH","LS2BATCH"
"ESTCH","E-Settlement Trade Id Changed","2014-01-13 17:16:50","2014-01-13 17:16:50","LS2BATCH","LS2BATCH"
"FPSCH","Force Placement Status Changed","2019-04-04 00:48:51","2019-04-04 00:48:51","        ","LS2BATCH"
"MPBCC","Missed Payment Behaviour Changed","2019-04-04 00:48:51","2019-04-04 00:48:51","        ","LS2BATCH"
"BSGCH","Borrower Servicing Group Changed","2014-01-13 17:16:54","2014-01-13 17:16:54","LS2BATCH","LS2BATCH"
"CBOCH","Consolidated Billing Option Changed","2014-01-13 17:16:54","2014-01-13 17:16:54","LS2BATCH","LS2BATCH"
"EFWCH","Excluded from Withholding Indicator Changed","2014-01-13 17:16:54","2014-01-13 17:16:54","LS2BATCH","LS2BATCH"
"STCHG","Statement Summary Transaction Type Changed","2014-01-13 17:16:37","2014-01-13 17:16:37","LS2BATCH","LS2BATCH"
"PORTS"," ","2003-04-23 16:58:08","2003-05-28 18:03:52","LS2BATCH","LS2BATCH"
"ODRAF","Override Documents Required At Funding","2014-01-13 17:16:49","2014-01-13 17:16:49","LS2BATCH","LS2BATCH"
"LNKCH","Link Changed","2014-01-13 17:16:49","2014-01-13 17:16:49","LS2BATCH","LS2BATCH"
"COACG","Collateral Accounting Generated","2014-01-13 17:16:49","2014-01-13 17:16:49","LS2BATCH","LS2BATCH"
"GUACG","Guarantor Accounting Generated","2014-01-13 17:16:49","2014-01-13 17:16:49","LS2BATCH","LS2BATCH"
"BUSOU","Business Object Updated","2014-01-13 17:16:49","2014-01-13 17:16:49","LS2BATCH","LS2BATCH"
"EIBDM","Escrow Item Bill Amount Due Date Modified","2019-04-04 00:48:50","2019-04-04 00:48:50","        ","LS2BATCH"
"EIBFM","Escrow Item Bill Amount Frequency Modified","2019-04-04 00:48:50","2019-04-04 00:48:50","        ","LS2BATCH"
"ESIAG","Escrow Initial Analysis Generated","2019-04-04 00:48:50","2019-04-04 00:48:50","        ","LS2BATCH"
"ESIAD","Escrow Initial Analysis Deleted","2019-04-04 00:48:50","2019-04-04 00:48:50","        ","LS2BATCH"
"IMDIC","Include In Mass Disbursement Indicator Changed","2019-04-04 00:48:50","2019-04-04 00:48:50","        ","LS2BATCH"
"AGAIC","Auto Generate Analysis Indicator Changed","2019-04-04 00:48:50","2019-04-04 00:48:50","        ","LS2BATCH"
"TDRCR","Troubled Debt Restructuring Type Change Transactio","2019-04-04 00:48:50","2019-04-04 00:48:50","        ","LS2BATCH"
"FUALD","Funding Allocation Details Sent to Treasury Interf","2014-01-13 17:16:49","2014-01-13 17:16:49","LS2BATCH","LS2BATCH"
"IMPPR","Impairment Provision Reversal","2019-04-04 00:48:51","2019-04-04 00:48:51","        ","LS2BATCH"
"FLGUL","Failed Login - User is Locked","2020-11-03 07:21:54","2020-11-03 07:21:54","        ","LS2BATCH"
"FLGWP","Failed Login - Wrong Password","2020-11-03 07:21:54","2020-11-03 07:21:54","        ","LS2BATCH"
"FLRSD","Float Rate Start Date Changed","2020-11-03 07:21:54","2020-11-03 07:21:54","        ","LS2BATCH"
"FLSSD","Float Spread Start Date Changed","2020-11-03 07:21:54","2020-11-03 07:21:54","        ","LS2BATCH"
"FLSTD","Float Start Date Changed","2020-11-03 07:21:54","2020-11-03 07:21:54","        ","LS2BATCH"
"FM   ","Facility Matured","2020-11-03 07:21:54","2020-11-03 07:21:54","        ","LS2BATCH"
"FNDG ","Funding Status Changed","2020-11-03 07:21:54","2020-11-03 07:21:54","        ","LS2BATCH"
"FNDRW","Funding Reviewed","2020-11-03 07:21:54","2020-11-03 07:21:54","        ","LS2BATCH"
"FPADJ","Fee Payment Adjustment Released","2020-11-03 07:21:54","2020-11-03 07:21:54","        ","LS2BATCH"
"FPP  ","First Principal Payment","2020-11-03 07:21:54","2020-11-03 07:21:54","        ","LS2BATCH"
"FPYCL","Fee Payment Cancelled","2020-11-03 07:21:54","2020-11-03 07:21:54","        ","LS2BATCH"
"FR   ","Facility Retraction","2020-11-03 07:21:54","2020-11-03 07:21:54","        ","LS2BATCH"
"FREE ","Freeform Transaction","2020-11-03 07:21:54","2020-11-03 07:21:54","        ","LS2BATCH"
"FRMCH","Formula Change","2020-11-03 07:21:54","2020-11-03 07:21:54","        ","LS2BATCH"
"FSD  ","First SBLC/Guarantee Drawing","2020-11-03 07:21:54","2020-11-03 07:21:54","        ","LS2BATCH"
"FSI  ","First SBLC/Guarantee Issuance","2020-11-03 07:21:54","2020-11-03 07:21:54","        ","LS2BATCH"
"FUNDD","Funding Decision Done","2020-11-03 07:21:54","2020-11-03 07:21:54","        ","LS2BATCH"
"FUNDM","Funding Memo Done","2020-11-03 07:21:54","2020-11-03 07:21:54","        ","LS2BATCH"
"FUP  ","Facility Upgraded","2020-11-03 07:21:55","2020-11-03 07:21:55","        ","LS2BATCH"
"FWAIV","Fully Waived Payment","2020-11-03 07:21:55","2020-11-03 07:21:55","        ","LS2BATCH"
"GENLS","Lender Shares Generated","2020-11-03 07:21:55","2020-11-03 07:21:55","        ","LS2BATCH"
"GFXFX","F/X Rate Setting Notices Generated","2020-11-03 07:21:55","2020-11-03 07:21:55","        ","LS2BATCH"
"GNSFC","Stamping Fee Change Notices Generated","2020-11-03 07:21:55","2020-11-03 07:21:55","        ","LS2BATCH"
"IBADD","Issuing Bank Added","2020-11-03 07:21:55","2020-11-03 07:21:55","        ","LS2BATCH"
"IBCHG","Issuing Bank Share Changed","2020-11-03 07:21:55","2020-11-03 07:21:55","        ","LS2BATCH"
"IBRMV","Issuing Bank Removed","2020-11-03 07:21:55","2020-11-03 07:21:55","        ","LS2BATCH"
"IFADJ","Issuance Fee Payment Adjusted","2020-11-03 07:21:55","2020-11-03 07:21:55","        ","LS2BATCH"
"IFPMT","Issuance Fee Payment Released","2020-11-03 07:21:55","2020-11-03 07:21:55","        ","LS2BATCH"
"ILDCH","IntraLinks Details Changed","2020-11-03 07:21:55","2020-11-03 07:21:55","        ","LS2BATCH"
"INACT","Inactivated","2020-11-03 07:21:55","2020-11-03 07:21:55","        ","LS2BATCH"
"INTEX","Exporter Interest Payment Released","2020-11-03 07:21:55","2020-11-03 07:21:55","        ","LS2BATCH"
"INTPY","Interest Payment Released","2020-11-03 07:21:55","2020-11-03 07:21:55","        ","LS2BATCH"
"INTST","Stabilization Interest Payment Released","2020-11-03 07:21:55","2020-11-03 07:21:55","        ","LS2BATCH"
"IPADJ","Interest Payment Adjustment Released","2020-11-03 07:21:55","2020-11-03 07:21:55","        ","LS2BATCH"
"IPRC ","Interest Pricing Changed","2020-11-03 07:21:55","2020-11-03 07:21:55","        ","LS2BATCH"
"IPT  ","Internal Portfolio Transfer","2020-11-03 07:21:55","2020-11-03 07:21:55","        ","LS2BATCH"
"IRDEL","Internal Risk Rating Deleted","2020-11-03 07:21:55","2020-11-03 07:21:55","        ","LS2BATCH"
"IRSET","Internal Risk Rating Set","2020-11-03 07:21:55","2020-11-03 07:21:55","        ","LS2BATCH"
"ISBSH","Issuing Bank Shares Created","2020-11-03 07:21:55","2020-11-03 07:21:55","        ","LS2BATCH"
"ISSRT","Issuing Fee Rate Changed","2020-11-03 07:21:55","2020-11-03 07:21:55","        ","LS2BATCH"
"LATPM","Late Payment Reminder Generated","2020-11-03 07:21:55","2020-11-03 07:21:55","        ","LS2BATCH"
"LCCM ","Confirmation Fee Payment Released","2020-11-03 07:21:55","2020-11-03 07:21:55","        ","LS2BATCH"
"LCFI ","Issuance Processing Fee Payment Released","2020-11-03 07:21:55","2020-11-03 07:21:55","        ","LS2BATCH"
"LCHFR","Legal Writeoff Released","2020-11-03 07:21:55","2020-11-03 07:21:55","        ","LS2BATCH"
"LCRA ","Late Charge Rule Assigned","2020-11-03 07:21:55","2020-11-03 07:21:55","        ","LS2BATCH"
"LCRC ","Late Charge Rule Changed","2020-11-03 07:21:55","2020-11-03 07:21:55","        ","LS2BATCH"
"LCREA","Created","2020-11-03 07:21:55","2020-11-03 07:21:55","        ","LS2BATCH"
"LDIMP","Lenders Imported","2020-11-03 07:21:55","2020-11-03 07:21:55","        ","LS2BATCH"
"LDRCH","Lender Changed","2020-11-03 07:21:55","2020-11-03 07:21:55","        ","LS2BATCH"
"LG2FX","Rate Setting Notices Generated","2020-11-03 07:21:55","2020-11-03 07:21:55","        ","LS2BATCH"
"LGCOF","Host Cost Of Funds Set","2020-11-03 07:21:55","2020-11-03 07:21:55","        ","LS2BATCH"
"LGENF","Intent Notices Generated","2020-11-03 07:21:55","2020-11-03 07:21:55","        ","LS2BATCH"
"LGRAC","RAC Rate Setting Notices Generated","2020-11-03 07:21:55","2020-11-03 07:21:55","        ","LS2BATCH"
"LGRCH","Rate Change Notices Generated","2020-11-03 07:21:55","2020-11-03 07:21:55","        ","LS2BATCH"
"LICHG","Line Item Changed","2020-11-03 07:21:55","2020-11-03 07:21:55","        ","LS2BATCH"
"LNDR ","Drawdown Processing Fee Payment Released","2020-11-03 07:21:55","2020-11-03 07:21:55","        ","LS2BATCH"
"LSRAT","Rates Set","2020-11-03 07:21:55","2020-11-03 07:21:55","        ","LS2BATCH"
"MADJS","Manual Share Adjustment Applied","2020-11-03 07:21:55","2020-11-03 07:21:55","        ","LS2BATCH"
"MCCHN","MIS Code Changed","2020-11-03 07:21:55","2020-11-03 07:21:55","        ","LS2BATCH"
"MCFRB","Match-Funded COF Rate Basis Changed","2020-11-03 07:21:55","2020-11-03 07:21:55","        ","LS2BATCH"
"MPDSA","Past Due Item Share Adjustment Applied","2019-04-04 00:48:50","2019-04-04 00:48:50","        ","LS2BATCH"
"PLCDE","Pledge Code Changed","2019-04-04 00:48:50","2019-04-04 00:48:50","        ","LS2BATCH"
"LDRLS","Loan De-Recognition Released","2019-04-04 00:48:51","2019-04-04 00:48:51","        ","LS2BATCH"
"IMSCT","Loan Impairment Stage Change","2019-04-04 00:48:51","2019-04-04 00:48:51","        ","LS2BATCH"
"FISCT","Facility Impairment Stage Change","2019-04-04 00:48:51","2019-04-04 00:48:51","        ","LS2BATCH"
"ARBCH","Accounting Rate Basis Changed","2014-01-13 17:16:39","2014-01-13 17:16:39","LS2BATCH","LS2BATCH"
"FGVC ","FATCA GIIN Value Changed","2014-04-11 05:21:36","2014-04-11 05:21:36","LS2BATCH","LS2BATCH"
"MCFRD","Manual Cashflow Released","2020-11-03 07:21:55","2020-11-03 07:21:55","        ","LS2BATCH"
"MFFRD","Manual Funds Flow Released","2020-11-03 07:21:55","2020-11-03 07:21:55","        ","LS2BATCH"
"MGLRD","Manual G/L Released","2020-11-03 07:21:55","2020-11-03 07:21:55","        ","LS2BATCH"
"MGNRT","Margin Rate Changed","2020-11-03 07:21:55","2020-11-03 07:21:55","        ","LS2BATCH"
"MRQDR","Requested Amount Modified","2020-11-03 07:21:55","2020-11-03 07:21:55","        ","LS2BATCH"
"MSRIL","Manual Sync Request with IntraLinks","2020-11-03 07:21:55","2020-11-03 07:21:55","        ","LS2BATCH"
"NACC ","Changed to Non-Accrual","2020-11-03 07:21:55","2020-11-03 07:21:55","        ","LS2BATCH"
"NAIFP","Changed to Non-Accrual/Interest & Fees to Principa","2020-11-03 07:21:55","2020-11-03 07:21:55","        ","LS2BATCH"
"NBAMT","Distributed Non-Book Amounts","2020-11-03 07:21:55","2020-11-03 07:21:55","        ","LS2BATCH"
"NC   ","Name Changed","2020-11-03 07:21:55","2020-11-03 07:21:55","        ","LS2BATCH"
"NEW  ","Created","2020-11-03 07:21:55","2020-11-03 07:21:55","        ","LS2BATCH"
"NEWCU","Facility ISIN / CUSIP Entered","2020-11-03 07:21:55","2020-11-03 07:21:55","        ","LS2BATCH"
"NLOCK","Node Locked","2020-11-03 07:21:55","2020-11-03 07:21:55","        ","LS2BATCH"
"NRFDT","No Recurrences After Date Changed","2020-11-03 07:21:55","2020-11-03 07:21:55","        ","LS2BATCH"
"NTDCH","New Trades Allowed Indicator Changed","2020-11-03 07:21:55","2020-11-03 07:21:55","        ","LS2BATCH"
"NUNLK","Node Unlocked","2020-11-03 07:21:55","2020-11-03 07:21:55","        ","LS2BATCH"
"OAB  ","Outside Assignment Buy","2020-11-03 07:21:55","2020-11-03 07:21:55","        ","LS2BATCH"
"OAS  ","Outside Assignment Sale","2020-11-03 07:21:55","2020-11-03 07:21:55","        ","LS2BATCH"
"OATRL","SLM Update","2020-11-03 07:21:55","2020-11-03 07:21:55","        ","LS2BATCH"
"OLSBA","Outstanding Lender Shares Based on Availability In","2020-11-03 07:21:55","2020-11-03 07:21:55","        ","LS2BATCH"
"OPRC ","Ongoing Fee Pricing Changed","2020-11-03 07:21:55","2020-11-03 07:21:55","        ","LS2BATCH"
"OPTB ","Outside Participation Transfer Buy","2020-11-03 07:21:55","2020-11-03 07:21:55","        ","LS2BATCH"
"OPTP ","Outside Participation Transfer Pend","2020-11-03 07:21:55","2020-11-03 07:21:55","        ","LS2BATCH"
"OPTS ","Outside Participation Transfer Sale","2020-11-03 07:21:55","2020-11-03 07:21:55","        ","LS2BATCH"
"OUPRC","Offered Upfront Fee Pricing Change","2020-11-03 07:21:55","2020-11-03 07:21:55","        ","LS2BATCH"
"PATRM","Participation Agreement Terms Changed","2020-11-03 07:21:55","2020-11-03 07:21:55","        ","LS2BATCH"
"PCLTC","Primary Collateral Type Changed","2020-11-03 07:21:55","2020-11-03 07:21:55","        ","LS2BATCH"
"PCPRI","Post-Closing Primary","2020-11-03 07:21:55","2020-11-03 07:21:55","        ","LS2BATCH"
"PCTCL","Paper Clip Transaction Cancelled","2020-11-03 07:21:55","2020-11-03 07:21:55","        ","LS2BATCH"
"PCTRL","Paper Clip Transaction Released","2020-11-03 07:21:55","2020-11-03 07:21:55","        ","LS2BATCH"
"PIEFP","Penalty Interest Event Fee Released","2020-11-03 07:21:55","2020-11-03 07:21:55","        ","LS2BATCH"
"PIKAD","PIK Interest Payment Adjustment Released","2020-11-03 07:21:55","2020-11-03 07:21:55","        ","LS2BATCH"
"REGFS","Registration Filing Status Changed","2019-04-04 00:48:50","2019-04-04 00:48:50","        ","LS2BATCH"
"PATDB","Potential Available To Draw Breached","2020-11-03 07:22:14","2020-11-03 07:22:14","        ","LS2BATCH"
"PIKAJ","PIK Accrual Adjustment Applied","2020-11-03 07:21:55","2020-11-03 07:21:55","        ","LS2BATCH"
"PIKIN","PIK Interest Payment Released","2020-11-03 07:21:55","2020-11-03 07:21:55","        ","LS2BATCH"
"PIKRD","PIK Rule Deleted","2020-11-03 07:21:55","2020-11-03 07:21:55","        ","LS2BATCH"
"PIKRS","PIK Rule Set","2020-11-03 07:21:55","2020-11-03 07:21:55","        ","LS2BATCH"
"PIKRT","PIK Rate Changed","2020-11-03 07:21:55","2020-11-03 07:21:55","        ","LS2BATCH"
"PIKRV","PIK Reverse Interest Payment Released","2020-11-03 07:21:55","2020-11-03 07:21:55","        ","LS2BATCH"
"PLSAD","Portfolio Adjustment Released","2020-11-03 07:21:55","2020-11-03 07:21:55","        ","LS2BATCH"
"PMLCH","Pricing Matrix Level Change","2020-11-03 07:21:55","2020-11-03 07:21:55","        ","LS2BATCH"
"POOL ","Pool Allocations Done","2020-11-03 07:21:55","2020-11-03 07:21:55","        ","LS2BATCH"
"PORTF","Portfolio Allocations Done","2020-11-03 07:21:55","2020-11-03 07:21:55","        ","LS2BATCH"
"PRCCH","Pricing Changed","2020-11-03 07:21:55","2020-11-03 07:21:55","        ","LS2BATCH"
"PRCHR","Pricing Change Transaction Released","2020-11-03 07:21:55","2020-11-03 07:21:55","        ","LS2BATCH"
"PRCVI","Conversion Applied","2020-11-03 07:21:55","2020-11-03 07:21:55","        ","LS2BATCH"
"PRDEC","Conversion Applied","2020-11-03 07:21:55","2020-11-03 07:21:55","        ","LS2BATCH"
"PREP ","Prepayment Penalty Fee Applied","2020-11-03 07:21:55","2020-11-03 07:21:55","        ","LS2BATCH"
"PRICE","Price Changed","2020-11-03 07:21:55","2020-11-03 07:21:55","        ","LS2BATCH"
"LATE ","Late Charge Fee Released","2020-11-03 07:22:06","2020-11-03 07:22:06","        ","LS2BATCH"
"PRINC","Increase Applied","2020-11-03 07:21:55","2020-11-03 07:21:55","        ","LS2BATCH"
"PRINP","Principal Payment Applied","2020-11-03 07:21:55","2020-11-03 07:21:55","        ","LS2BATCH"
"PROMB","Promoted From Background Agreement","2020-11-03 07:21:55","2020-11-03 07:21:55","        ","LS2BATCH"
"RRCNF","Reject Reason Code Not Found","2020-11-03 07:22:14","2020-11-03 07:22:14","        ","LS2BATCH"
"APBKD","Approved for Backdating","2020-11-03 07:22:07","2020-11-03 07:22:07","        ","LS2BATCH"
"CFCNA","Cashflow Cancellation Not Allowed","2020-11-03 07:22:14","2020-11-03 07:22:14","        ","LS2BATCH"
"RJBKD","Rejected for Backdating","2020-11-03 07:22:07","2020-11-03 07:22:07","        ","LS2BATCH"
"CFRNA","Cashflow Resubmission Not Allowed","2020-11-03 07:22:14","2020-11-03 07:22:14","        ","LS2BATCH"
"CFRSB","Cashflow Resubmitted","2020-11-03 07:22:14","2020-11-03 07:22:14","        ","LS2BATCH"
"CRELT","Cashflow Resubmission(s) Exceeded the Limit","2020-11-03 07:22:14","2020-11-03 07:22:14","        ","LS2BATCH"
"VFCFL","Cashflow Verified","2020-11-03 07:22:14","2020-11-03 07:22:14","        ","LS2BATCH"
"PROMS","Promoted From Standalone Outstanding","2020-11-03 07:21:55","2020-11-03 07:21:55","        ","LS2BATCH"
"PSCHG","Penalty Spread Changed","2020-11-03 07:21:55","2020-11-03 07:21:55","        ","LS2BATCH"
"PSDIN","Portfolio Deferred Indicator Set to No","2020-11-03 07:21:55","2020-11-03 07:21:55","        ","LS2BATCH"
"PSDIY","Portfolio Deferred Indicator Set to Yes","2020-11-03 07:21:55","2020-11-03 07:21:55","        ","LS2BATCH"
"PTSEL","Participation Transfer Sell","2020-11-03 07:21:55","2020-11-03 07:21:55","        ","LS2BATCH"
"PWAIV","Partially Waived Payment","2020-11-03 07:21:55","2020-11-03 07:21:55","        ","LS2BATCH"
"PXFRL","Portfolio Transfer Released","2020-11-03 07:21:55","2020-11-03 07:21:55","        ","LS2BATCH"
"RAARR","Reference Asset Approval Request Report Generated","2020-11-03 07:21:55","2020-11-03 07:21:55","        ","LS2BATCH"
"RACDT","RAC Repricing Date Changed","2020-11-03 07:21:55","2020-11-03 07:21:55","        ","LS2BATCH"
"RACRT","Set RAC Rate","2020-11-03 07:21:55","2020-11-03 07:21:55","        ","LS2BATCH"
"CBGLK","Budget Linked To Master Budget","2019-04-04 00:48:49","2019-04-04 00:48:49","        ","LS2BATCH"
"CBGDK","Budget De-linked from Master Budget","2019-04-04 00:48:49","2019-04-04 00:48:49","        ","LS2BATCH"
"ESVGR","End Servicing Transaction Released","2019-04-04 00:48:50","2019-04-04 00:48:50","        ","LS2BATCH"
"RJECT","Rejected","2014-01-13 17:16:44","2014-01-13 17:16:44","LS2BATCH","LS2BATCH"
"PSGD ","Prepayment Statement Generated","2014-01-13 17:16:44","2014-01-13 17:16:44","LS2BATCH","LS2BATCH"
"CERMD","Changed Expiry Rule/Date","2014-01-13 17:16:44","2014-01-13 17:16:44","LS2BATCH","LS2BATCH"
"CREXR","Exception Record Rule Created","2014-01-13 17:16:44","2014-01-13 17:16:44","LS2BATCH","LS2BATCH"
"UPEXR","Exception Record Rule Updated","2014-01-13 17:16:44","2014-01-13 17:16:44","LS2BATCH","LS2BATCH"
"COLAG","Collateral Agreement","2014-01-13 17:16:31","2014-01-13 17:16:31","LS2BATCH","LS2BATCH"
"JRTRD","Judicial Relief Transaction Released","2014-01-13 17:16:31","2014-01-13 17:16:31","LS2BATCH","LS2BATCH"
"TRTRD","Technical Relief Transaction Released","2014-01-13 17:16:31","2014-01-13 17:16:31","LS2BATCH","LS2BATCH"
"RATRD","Reactivation Transaction Released","2014-01-13 17:16:31","2014-01-13 17:16:31","LS2BATCH","LS2BATCH"
"CCTRD","Collateral Agreement Change Transaction Released","2014-01-13 17:16:31","2014-01-13 17:16:31","LS2BATCH","LS2BATCH"
"RNTRD","Registration Renew Transaction Released","2014-01-13 17:16:31","2014-01-13 17:16:31","LS2BATCH","LS2BATCH"
"RAPRD","Rates Approved","2020-11-03 07:21:55","2020-11-03 07:21:55","        ","LS2BATCH"
"RASRS","Swap Ad Hoc Rate Reset Transaction Released","2020-11-03 07:21:55","2020-11-03 07:21:55","        ","LS2BATCH"
"RCVY ","Recovery","2020-11-03 07:21:55","2020-11-03 07:21:55","        ","LS2BATCH"
"RDISB","Reverse Disbursement Applied","2020-11-03 07:21:55","2020-11-03 07:21:55","        ","LS2BATCH"
"RDSCT","Discount Rebate Released","2020-11-03 07:21:55","2020-11-03 07:21:55","        ","LS2BATCH"
"REACT","Reactivated","2020-11-03 07:21:55","2020-11-03 07:21:55","        ","LS2BATCH"
"RECLS","Accounting Reclass Performed","2020-11-03 07:21:55","2020-11-03 07:21:55","        ","LS2BATCH"
"RELOU","Released with over-utilization","2020-11-03 07:21:55","2020-11-03 07:21:55","        ","LS2BATCH"
"RELSD","Released","2020-11-03 07:21:55","2020-11-03 07:21:55","        ","LS2BATCH"
"RENEW","Renewed","2020-11-03 07:21:55","2020-11-03 07:21:55","        ","LS2BATCH"
"RENME","Renamed","2020-11-03 07:21:55","2020-11-03 07:21:55","        ","LS2BATCH"
"REOP ","Reopened","2020-11-03 07:21:55","2020-11-03 07:21:55","        ","LS2BATCH"
"REVEF","Reverse Event Fee Released","2020-11-03 07:21:55","2020-11-03 07:21:55","        ","LS2BATCH"
"REVEW","Reviewed","2020-11-03 07:21:55","2020-11-03 07:21:55","        ","LS2BATCH"
"RF   ","Reactivated","2020-11-03 07:21:55","2020-11-03 07:21:55","        ","LS2BATCH"
"RFFPM","Facing Fee Payment Reversed","2020-11-03 07:21:55","2020-11-03 07:21:55","        ","LS2BATCH"
"RIFPM","Issuance Fee Payment Reversed","2020-11-03 07:21:55","2020-11-03 07:21:55","        ","LS2BATCH"
"RINC ","Reverse Increase Released","2020-11-03 07:21:55","2020-11-03 07:21:55","        ","LS2BATCH"
"RLCFL","Released Cashflows","2020-11-03 07:21:55","2020-11-03 07:21:55","        ","LS2BATCH"
"RLCHF","Reverse Legal Writeoff Released","2020-11-03 07:21:55","2020-11-03 07:21:55","        ","LS2BATCH"
"RLDLC","Released Lender Copy","2020-11-03 07:21:55","2020-11-03 07:21:55","        ","LS2BATCH"
"RLNDF","Request Lender Fees","2020-11-03 07:21:55","2020-11-03 07:21:55","        ","LS2BATCH"
"RLNID","Reverse Loan Initial Drawdown Released","2020-11-03 07:21:55","2020-11-03 07:21:55","        ","LS2BATCH"
"RLQLR","Released Quick Loan Repricing","2020-11-03 07:21:55","2020-11-03 07:21:55","        ","LS2BATCH"
"RMCOL","Collateral Link Removed","2020-11-03 07:21:55","2020-11-03 07:21:55","        ","LS2BATCH"
"ROPEN","Returned to Open","2020-11-03 07:21:55","2020-11-03 07:21:55","        ","LS2BATCH"
"RPCOF","Replacement COF","2020-11-03 07:21:55","2020-11-03 07:21:55","        ","LS2BATCH"
"RPDTE","Repricing Date Changed","2020-11-03 07:21:55","2020-11-03 07:21:55","        ","LS2BATCH"
"RPEND","Returned to Pending","2020-11-03 07:21:55","2020-11-03 07:21:55","        ","LS2BATCH"
"RPFRQ","Repricing Frequency","2020-11-03 07:21:55","2020-11-03 07:21:55","        ","LS2BATCH"
"RPRIN","Reverse Loan Principal Payment Released","2020-11-03 07:21:55","2020-11-03 07:21:55","        ","LS2BATCH"
"RSBDC","Reverse SBLC/Guarantee Decrease Released","2020-11-03 07:21:55","2020-11-03 07:21:55","        ","LS2BATCH"
"RSBIN","Reverse SBLC/Guarantee Increase Released","2020-11-03 07:21:55","2020-11-03 07:21:55","        ","LS2BATCH"
"RSBIS","Reverse SBLC/Guarantee Issuance Released","2020-11-03 07:21:55","2020-11-03 07:21:55","        ","LS2BATCH"
"RSCHU","Repayment Schedule Updated","2020-11-03 07:21:55","2020-11-03 07:21:55","        ","LS2BATCH"
"RSRST","Swap Rate Reset Transaction Released","2020-11-03 07:21:55","2020-11-03 07:21:55","        ","LS2BATCH"
"RSTRC","Restructure Released","2020-11-03 07:21:55","2020-11-03 07:21:55","        ","LS2BATCH"
"RTA  ","Returned to Awaiting Send to Rate Approval","2020-11-03 07:21:55","2020-11-03 07:21:55","        ","LS2BATCH"
"RTAWA","Returned to Awaiting Approval","2020-11-03 07:21:55","2020-11-03 07:21:55","        ","LS2BATCH"
"RTCCA","Returned by Credit Control","2020-11-03 07:21:55","2020-11-03 07:21:55","        ","LS2BATCH"
"RTEBS","Rate Basis Changed","2020-11-03 07:21:55","2020-11-03 07:21:55","        ","LS2BATCH"
"RTECH","Rate Changed","2020-11-03 07:21:55","2020-11-03 07:21:55","        ","LS2BATCH"
"RTP  ","Returned to Awaiting Send to Approval","2020-11-03 07:21:55","2020-11-03 07:21:55","        ","LS2BATCH"
"RVPMT","Reverse Payment Released","2020-11-03 07:21:55","2020-11-03 07:21:55","        ","LS2BATCH"
"RVSCH","Reviewed Schedule","2020-11-03 07:21:55","2020-11-03 07:21:55","        ","LS2BATCH"
"SAAA ","Stabilization Accrual Adjustment Applied","2020-11-03 07:21:55","2020-11-03 07:21:55","        ","LS2BATCH"
"SACAN","Share Adjustment Cancelled","2020-11-03 07:21:55","2020-11-03 07:21:55","        ","LS2BATCH"
"SAGCH","Swap Agreement Changed","2020-11-03 07:21:55","2020-11-03 07:21:55","        ","LS2BATCH"
"SAMP ","Amendment Processing Fee Payment Released","2020-11-03 07:21:55","2020-11-03 07:21:55","        ","LS2BATCH"
"SAREL","Share Adjustment Released","2020-11-03 07:21:55","2020-11-03 07:21:55","        ","LS2BATCH"
"SBALC","Loan Schedule Balance Change","2020-11-03 07:21:55","2020-11-03 07:21:55","        ","LS2BATCH"
"SBLCE","Auto Extension Fee Payment Released","2020-11-03 07:21:55","2020-11-03 07:21:55","        ","LS2BATCH"
"SBLCF","SBLC/Guarantee Fee Enablement","2020-11-03 07:21:55","2020-11-03 07:21:55","        ","LS2BATCH"
"SBLCL","SBLC Fee Accrual Rule Linkage","2020-11-03 07:21:55","2020-11-03 07:21:55","        ","LS2BATCH"
"SBLCP","Payment Processing Fee Payment Released","2020-11-03 07:21:55","2020-11-03 07:21:55","        ","LS2BATCH"
"SBLCT","Transfer/Assignment Fee Payment Released","2020-11-03 07:21:55","2020-11-03 07:21:55","        ","LS2BATCH"
"SCFXR","Set Cashflow F/X Rate","2020-11-03 07:21:55","2020-11-03 07:21:55","        ","LS2BATCH"
"SCHFX","Repayment Schedule Change Notice Generated","2020-11-03 07:21:55","2020-11-03 07:21:55","        ","LS2BATCH"
"SCNRV","Schedule Changed to Needs Review","2020-11-03 07:21:55","2020-11-03 07:21:55","        ","LS2BATCH"
"SECCH","Securitization Changed","2020-11-03 07:21:55","2020-11-03 07:21:55","        ","LS2BATCH"
"SECUD","Collateral Secured Level Changed","2020-11-03 07:21:55","2020-11-03 07:21:55","        ","LS2BATCH"
"SETUP","Setup","2020-11-03 07:21:55","2020-11-03 07:21:55","        ","LS2BATCH"
"SFXRT","Set F/X Rate","2020-11-03 07:21:55","2020-11-03 07:21:55","        ","LS2BATCH"
"SGAPP","Servicing Group Change Approved","2020-11-03 07:21:55","2020-11-03 07:21:55","        ","LS2BATCH"
"SGCAN","Servicing Group Change Cancelled","2020-11-03 07:21:55","2020-11-03 07:21:55","        ","LS2BATCH"
"SGCHG","Servicing Group Changed","2020-11-03 07:21:55","2020-11-03 07:21:55","        ","LS2BATCH"
"SGREL","Servicing Group Change Released","2020-11-03 07:21:55","2020-11-03 07:21:55","        ","LS2BATCH"
"SGTRD","SBLC Group Transaction Released","2020-11-03 07:21:55","2020-11-03 07:21:55","        ","LS2BATCH"
"SHRCH","Share Change","2020-11-03 07:21:55","2020-11-03 07:21:55","        ","LS2BATCH"
"SLGIN","Successful Login","2020-11-03 07:21:55","2020-11-03 07:21:55","        ","LS2BATCH"
"SLMEL","SLM Eligible Indicator Changed","2020-11-03 07:21:55","2020-11-03 07:21:55","        ","LS2BATCH"
"SNSHT","Ran Snapshot Report","2020-11-03 07:21:55","2020-11-03 07:21:55","        ","LS2BATCH"
"INTRD","Registration Inactivation Transaction Released","2014-01-13 17:16:31","2014-01-13 17:16:31","LS2BATCH","LS2BATCH"
"RETRD","Registration Reactivation Transaction Released","2014-01-13 17:16:31","2014-01-13 17:16:31","LS2BATCH","LS2BATCH"
"CALIC","Collateral Agreement Liability has Cancelled","2014-01-13 17:16:31","2014-01-13 17:16:31","LS2BATCH","LS2BATCH"
"ACNPW","Released Auto-Change To Non-Performing Temporary W","2019-04-04 00:48:49","2019-04-04 00:48:49","        ","LS2BATCH"
"TRCFL","Third Party Recipient Cashflow Completed","2019-04-04 00:48:49","2019-04-04 00:48:49","        ","LS2BATCH"
"TRCFR","Third Party Recipient Cashflow Reversed","2019-04-04 00:48:49","2019-04-04 00:48:49","        ","LS2BATCH"
"TRRAC","Third Party Recipient Reportable Amount Changed","2019-04-04 00:48:49","2019-04-04 00:48:49","        ","LS2BATCH"
"SPYCH","Swap Party Changed","2020-11-03 07:21:55","2020-11-03 07:21:55","        ","LS2BATCH"
"SRIPR","Stabilization Reverse Interest Payment Released","2020-11-03 07:21:55","2020-11-03 07:21:55","        ","LS2BATCH"
"SRRNG","Swap Rate Reset Notices Generated","2020-11-03 07:21:55","2020-11-03 07:21:55","        ","LS2BATCH"
"SSPRD","Spread Changed","2020-11-03 07:21:55","2020-11-03 07:21:55","        ","LS2BATCH"
"STA  ","Sent to Approval","2020-11-03 07:21:55","2020-11-03 07:21:55","        ","LS2BATCH"
"STAMD","Swap Trade Amendment Released","2020-11-03 07:21:55","2020-11-03 07:21:55","        ","LS2BATCH"
"STCH ","Status Change","2020-11-03 07:21:55","2020-11-03 07:21:55","        ","LS2BATCH"
"STI  ","Sent to IntraLinks","2020-11-03 07:21:55","2020-11-03 07:21:55","        ","LS2BATCH"
"STLCH","Settlement Data Changed","2020-11-03 07:21:55","2020-11-03 07:21:55","        ","LS2BATCH"
"STLRL","Portfolio Settled Discount Change Released","2020-11-03 07:21:55","2020-11-03 07:21:55","        ","LS2BATCH"
"STLRP","Settlement Report Generated","2020-11-03 07:21:55","2020-11-03 07:21:55","        ","LS2BATCH"
"STRA ","Sent to Rate Approval","2020-11-03 07:21:55","2020-11-03 07:21:55","        ","LS2BATCH"
"STRCH","Swap Trade Changed","2020-11-03 07:21:55","2020-11-03 07:21:55","        ","LS2BATCH"
"STRLD","Swap Termination Released","2020-11-03 07:21:55","2020-11-03 07:21:55","        ","LS2BATCH"
"STSA ","Sent to Settlement Approval","2020-11-03 07:21:55","2020-11-03 07:21:55","        ","LS2BATCH"
"STTCH","Swap Trade Termination Changed","2020-11-03 07:21:55","2020-11-03 07:21:55","        ","LS2BATCH"
"SWRBR","Set Swap Receive Base Rate","2020-11-03 07:21:55","2020-11-03 07:21:55","        ","LS2BATCH"
"SWSTR","Swap Settlement Released","2020-11-03 07:21:55","2020-11-03 07:21:55","        ","LS2BATCH"
"TD   ","Terminated","2020-11-03 07:21:55","2020-11-03 07:21:55","        ","LS2BATCH"
"TDLRL","Portfolio Trade Discount Change Released","2020-11-03 07:21:55","2020-11-03 07:21:55","        ","LS2BATCH"
"TERM ","Terminated","2020-11-03 07:21:56","2020-11-03 07:21:56","        ","LS2BATCH"
"THRES","Collateral Threshold Changed","2020-11-03 07:21:56","2020-11-03 07:21:56","        ","LS2BATCH"
"TKFCR","Ticking Fee Created","2020-11-03 07:21:56","2020-11-03 07:21:56","        ","LS2BATCH"
"TRAN ","Transaction Type Changed","2020-11-03 07:21:56","2020-11-03 07:21:56","        ","LS2BATCH"
"TRAPR","Treasury (COF) API Rejected","2020-11-03 07:21:56","2020-11-03 07:21:56","        ","LS2BATCH"
"TRBFS","Treasury Breakfunding Fee Set","2020-11-03 07:21:56","2020-11-03 07:21:56","        ","LS2BATCH"
"TRCHS","Transaction Status Changed","2020-11-03 07:21:56","2020-11-03 07:21:56","        ","LS2BATCH"
"TRMCH","Termination Data Changed","2020-11-03 07:21:56","2020-11-03 07:21:56","        ","LS2BATCH"
"TRREC","Trade Received","2020-11-03 07:21:56","2020-11-03 07:21:56","        ","LS2BATCH"
"TRRVW","Reviewed by Treasury","2020-11-03 07:21:56","2020-11-03 07:21:56","        ","LS2BATCH"
"UCNED","Claim on Exporter/Depositor Generated","2020-11-03 07:21:56","2020-11-03 07:21:56","        ","LS2BATCH"
"UCNGU","Claim on Guarantor Generated","2020-11-03 07:21:56","2020-11-03 07:21:56","        ","LS2BATCH"
"UCNIE","Claim on Insuring Exporter Generated","2020-11-03 07:21:56","2020-11-03 07:21:56","        ","LS2BATCH"
"UCNRP","Claim on Risk Participant Generated","2020-11-03 07:21:56","2020-11-03 07:21:56","        ","LS2BATCH"
"UDBID","User Database Connection ID Changed","2020-11-03 07:21:56","2020-11-03 07:21:56","        ","LS2BATCH"
"UENUM","User Employee Number Changed","2020-11-03 07:21:56","2020-11-03 07:21:56","        ","LS2BATCH"
"UEXDT","User Password Expiry Date Changed","2020-11-03 07:21:56","2020-11-03 07:21:56","        ","LS2BATCH"
"UFFP1","Amendment Fee Payment from Borrower/Agent","2020-11-03 07:21:56","2020-11-03 07:21:56","        ","LS2BATCH"
"ULGID","User Login ID Changed","2020-11-03 07:21:56","2020-11-03 07:21:56","        ","LS2BATCH"
"ULOCK","User Locked","2020-11-03 07:21:56","2020-11-03 07:21:56","        ","LS2BATCH"
"UNAVL","Unavailable Changed","2020-11-03 07:21:56","2020-11-03 07:21:56","        ","LS2BATCH"
"UNCAN","Uncancelled","2020-11-03 07:21:56","2020-11-03 07:21:56","        ","LS2BATCH"
"UNCFL","Undo Cashflow","2020-11-03 07:21:56","2020-11-03 07:21:56","        ","LS2BATCH"
"UPASS","User Password Changed","2020-11-03 07:21:56","2020-11-03 07:21:56","        ","LS2BATCH"
"UPBRL","Unpaid Released","2020-11-03 07:21:56","2020-11-03 07:21:56","        ","LS2BATCH"
"UPRC ","Upfront Fee Pricing Change","2020-11-03 07:21:56","2020-11-03 07:21:56","        ","LS2BATCH"
"UPTTE","Updated by Trade Ticket Entry","2020-11-03 07:21:56","2020-11-03 07:21:56","        ","LS2BATCH"
"USUPR","User Super User Indicator Changed","2020-11-03 07:21:56","2020-11-03 07:21:56","        ","LS2BATCH"
"UUNLK","User Unlocked","2020-11-03 07:21:56","2020-11-03 07:21:56","        ","LS2BATCH"
"UXSTP","Created Stop Payment Claim Extract","2020-11-03 07:21:56","2020-11-03 07:21:56","        ","LS2BATCH"
"UXTAM","Created Amended Payment Claim Extract","2020-11-03 07:21:56","2020-11-03 07:21:56","        ","LS2BATCH"
"UXTNP","Created Non Payment Notice Extract","2020-11-03 07:21:56","2020-11-03 07:21:56","        ","LS2BATCH"
"UXTPC","Created Payment Claim Extract","2020-11-03 07:21:56","2020-11-03 07:21:56","        ","LS2BATCH"
"VTL  ","Violation of Trading Lines","2020-11-03 07:21:56","2020-11-03 07:21:56","        ","LS2BATCH"
"WMTMO","Waived Amount Modified","2020-11-03 07:21:56","2020-11-03 07:21:56","        ","LS2BATCH"
"CHRST","Changed Risk Type","2014-01-13 17:16:27","2014-01-13 17:16:27","LS2BATCH","LS2BATCH"
"AMSSC","Amortization Schedule Status Changed","2014-01-13 17:16:28","2014-01-13 17:16:28","LS2BATCH","LS2BATCH"
"PPMT ","Principal Prepayment Applied","2014-01-13 17:16:28","2014-01-13 17:16:28","LS2BATCH","LS2BATCH"
"RSIC ","Repayment Schedule Sync Indicator Changed","2014-01-13 17:16:28","2014-01-13 17:16:28","LS2BATCH","LS2BATCH"
"ARSA ","Automatic Repayment Schedule Adjustment Applied","2014-01-13 17:16:28","2014-01-13 17:16:28","LS2BATCH","LS2BATCH"
"AECR ","External Cash Reconciliation Completed","2014-01-13 17:16:28","2014-01-13 17:16:28","LS2BATCH","LS2BATCH"
"USDRM","Reminder Completed","2020-11-03 07:21:56","2020-11-03 07:21:56","        ","LS2BATCH"
"CFUNC","Cashflow Uncompleted","2020-11-03 07:21:56","2020-11-03 07:21:56","        ","LS2BATCH"
"CFCMM","Cashflow CMA/CMT Matched","2020-11-03 07:21:56","2020-11-03 07:21:56","        ","LS2BATCH"
"CFCUM","Cashflow CMA/CMT Unmatched","2020-11-03 07:21:56","2020-11-03 07:21:56","        ","LS2BATCH"
"CFCMU","Cashflow CMA/CMT Match Undone","2020-11-03 07:21:56","2020-11-03 07:21:56","        ","LS2BATCH"
"UPRBU","User Profile Riskbook Updated","2019-09-20 16:40:41","2019-09-20 16:40:41","        ","LS2BATCH"
"RRCHG","Rounding Rules Changed","2019-04-04 00:48:49","2019-04-04 00:48:49","        ","LS2BATCH"
"EOCCH","EOC DDLPI Date Changed","2020-11-03 07:21:58","2020-11-03 07:21:58","        ","LS2BATCH"
"EOMCH","EOM DDLPI Date Changed","2020-11-03 07:21:58","2020-11-03 07:21:58","        ","LS2BATCH"
"BAJCH","Budget Adjustment Details Changed","2019-04-04 00:48:49","2019-04-04 00:48:49","        ","LS2BATCH"
"CMPLT","Completed","2020-11-03 07:21:58","2020-11-03 07:21:58","        ","LS2BATCH"
"NCRVD","Non-Cash components Received","2014-01-13 17:16:27","2014-01-13 17:16:27","LS2BATCH","LS2BATCH"
"GFREL","Good Faith Deposit Released","2014-01-13 17:16:27","2014-01-13 17:16:27","LS2BATCH","LS2BATCH"
"REGRL","Good Faith Deposit Return Released","2014-01-13 17:16:27","2014-01-13 17:16:27","LS2BATCH","LS2BATCH"
"RTGRL","Good Faith Deposit Retain Released","2014-01-13 17:16:27","2014-01-13 17:16:27","LS2BATCH","LS2BATCH"
"SFRFA","Servicing Fee Rate Updated by Facility","2014-01-13 17:16:26","2014-01-13 17:16:26","LS2BATCH","LS2BATCH"
"SFCHG","Servicing Fee Rate Changed","2014-01-13 17:16:26","2014-01-13 17:16:26","LS2BATCH","LS2BATCH"
"GFCHG","Guarantee Fee Rate Changed","2014-01-13 17:16:27","2014-01-13 17:16:27","LS2BATCH","LS2BATCH"
"IMSTC","Impairment Status Changed","2019-04-04 00:48:51","2019-04-04 00:48:51","        ","LS2BATCH"
"99AC ","Separate forms for 1099-A and 1099-C Indicator Cha","2020-11-03 07:21:54","2020-11-03 07:21:54","        ","LS2BATCH"
"AACMP","Assignment Agreement Completed","2020-11-03 07:21:54","2020-11-03 07:21:54","        ","LS2BATCH"
"AASAA","Assignment Agreement signed by Agent","2020-11-03 07:21:54","2020-11-03 07:21:54","        ","LS2BATCH"
"ACADJ","Accrual Shares Adjustment Applied","2020-11-03 07:21:54","2020-11-03 07:21:54","        ","LS2BATCH"
"ACCAN","Availability Change Cancelled","2020-11-03 07:21:54","2020-11-03 07:21:54","        ","LS2BATCH"
"ACCR ","Changed to Accrual","2020-11-03 07:21:54","2020-11-03 07:21:54","        ","LS2BATCH"
"ACHNP","Auto Change To Non Performing Status Modified","2020-11-03 07:21:54","2020-11-03 07:21:54","        ","LS2BATCH"
"ACJCL","Accrual Adjustment Cancelled","2020-11-03 07:21:54","2020-11-03 07:21:54","        ","LS2BATCH"
"ACOFE","Auto-COF Eligibility Changed","2020-11-03 07:21:54","2020-11-03 07:21:54","        ","LS2BATCH"
"ACOFF","Accrual/Amortization Indicator Set to Off","2020-11-03 07:21:54","2020-11-03 07:21:54","        ","LS2BATCH"
"ACON ","Accrual/Amortization Indicator Set to On","2020-11-03 07:21:54","2020-11-03 07:21:54","        ","LS2BATCH"
"ACPSC","Confirmation Signed by Counterparty","2020-11-03 07:21:54","2020-11-03 07:21:54","        ","LS2BATCH"
"ACREL","Availability Change Released","2020-11-03 07:21:54","2020-11-03 07:21:54","        ","LS2BATCH"
"ACSAA","Assignment Agreement signed by Counterparty","2020-11-03 07:21:54","2020-11-03 07:21:54","        ","LS2BATCH"
"ACTI ","Activation Fee Payment Released","2020-11-03 07:21:54","2020-11-03 07:21:54","        ","LS2BATCH"
"ADCOL","Collateral Link Added","2020-11-03 07:21:54","2020-11-03 07:21:54","        ","LS2BATCH"
"ADFLC","Additional Fields Changed","2020-11-03 07:21:54","2020-11-03 07:21:54","        ","LS2BATCH"
"ADJST","Automatic Share Adjustment Applied","2020-11-03 07:21:54","2020-11-03 07:21:54","        ","LS2BATCH"
"ADVRT","Advance Rate Changed","2020-11-03 07:21:54","2020-11-03 07:21:54","        ","LS2BATCH"
"AE   ","Availability Expired","2020-11-03 07:21:54","2020-11-03 07:21:54","        ","LS2BATCH"
"AFPEX","Accrue Past Expiry Date Indicator Changed","2020-11-03 07:21:54","2020-11-03 07:21:54","        ","LS2BATCH"
"AFPRC","Additional Circle Fee Pricing Changed","2020-11-03 07:21:54","2020-11-03 07:21:54","        ","LS2BATCH"
"AHBSC","Confirmation Signed by Host Bank","2020-11-03 07:21:54","2020-11-03 07:21:54","        ","LS2BATCH"
"AHSAA","Assignment Agreement signed by Host Bank","2020-11-03 07:21:54","2020-11-03 07:21:54","        ","LS2BATCH"
"AICAP","All-In Rate Cap Changed","2020-11-03 07:21:54","2020-11-03 07:21:54","        ","LS2BATCH"
"AIFLR","All-In Rate Floor Changed","2020-11-03 07:21:54","2020-11-03 07:21:54","        ","LS2BATCH"
"AMADJ","Amortization Adjustment Applied","2020-11-03 07:21:54","2020-11-03 07:21:54","        ","LS2BATCH"
"AMFDC","Amendment Fee Payment Distribution Cancelled","2020-11-03 07:21:54","2020-11-03 07:21:54","        ","LS2BATCH"
"AMFDS","Amendment Fee Payment Distribution","2020-11-03 07:21:54","2020-11-03 07:21:54","        ","LS2BATCH"
"AMJCL","Amortization Adjustment Cancelled","2020-11-03 07:21:54","2020-11-03 07:21:54","        ","LS2BATCH"
"AMMAT","Changed Estimated Maturity/Life","2020-11-03 07:21:54","2020-11-03 07:21:54","        ","LS2BATCH"
"AMMCH","Amortization Method Changed","2020-11-03 07:21:54","2020-11-03 07:21:54","        ","LS2BATCH"
"AMND ","Amendment Released","2020-11-03 07:21:54","2020-11-03 07:21:54","        ","LS2BATCH"
"AMTCH","Flat Amount Changed","2020-11-03 07:21:54","2020-11-03 07:21:54","        ","LS2BATCH"
"ANACP","Escrow Account Annual Analysis Completed","2020-11-03 07:21:54","2020-11-03 07:21:54","        ","LS2BATCH"
"AOAC ","As Of Accrual Triggered","2020-11-03 07:21:54","2020-11-03 07:21:54","        ","LS2BATCH"
"AOAMT","As Of Amortization Triggered","2020-11-03 07:21:54","2020-11-03 07:21:54","        ","LS2BATCH"
"APCCA","Approved by Credit Control","2020-11-03 07:21:54","2020-11-03 07:21:54","        ","LS2BATCH"
"APPOU","Approved with over-utilization","2020-11-03 07:21:54","2020-11-03 07:21:54","        ","LS2BATCH"
"APPST","Approved for Settlement","2020-11-03 07:21:54","2020-11-03 07:21:54","        ","LS2BATCH"
"APRVD","Approved","2020-11-03 07:21:54","2020-11-03 07:21:54","        ","LS2BATCH"
"ARMCH","ARM Plan Changed","2020-11-03 07:21:54","2020-11-03 07:21:54","        ","LS2BATCH"
"ARMCR","ARM Plan Created","2020-11-03 07:21:54","2020-11-03 07:21:54","        ","LS2BATCH"
"ARMDL","ARM Plan Deleted","2020-11-03 07:21:54","2020-11-03 07:21:54","        ","LS2BATCH"
"ASACR","Cashflow Release Approved","2020-11-03 07:21:54","2020-11-03 07:21:54","        ","LS2BATCH"
"ASGRL","Portfolio Assignable Change Released","2020-11-03 07:21:54","2020-11-03 07:21:54","        ","LS2BATCH"
"ASNDT","Sent to Treasury Review","2020-11-03 07:21:54","2020-11-03 07:21:54","        ","LS2BATCH"
"ASSMR","Assumption Transaction Released","2020-11-03 07:21:54","2020-11-03 07:21:54","        ","LS2BATCH"
"ATPLS","Automatic Portfolio Adjustment Released","2020-11-03 07:21:54","2020-11-03 07:21:54","        ","LS2BATCH"
"ATRVW","Additional Treasury Review","2020-11-03 07:21:54","2020-11-03 07:21:54","        ","LS2BATCH"
"AUTEX","Automatically Extended","2020-11-03 07:21:54","2020-11-03 07:21:54","        ","LS2BATCH"
"AUTOR","Auto-Released","2020-11-03 07:21:54","2020-11-03 07:21:54","        ","LS2BATCH"
"BBCHG","Borrowing Base Changed","2020-11-03 07:21:54","2020-11-03 07:21:54","        ","LS2BATCH"
"BCRAJ","Benefit of Commitment Reduction Adjustment","2020-11-03 07:21:54","2020-11-03 07:21:54","        ","LS2BATCH"
"BCRRV","Benefit of Commitment Reduction Reversal","2020-11-03 07:21:54","2020-11-03 07:21:54","        ","LS2BATCH"
"BDEDC","Budget Draw Effective Date Changed","2020-11-03 07:21:54","2020-11-03 07:21:54","        ","LS2BATCH"
"BFCMP","Complete Breakfunding","2020-11-03 07:21:54","2020-11-03 07:21:54","        ","LS2BATCH"
"BFFEE","Breakfunding Fee Applied","2020-11-03 07:21:54","2020-11-03 07:21:54","        ","LS2BATCH"
"BFRVW","Breakfunding Review","2020-11-03 07:21:54","2020-11-03 07:21:54","        ","LS2BATCH"
"BIDA ","Competitive Bid Agency Fee Payment Released","2020-11-03 07:21:54","2020-11-03 07:21:54","        ","LS2BATCH"
"BIDF ","Borrower in Default","2020-11-03 07:21:54","2020-11-03 07:21:54","        ","LS2BATCH"
"BILTR","Bill Trigger Created","2020-11-03 07:21:54","2020-11-03 07:21:54","        ","LS2BATCH"
"BLKTR","Block Trade Allocation","2020-11-03 07:21:54","2020-11-03 07:21:54","        ","LS2BATCH"
"BRPA ","Branch/Processing Area Changed","2020-11-03 07:21:54","2020-11-03 07:21:54","        ","LS2BATCH"
"BSCHC","Balance Schedule Changed","2020-11-03 07:21:54","2020-11-03 07:21:54","        ","LS2BATCH"
"BSPRC","Buy/Sell Price Change","2020-11-03 07:21:54","2020-11-03 07:21:54","        ","LS2BATCH"
"BUYB ","Participation Buyback","2020-11-03 07:21:54","2020-11-03 07:21:54","        ","LS2BATCH"
"BXAF ","Acceptance Fee Released","2020-11-03 07:21:54","2020-11-03 07:21:54","        ","LS2BATCH"
"BXDSC","Discounted","2020-11-03 07:21:54","2020-11-03 07:21:54","        ","LS2BATCH"
"BXPRP","Preparation Fee Released","2020-11-03 07:21:54","2020-11-03 07:21:54","        ","LS2BATCH"
"BXRED","Rediscounted","2020-11-03 07:21:54","2020-11-03 07:21:54","        ","LS2BATCH"
"BXRLV","Rollover Fee Released","2020-11-03 07:21:54","2020-11-03 07:21:54","        ","LS2BATCH"
"CAD  ","Credit Agreement Date","2020-11-03 07:21:54","2020-11-03 07:21:54","        ","LS2BATCH"
"CAN  ","Cancelled","2020-11-03 07:21:54","2020-11-03 07:21:54","        ","LS2BATCH"
"CANCN","Cancelled Consents","2020-11-03 07:21:54","2020-11-03 07:21:54","        ","LS2BATCH"
"CAPCH","Capitalization Rule Changed","2020-11-03 07:21:54","2020-11-03 07:21:54","        ","LS2BATCH"
"CBADJ","Budget Adjustment Released","2020-11-03 07:21:54","2020-11-03 07:21:54","        ","LS2BATCH"
"CBDRA","Budget Draw Reallocated","2020-11-03 07:21:54","2020-11-03 07:21:54","        ","LS2BATCH"
"CBDRL","Budget Draw Released","2020-11-03 07:21:54","2020-11-03 07:21:54","        ","LS2BATCH"
"CBDRR","Budget Reverse Draw Released","2020-11-03 07:21:54","2020-11-03 07:21:54","        ","LS2BATCH"
"CDSDC","Reset Date Change","2020-11-03 07:21:54","2020-11-03 07:21:54","        ","LS2BATCH"
"CDSRC","Market Rate Changed","2020-11-03 07:21:54","2020-11-03 07:21:54","        ","LS2BATCH"
"CDTE ","Lender Maturity/Expiry Date Change","2020-11-03 07:21:54","2020-11-03 07:21:54","        ","LS2BATCH"
"CEM  ","Change Expiry/Maturity","2020-11-03 07:21:54","2020-11-03 07:21:54","        ","LS2BATCH"
"CFCAN","Cashflow Cancelled","2020-11-03 07:21:54","2020-11-03 07:21:54","        ","LS2BATCH"
"CFCMP","Confirmation Completed","2020-11-03 07:21:54","2020-11-03 07:21:54","        ","LS2BATCH"
"CFREL","Cashflow Released","2020-11-03 07:21:54","2020-11-03 07:21:54","        ","LS2BATCH"
"CHANG","Change Transaction Applied","2020-11-03 07:21:54","2020-11-03 07:21:54","        ","LS2BATCH"
"CHEXP","Expiry Date Changed","2020-11-03 07:21:54","2020-11-03 07:21:54","        ","LS2BATCH"
"CHFCU","Facility Add Cutoff Date Changed","2020-11-03 07:21:54","2020-11-03 07:21:54","        ","LS2BATCH"
"CHFTY","Type Changed","2020-11-03 07:21:54","2020-11-03 07:21:54","        ","LS2BATCH"
"CHGEN","Changed Auto-Gen Indicator","2020-11-03 07:21:54","2020-11-03 07:21:54","        ","LS2BATCH"
"CHMAT","Maturity Date Changed","2020-11-03 07:21:54","2020-11-03 07:21:54","        ","LS2BATCH"
"CHNUM","Changed Amendment Number","2020-11-03 07:21:54","2020-11-03 07:21:54","        ","LS2BATCH"
"CHOFF","Changed to Partially/Fully Charged-Off","2020-11-03 07:21:54","2020-11-03 07:21:54","        ","LS2BATCH"
"CHOFR","Chargeoff Released","2020-11-03 07:21:54","2020-11-03 07:21:54","        ","LS2BATCH"
"CHPDL","Changed payment to distributed to lenders","2020-11-03 07:21:54","2020-11-03 07:21:54","        ","LS2BATCH"
"CHPND","Changed payment to non-distributed","2020-11-03 07:21:54","2020-11-03 07:21:54","        ","LS2BATCH"
"CHREL","Changed Auto-Release Indicator","2020-11-03 07:21:54","2020-11-03 07:21:54","        ","LS2BATCH"
"CHTYP","Lender Share Type Changed","2020-11-03 07:21:54","2020-11-03 07:21:54","        ","LS2BATCH"
"CHUSE","Estimated Usage Changed","2020-11-03 07:21:54","2020-11-03 07:21:54","        ","LS2BATCH"
"CIFAS","CIF Number Assigned","2020-11-03 07:21:54","2020-11-03 07:21:54","        ","LS2BATCH"
"CIFRS","CIF Number Reset","2020-11-03 07:21:54","2020-11-03 07:21:54","        ","LS2BATCH"
"CIFUP","CIF Number Manually Updated","2020-11-03 07:21:54","2020-11-03 07:21:54","        ","LS2BATCH"
"CIRD ","Circled","2020-11-03 07:21:54","2020-11-03 07:21:54","        ","LS2BATCH"
"CLBRC","Collateral Group Branch Changed","2020-11-03 07:21:54","2020-11-03 07:21:54","        ","LS2BATCH"
"CLCRC","Collateral Group Currency Changed","2020-11-03 07:21:54","2020-11-03 07:21:54","        ","LS2BATCH"
"CLDPC","Collateral Group Department Changed","2020-11-03 07:21:54","2020-11-03 07:21:54","        ","LS2BATCH"
"CLDT ","Closed","2020-11-03 07:21:54","2020-11-03 07:21:54","        ","LS2BATCH"
"CLGMA","Collateral Group Member(s) Added","2020-11-03 07:21:54","2020-11-03 07:21:54","        ","LS2BATCH"
"CLGMD","Collateral Group Member(s) Deleted","2020-11-03 07:21:54","2020-11-03 07:21:54","        ","LS2BATCH"
"CLGNC","Collateral Group Name Changed","2020-11-03 07:21:54","2020-11-03 07:21:54","        ","LS2BATCH"
"CLGRC","Collateral Group Created","2020-11-03 07:21:54","2020-11-03 07:21:54","        ","LS2BATCH"
"CLGRD","Collateral Group Deleted","2020-11-03 07:21:54","2020-11-03 07:21:54","        ","LS2BATCH"
"CLOGU","Claim On Guarantor Generated","2020-11-03 07:21:54","2020-11-03 07:21:54","        ","LS2BATCH"
"CLTRI","Confirmation Letter Issued","2020-11-03 07:21:54","2020-11-03 07:21:54","        ","LS2BATCH"
"CLTRR","Confirmation Letter Received","2020-11-03 07:21:54","2020-11-03 07:21:54","        ","LS2BATCH"
"CMCAN","Commitment Change Cancelled","2020-11-03 07:21:54","2020-11-03 07:21:54","        ","LS2BATCH"
"CMD  ","Commitment Decrease Released","2020-11-03 07:21:54","2020-11-03 07:21:54","        ","LS2BATCH"
"CMI  ","Commitment Increase Released","2020-11-03 07:21:54","2020-11-03 07:21:54","        ","LS2BATCH"
"CNRVW","Changed to Needs Review","2020-11-03 07:21:54","2020-11-03 07:21:54","        ","LS2BATCH"
"COFAD","Cost of Funds Adjustment","2020-11-03 07:21:54","2020-11-03 07:21:54","        ","LS2BATCH"
"COLCH","Collateral Changed","2020-11-03 07:21:54","2020-11-03 07:21:54","        ","LS2BATCH"
"COPY ","Copied","2020-11-03 07:21:54","2020-11-03 07:21:54","        ","LS2BATCH"
"CORCH","Country of Risk Change","2020-11-03 07:21:54","2020-11-03 07:21:54","        ","LS2BATCH"
"COVCH","Covenant Change","2020-11-03 07:21:54","2020-11-03 07:21:54","        ","LS2BATCH"
"CPHCH","Phase Changed","2020-11-03 07:21:54","2020-11-03 07:21:54","        ","LS2BATCH"
"CPHD ","Phase Deleted","2020-11-03 07:21:54","2020-11-03 07:21:54","        ","LS2BATCH"
"CPNFD","Counterparty Notified of Funding Decisions","2020-11-03 07:21:54","2020-11-03 07:21:54","        ","LS2BATCH"
"CPTC ","Coupon Type Changed","2020-11-03 07:21:54","2020-11-03 07:21:54","        ","LS2BATCH"
"CRCFL","Cashflows Created","2020-11-03 07:21:54","2020-11-03 07:21:54","        ","LS2BATCH"
"CRDEL","Capitalization Rule Deleted","2020-11-03 07:21:54","2020-11-03 07:21:54","        ","LS2BATCH"
"LCILC","SBLC Issuer Limit Created","2020-11-03 07:22:12","2020-11-03 07:22:12","        ","LS2BATCH"
"LCILD","SBLC Issuer Limit Deleted","2020-11-03 07:22:12","2020-11-03 07:22:12","        ","LS2BATCH"
"LCILM","SBLC Issuer Limit Modified","2020-11-03 07:22:12","2020-11-03 07:22:12","        ","LS2BATCH"
"FECCH","Facility Extension Clause Changed","2020-11-03 07:22:12","2020-11-03 07:22:12","        ","LS2BATCH"
"FECDE","Facility Extension Clause Deleted","2020-11-03 07:22:12","2020-11-03 07:22:12","        ","LS2BATCH"
"EXTCH","Extension Category Changed","2020-11-03 07:22:12","2020-11-03 07:22:12","        ","LS2BATCH"
"INDCH","Inclusive Duration Changed","2020-11-03 07:22:12","2020-11-03 07:22:12","        ","LS2BATCH"
"FEFR ","Free Form Event Fee Released","2020-11-03 07:22:13","2020-11-03 07:22:13","        ","LS2BATCH"
"BBUTL","ABL Borrowing Base Utilization","2020-04-24 21:25:10","2020-04-24 21:25:10","        ","LS2BATCH"
"AMPF ","Amendment Processing Fee Released","2020-04-24 21:25:13","2020-04-24 21:25:13","        ","LS2BATCH"
"CBDAF","Competitive Bid Agency Fee Released","2020-04-24 21:25:13","2020-04-24 21:25:13","        ","LS2BATCH"
"LCFIP","Issuance Processing Fee Released","2020-04-24 21:25:13","2020-04-24 21:25:13","        ","LS2BATCH"
"ACTIF","Activation Fee Released","2020-04-24 21:25:13","2020-04-24 21:25:13","        ","LS2BATCH"
"SBLCR","Auto Extension Fee Released","2020-04-24 21:25:13","2020-04-24 21:25:13","        ","LS2BATCH"
"LCCMR","Confirmation Fee Released","2020-04-24 21:25:13","2020-04-24 21:25:13","        ","LS2BATCH"
"SBLCD","Payment Processing Fee Released","2020-04-24 21:25:13","2020-04-24 21:25:13","        ","LS2BATCH"
"FACPR","Processing Fee Released","2020-04-24 21:25:13","2020-04-24 21:25:13","        ","LS2BATCH"
"SBLCA","Transfer/Assignment Fee Released","2020-04-24 21:25:13","2020-04-24 21:25:13","        ","LS2BATCH"
"CREQF","Circle API Request Failed","2020-11-03 07:21:54","2020-11-03 07:21:54","        ","LS2BATCH"
"CRSET","Capitalization Rule Set","2020-11-03 07:21:54","2020-11-03 07:21:54","        ","LS2BATCH"
"CRSTL","Settlement Transaction Created","2020-11-03 07:21:54","2020-11-03 07:21:54","        ","LS2BATCH"
"CRTE ","Created","2020-11-03 07:21:54","2020-11-03 07:21:54","        ","LS2BATCH"
"CRTP ","Circle Returned to Pending","2020-11-03 07:21:54","2020-11-03 07:21:54","        ","LS2BATCH"
"CSHFL","Cashflows Completed","2020-11-03 07:21:54","2020-11-03 07:21:54","        ","LS2BATCH"
"CSING","Singularity Cycle Created","2020-11-03 07:21:54","2020-11-03 07:21:54","        ","LS2BATCH"
"CSRST","Swap Rate Reset Transaction Created","2020-11-03 07:21:54","2020-11-03 07:21:54","        ","LS2BATCH"
"CSTLE","Settlement Transaction Cancelled","2020-11-03 07:21:54","2020-11-03 07:21:54","        ","LS2BATCH"
"CUSIP","Cusip/Id Changed","2020-11-03 07:21:54","2020-11-03 07:21:54","        ","LS2BATCH"
"CUSPC","Facility ISIN / CUSIP Changed","2020-11-03 07:21:54","2020-11-03 07:21:54","        ","LS2BATCH"
"DCBAT","Delayed Compensation Mini-batch ran","2020-11-03 07:21:54","2020-11-03 07:21:54","        ","LS2BATCH"
"DCDAA","Adding or Deleting Additional Amounts","2020-11-03 07:21:54","2020-11-03 07:21:54","        ","LS2BATCH"
"DCDCA","Delayed Compensation Applies Indicator Changed","2020-11-03 07:21:54","2020-11-03 07:21:54","        ","LS2BATCH"
"DCDCS","Override Delayed Compensation Start Date Modified","2020-11-03 07:21:54","2020-11-03 07:21:54","        ","LS2BATCH"
"DCDST","Distressed Indicator Changed","2020-11-03 07:21:54","2020-11-03 07:21:54","        ","LS2BATCH"
"DCLIN","Delayed Compensation Line Items reset to pro-rata","2020-11-03 07:21:54","2020-11-03 07:21:54","        ","LS2BATCH"
"DCLND","Declined","2020-11-03 07:21:54","2020-11-03 07:21:54","        ","LS2BATCH"
"DCSUP","Delayed Compensation Settle Unpaid Interest/Fees T","2020-11-03 07:21:54","2020-11-03 07:21:54","        ","LS2BATCH"
"DCTWK","Delayed Compensation Line Items Tweaked","2020-11-03 07:21:54","2020-11-03 07:21:54","        ","LS2BATCH"
"DECR ","Decrease Applied","2020-11-03 07:21:54","2020-11-03 07:21:54","        ","LS2BATCH"
"DEEMP","Exported to Data Exchange","2020-11-03 07:21:54","2020-11-03 07:21:54","        ","LS2BATCH"
"DEIMP","Created by Data Exchange","2020-11-03 07:21:54","2020-11-03 07:21:54","        ","LS2BATCH"
"DEUPD","Updated by Data Exchange","2020-11-03 07:21:54","2020-11-03 07:21:54","        ","LS2BATCH"
"DISB ","Disbursement Applied","2020-11-03 07:21:54","2020-11-03 07:21:54","        ","LS2BATCH"
"DISCT","Discount Changed","2020-11-03 07:21:54","2020-11-03 07:21:54","        ","LS2BATCH"
"DLCG ","Distribution List Changed","2020-11-03 07:21:54","2020-11-03 07:21:54","        ","LS2BATCH"
"DLCHN","Deposit Link Changed","2020-11-03 07:21:54","2020-11-03 07:21:54","        ","LS2BATCH"
"DPLRL","Portfolio Deferred P/L Change Released","2020-11-03 07:21:54","2020-11-03 07:21:54","        ","LS2BATCH"
"DRCHG","Draw Amount Changed","2020-11-03 07:21:54","2020-11-03 07:21:54","        ","LS2BATCH"
"DRCLD","Draw Cancelled","2020-11-03 07:21:54","2020-11-03 07:21:54","        ","LS2BATCH"
"DRPMT","Draw Payment Released","2020-11-03 07:21:54","2020-11-03 07:21:54","        ","LS2BATCH"
"DSCNT","Discount Released","2020-11-03 07:21:54","2020-11-03 07:21:54","        ","LS2BATCH"
"DSCTA","Discount Adjustment Released","2020-11-03 07:21:54","2020-11-03 07:21:54","        ","LS2BATCH"
"DSTLD","Fee Distribution List Deleted","2020-11-03 07:21:54","2020-11-03 07:21:54","        ","LS2BATCH"
"DSTLE","Settlement Transaction Deleted","2020-11-03 07:21:54","2020-11-03 07:21:54","        ","LS2BATCH"
"EAAA ","Exporter Accrual Adjustment Applied","2020-11-03 07:21:54","2020-11-03 07:21:54","        ","LS2BATCH"
"ECCHN","Expense Code Changed","2020-11-03 07:21:54","2020-11-03 07:21:54","        ","LS2BATCH"
"EFCAN","Event Fee Cancelled","2020-11-03 07:21:54","2020-11-03 07:21:54","        ","LS2BATCH"
"EFDTE","Effective Date Changed","2020-11-03 07:21:54","2020-11-03 07:21:54","        ","LS2BATCH"
"EFFD ","Effective Date","2020-11-03 07:21:54","2020-11-03 07:21:54","        ","LS2BATCH"
"EL98 ","Eligible for 1098 Reporting Indicator Changed","2020-11-03 07:21:54","2020-11-03 07:21:54","        ","LS2BATCH"
"EL99A","Eligible for 1099-A Reporting Indicator Changed","2020-11-03 07:21:54","2020-11-03 07:21:54","        ","LS2BATCH"
"EL99D","Eligible for 1099-DIV Reporting Indicator Changed","2020-11-03 07:21:54","2020-11-03 07:21:54","        ","LS2BATCH"
"ELCFG","API Electronic Confirmation Generated","2020-11-03 07:21:54","2020-11-03 07:21:54","        ","LS2BATCH"
"ENDTE","Current Cycle End Date Changed","2020-11-03 07:21:54","2020-11-03 07:21:54","        ","LS2BATCH"
"ERIPR","Exporter Reverse Interest Payment Released","2020-11-03 07:21:54","2020-11-03 07:21:54","        ","LS2BATCH"
"ESACM","Escrow Account Modified","2020-11-03 07:21:54","2020-11-03 07:21:54","        ","LS2BATCH"
"ESIAC","Escrow Item Amounts Changed","2020-11-03 07:21:54","2020-11-03 07:21:54","        ","LS2BATCH"
"ESSFS","Trade Resent to E-Settlement System","2020-11-03 07:21:54","2020-11-03 07:21:54","        ","LS2BATCH"
"ESSTS","Trade Sent to E-Settlement System","2020-11-03 07:21:54","2020-11-03 07:21:54","        ","LS2BATCH"
"ETERM","Early Termination Request Changed","2020-11-03 07:21:54","2020-11-03 07:21:54","        ","LS2BATCH"
"EXDTE","Expiry Date Changed","2020-11-03 07:21:54","2020-11-03 07:21:54","        ","LS2BATCH"
"EXPIR","Expiry Date Changed","2020-11-03 07:21:54","2020-11-03 07:21:54","        ","LS2BATCH"
"EXPRD","Expired","2020-11-03 07:21:54","2020-11-03 07:21:54","        ","LS2BATCH"
"FACPF","Processing Fee Payment Released","2020-11-03 07:21:54","2020-11-03 07:21:54","        ","LS2BATCH"
"FACRT","Facing Fee Rate Changed","2020-11-03 07:21:54","2020-11-03 07:21:54","        ","LS2BATCH"
"FCC  ","Facility Commitment Cancelled","2020-11-03 07:21:54","2020-11-03 07:21:54","        ","LS2BATCH"
"FCTRD","Facility Change Transaction Released","2020-11-03 07:21:54","2020-11-03 07:21:54","        ","LS2BATCH"
"FDDCH","First Loan Drawdown Date Changed","2020-11-03 07:21:54","2020-11-03 07:21:54","        ","LS2BATCH"
"FDN  ","Facility Downgraded","2020-11-03 07:21:54","2020-11-03 07:21:54","        ","LS2BATCH"
"FE   ","Facility Extension","2020-11-03 07:21:54","2020-11-03 07:21:54","        ","LS2BATCH"
"FEEPY","Fee Payment Released","2020-11-03 07:21:54","2020-11-03 07:21:54","        ","LS2BATCH"
"FEF  ","Free Form Event Fee Payment Released","2020-11-03 07:21:54","2020-11-03 07:22:13","        ","LS2BATCH"
"FFADJ","Facing Fee Payment Adjusted","2020-11-03 07:21:54","2020-11-03 07:21:54","        ","LS2BATCH"
"FFPMT","Facing Fee Payment Released","2020-11-03 07:21:54","2020-11-03 07:21:54","        ","LS2BATCH"
"FFRME","Free Form Event","2020-11-03 07:21:54","2020-11-03 07:21:54","        ","LS2BATCH"
"FLD  ","Failed","2020-11-03 07:21:54","2020-11-03 07:21:54","        ","LS2BATCH"
"FLGIU","Failed Login - Invalid User ID","2020-11-03 07:21:54","2020-11-03 07:21:54","        ","LS2BATCH"
"FLGNL","Failed Login - Node is Locked","2020-11-03 07:21:54","2020-11-03 07:21:54","        ","LS2BATCH"
"ARMUL","Update ARM rate Look-back","2020-11-03 07:22:14","2020-11-03 07:22:14","        ","LS2BATCH"
"RINMS","Remittance Instruction Manually Selected","2020-11-03 07:22:15","2020-11-03 07:22:15","        ","LS2BATCH"
"ARMFU","Updated ARM Payment Amount Forecast","2020-11-03 07:22:15","2020-11-03 07:22:15","        ","LS2BATCH"
"AGFRL","Good Faith Deposit Adjustment Released","2014-01-13 17:16:27","2014-01-13 17:16:27","LS2BATCH","LS2BATCH"
"SBFTA","SBA Fiscal Transfer Agent Indicator Changed","2019-04-04 00:48:50","2019-04-04 00:48:50","        ","LS2BATCH"
"REGIR","Registration Inactivation Transaction Released","2019-04-04 00:48:50","2019-04-04 00:48:50","        ","LS2BATCH"
"REGRR","Registration Reactivation Transaction Released","2019-04-04 00:48:50","2019-04-04 00:48:50","        ","LS2BATCH"
"SICC ","SIC Code Changed","2020-01-20 20:15:25","2020-01-20 20:15:25","        ","LS2BATCH"
"SNCCD","SNC Reporting Code Reviewed","2020-01-20 20:15:25","2020-01-20 20:15:25","        ","LS2BATCH"
"BPUFR","Banking Product Upfront Fee Released","2020-01-20 20:15:25","2020-01-20 20:15:25","        ","LS2BATCH"
"BPOFR","Banking Product Ongoing Fee Released","2020-01-20 20:15:25","2020-01-20 20:15:25","        ","LS2BATCH"
"RFPYC","Reverse Fee Payment Cancelled","2014-01-13 17:16:29","2014-01-13 17:16:29","LS2BATCH","LS2BATCH"
"ARMAC","ARM Plan Activated","2019-04-04 00:48:51","2019-04-04 00:48:51","        ","LS2BATCH"
"ARMDA","ARM Plan Deactivated","2019-04-04 00:48:51","2019-04-04 00:48:51","        ","LS2BATCH"
"RECOR","Reverse Escrow Charge-off Released","2019-04-04 00:48:51","2019-04-04 00:48:51","        ","LS2BATCH"
"IVCRT","Invoice Created","2019-04-04 00:48:51","2019-04-04 00:48:51","        ","LS2BATCH"
"CNCRT","Credit Note Created","2019-04-04 00:48:51","2019-04-04 00:48:51","        ","LS2BATCH"
"AOIMT","As Of Impairment Triggered","2019-04-04 00:48:51","2019-04-04 00:48:51","        ","LS2BATCH"
"OTCRL","Origination Cost Applied","2019-04-04 00:48:50","2019-04-04 00:48:50","        ","LS2BATCH"
"REFEF","Refund Event Fee Released","2019-04-04 00:48:50","2019-04-04 00:48:50","        ","LS2BATCH"
"RFEFP","Refund Payment Released","2019-04-04 00:48:50","2019-04-04 00:48:50","        ","LS2BATCH"
"UIADJ","Unearned Interest Adjustment Released","2014-01-13 17:16:39","2014-01-13 17:16:39","LS2BATCH","LS2BATCH"
"REVOF","Reverse Ongoing Fee Released","2019-04-04 00:48:51","2019-04-04 00:48:51","        ","LS2BATCH"
"RVOOF","Reverse Outstanding Ongoing Fee Released","2019-04-04 00:48:51","2019-04-04 00:48:51","        ","LS2BATCH"
"SCHPD","Scheduled Payment Deferred","2014-01-13 17:16:14","2014-01-13 17:16:14","LS2BATCH","LS2BATCH"
"FPREP","Full Prepayment Penalty Fee Applied","2019-04-04 00:48:50","2019-04-04 00:48:50","        ","LS2BATCH"
"EMDRL","Escrow Mass Disbursement Transaction Released","2019-04-04 00:48:50","2019-04-04 00:48:50","        ","LS2BATCH"
"COFIS","Cost of Funds Index Changed","2014-01-13 17:16:12","2014-01-13 17:16:12","LS2BATCH","LS2BATCH"
"FSCC ","FATCA Source Country Changed","2014-04-11 05:21:36","2014-04-11 05:21:36","LS2BATCH","LS2BATCH"
"FSTC ","FATCA Status Changed","2014-04-11 05:21:36","2014-04-11 05:21:36","LS2BATCH","LS2BATCH"
"FGEF ","FATCA Grace Period Effective Date Changed","2014-04-11 05:21:36","2014-04-11 05:21:36","LS2BATCH","LS2BATCH"
"PSSCG","Penalty Spread Status Changed","2019-04-04 00:48:50","2019-04-04 00:48:50","        ","LS2BATCH"
"PSAIC","Penalty Spread All-In Rate Cap Changed","2019-04-04 00:48:50","2019-04-04 00:48:50","        ","LS2BATCH"
"PSAIF","Penalty Spread All-In Rate Floor Changed","2019-04-04 00:48:50","2019-04-04 00:48:50","        ","LS2BATCH"
"TMACH","Trade Matched in E-Settlement System","2014-01-13 17:16:30","2014-01-13 17:16:30","LS2BATCH","LS2BATCH"
"PNCHG","Property Name Changed","2014-04-11 05:21:36","2014-04-11 05:21:36","LS2BATCH","LS2BATCH"
"RGCTR","Registration Change Transaction Released","2019-04-04 00:48:50","2019-04-04 00:48:50","        ","LS2BATCH"
"ORRT ","Outstanding Risk Ratings Applicable Indicator Chan","2020-01-20 20:15:25","2020-01-20 20:15:25","        ","LS2BATCH"
"SAPLS","Spot Automatic Portfolio Adjustment Released","2020-02-01 22:14:56","2020-02-01 22:14:56","        ","LS2BATCH"
"RCAPT","Capitalization Reverse Applied","2020-02-01 22:14:56","2020-02-01 22:14:56","        ","LS2BATCH"
"LETRR","Loan Extension Transaction Released","2020-02-01 22:14:56","2020-02-01 22:14:56","        ","LS2BATCH"
"EXMAT","Extended Maturity Date Changed","2020-02-01 22:14:56","2020-02-01 22:14:56","        ","LS2BATCH"
"LTSRC","Schedule Rule Creation","2020-02-01 22:14:56","2020-02-01 22:14:56","        ","LS2BATCH"
"LTSRU","Schedule Rule Update","2020-02-01 22:14:56","2020-02-01 22:14:56","        ","LS2BATCH"
"LTSRD","Schedule Rule Delete","2020-02-01 22:14:56","2020-02-01 22:14:56","        ","LS2BATCH"
"PDIPC","Past Due Interest Pricing Changed","2020-02-01 22:14:56","2020-02-01 22:14:56","        ","LS2BATCH"
"PDPPC","Past Due Principal Pricing Changed","2020-02-01 22:14:56","2020-02-01 22:14:56","        ","LS2BATCH"
"TGDTE","Trigger Date Modified","2020-02-01 22:14:56","2020-02-01 22:14:56","        ","LS2BATCH"
"SRGLC","L/C Principal Offset Remediation Performed","2020-02-01 22:14:56","2020-02-01 22:14:56","        ","LS2BATCH"
"BADJC","Spread Adjustment Changed","2020-02-01 22:14:56","2020-02-01 22:14:56","        ","LS2BATCH"
"DPNAY","Disbursements Projected For Next Analysis Year","2019-04-04 00:48:51","2019-04-04 00:48:51","        ","LS2BATCH"
"MIBCC","Missed Interest Payment Behaviour Changed","2019-04-04 00:48:51","2019-04-04 00:48:51","        ","LS2BATCH"
"REVUF","Reverse Upfront Fee Payment from Borrower/Agent Re","2014-01-13 17:16:28","2014-01-13 17:16:28","LS2BATCH","LS2BATCH"
"WAA  ","Watchful Account Approved","2014-01-13 17:16:28","2014-01-13 17:16:28","LS2BATCH","LS2BATCH"
"PRJST","Project Status Changed","2019-04-04 00:48:51","2019-04-04 00:48:51","        ","LS2BATCH"
"FGTI ","FATCA Grace Period To And Thru Indicator Changed","2014-04-11 05:21:36","2014-04-11 05:21:36","LS2BATCH","LS2BATCH"
"FIBC ","FATCA Intermediary Blend Rate Changed","2014-04-11 05:21:36","2014-04-11 05:21:36","LS2BATCH","LS2BATCH"
"FGEC ","FATCA GIIN Effective Date Changed","2014-04-11 05:21:36","2014-04-11 05:21:36","LS2BATCH","LS2BATCH"
"RSTTR","Reverse Automatic Swap Trade Termination Released","2014-01-13 17:16:38","2014-01-13 17:16:38","LS2BATCH","LS2BATCH"
"REACP","Reallocation Completed","2014-01-13 17:16:38","2014-01-13 17:16:38","LS2BATCH","LS2BATCH"
"SRACP","Short Reallocation Completed","2014-01-13 17:16:38","2014-01-13 17:16:38","LS2BATCH","LS2BATCH"
"CRAFS","Ad Hoc Fee Settlement Created","2014-01-13 17:16:38","2014-01-13 17:16:38","LS2BATCH","LS2BATCH"
"CRRST","Residual Interest and Fee Settlement Created","2014-01-13 17:16:38","2014-01-13 17:16:38","LS2BATCH","LS2BATCH"
"RUPTR","Reverse Unpaid Transaction Released","2014-01-13 17:16:38","2014-01-13 17:16:38","LS2BATCH","LS2BATCH"
"SVRCH","Standard VAT Rate Changed","2019-04-04 00:48:51","2019-04-04 00:48:51","        ","LS2BATCH"
"PFNAP","Periodic Fee Not Applicable for Period","2019-04-04 00:48:50","2019-04-04 00:48:50","        ","LS2BATCH"
"SBAGS","SBA Loan Guarantee Status Changed","2019-04-04 00:48:50","2019-04-04 00:48:50","        ","LS2BATCH"
"MCTR ","Messaging Change Transaction Released","2014-01-13 17:16:30","2014-01-13 17:16:30","LS2BATCH","LS2BATCH"
"DTCC ","Data extracted for DTCC LoanSERV","2014-01-13 17:16:30","2014-01-13 17:16:30","LS2BATCH","LS2BATCH"
"CFAER","Cashflow Awaiting External Reconciliation","2014-01-13 17:16:30","2014-01-13 17:16:30","LS2BATCH","LS2BATCH"
"CFUPD","Cashflow Unpaid","2014-01-13 17:16:30","2014-01-13 17:16:30","LS2BATCH","LS2BATCH"
"CFFLD","Cashflow Failed","2014-01-13 17:16:30","2014-01-13 17:16:30","LS2BATCH","LS2BATCH"
"ECHOA","Escrow Charge-off Released","2019-04-04 00:48:51","2019-04-04 00:48:51","        ","LS2BATCH"
"EACHA","Escrow Automatic Charge-off Released","2019-04-04 00:48:51","2019-04-04 00:48:51","        ","LS2BATCH"
"OEXDC","Overdraw Expiry Date Changed","2014-01-13 17:16:14","2014-01-13 17:16:14","LS2BATCH","LS2BATCH"
"OEXDA","Overdraw Expiry Date Change Approved","2014-01-13 17:16:14","2014-01-13 17:16:14","LS2BATCH","LS2BATCH"
"REINC","Escrow Reverse Increase Applied","2019-04-04 00:48:50","2019-04-04 00:48:50","        ","LS2BATCH"
"NFIPC","Net First Interest Payment Changed","2020-02-01 22:14:56","2020-02-01 22:14:56","        ","LS2BATCH"
"LKTCR","Lockout Created","2014-01-13 17:16:13","2014-01-13 17:16:13","LS2BATCH","LS2BATCH"
"LKTDL","Lockout Deleted","2014-01-13 17:16:13","2014-01-13 17:16:13","LS2BATCH","LS2BATCH"
"RPCTC","Reverse Paper Clip Transaction Cancelled","2014-01-13 17:16:13","2014-01-13 17:16:13","LS2BATCH","LS2BATCH"
"RPCTR","Reverse Paper Clip Transaction Released","2014-01-13 17:16:13","2014-01-13 17:16:13","LS2BATCH","LS2BATCH"
"PROPT","Pricing Option Changed","2014-01-13 17:16:13","2014-01-13 17:16:13","LS2BATCH","LS2BATCH"
"LNABD","Loan Abandonment Released","2019-04-04 00:48:49","2019-04-04 00:48:49","        ","LS2BATCH"
"LABDC","Loan Abandonment Completed","2019-04-04 00:48:49","2019-04-04 00:48:49","        ","LS2BATCH"
"GLTIN","Template Inactivated","2014-01-13 17:16:26","2014-01-13 17:16:26","LS2BATCH","LS2BATCH"
"TSPND","Trade Suspended in E-Settlement System","2014-01-13 17:16:30","2014-01-13 17:16:30","LS2BATCH","LS2BATCH"
"TREMD","Trade Removed in E-Settlement System","2014-01-13 17:16:30","2014-01-13 17:16:30","LS2BATCH","LS2BATCH"
"ESSCH","E-Settlement System Changed","2014-01-13 17:16:30","2014-01-13 17:16:30","LS2BATCH","LS2BATCH"
"ESSCA","Trade Cancelled in E-Settlement System","2014-01-13 17:16:30","2014-01-13 17:16:30","LS2BATCH","LS2BATCH"
"ESSTU","Trade Updates Sent to E-Settlement System","2014-01-13 17:16:30","2014-01-13 17:16:30","LS2BATCH","LS2BATCH"
"EICHK","E-settlement Indicator is Checked","2014-01-13 17:16:30","2014-01-13 17:16:30","LS2BATCH","LS2BATCH"
"EIUCK","E-settlement Indicator is Unchecked","2014-01-13 17:16:30","2014-01-13 17:16:30","LS2BATCH","LS2BATCH"
"FIDEC","Include in DTCC Extract Indicator Changed","2014-01-13 17:16:30","2014-01-13 17:16:30","LS2BATCH","LS2BATCH"
"SRPCH","Servicer Reporting Period Changed","2014-01-13 17:16:39","2014-01-13 17:16:39","LS2BATCH","LS2BATCH"
"PTASS","Pipe Line Transaction Associated","2014-01-13 17:16:39","2014-01-13 17:16:39","LS2BATCH","LS2BATCH"
"CICHG","Commitment Indicator Changed","2014-01-13 17:16:29","2014-01-13 17:16:29","LS2BATCH","LS2BATCH"
"LMSCH","Facility Limit Structure Changed","2014-01-13 17:16:29","2014-01-13 17:16:29","LS2BATCH","LS2BATCH"
"TAXIR","Tax Inactivation Transaction Released","2019-04-04 00:48:50","2019-04-04 00:48:50","        ","LS2BATCH"
"TAXRR","Tax Reactivation Transaction Released","2019-04-04 00:48:50","2019-04-04 00:48:50","        ","LS2BATCH"
"ACFTM","Cashflows Set to Custom Payment Method","2014-01-13 17:16:39","2014-01-13 17:16:39","LS2BATCH","LS2BATCH"
"TXCTR","Collateral Tax Change Transaction Released","2019-04-04 00:48:50","2019-04-04 00:48:50","        ","LS2BATCH"
"CFCOP","Created From Common Party","2019-04-04 00:48:51","2019-04-04 00:48:51","        ","LS2BATCH"
"TINDC","Tax Information Details Created","2014-01-13 17:16:39","2014-01-13 17:16:39","LS2BATCH","LS2BATCH"
"TINDM","Tax Information Details Modified","2014-01-13 17:16:39","2014-01-13 17:16:39","LS2BATCH","LS2BATCH"
"PDRGL","Past Due Reclassification GL Entries","2019-04-04 00:48:50","2019-04-04 00:48:50","        ","LS2BATCH"
"GLTAP","Template Applied","2014-01-13 17:16:26","2014-01-13 17:16:26","LS2BATCH","LS2BATCH"
"UDTCH","User Defined Task Changed","2014-01-13 17:16:26","2014-01-13 17:16:26","LS2BATCH","LS2BATCH"
"UDTCM","User Defined Task Completed","2014-01-13 17:16:26","2014-01-13 17:16:26","LS2BATCH","LS2BATCH"
"FDSU ","FATCA Details Updated","2014-04-11 05:21:36","2014-04-11 05:21:36","LS2BATCH","LS2BATCH"
"GFFU ","FATCA Grandfathered Fields Updated","2014-04-11 05:21:36","2014-04-11 05:21:36","LS2BATCH","LS2BATCH"
"DISCH","Discretionary Indicator Changed","2014-01-13 17:16:56","2014-01-13 17:16:56","LS2BATCH","LS2BATCH"
"SRBCH","Spread Rate Basis Changed","2014-01-13 17:16:39","2014-01-13 17:16:39","LS2BATCH","LS2BATCH"
"GLTCR","Created","2014-01-13 17:16:26","2014-01-13 17:16:26","LS2BATCH","LS2BATCH"
"GLTCH","Template Changed","2014-01-13 17:16:26","2014-01-13 17:16:26","LS2BATCH","LS2BATCH"
"GLTDL","Template Deleted","2014-01-13 17:16:26","2014-01-13 17:16:26","LS2BATCH","LS2BATCH"
"PPACH","PDC Protocol Applies","2020-02-01 22:14:56","2020-02-01 22:14:56","        ","LS2BATCH"
"LKTCH","Lockout Changed","2014-01-13 17:16:11","2014-01-13 17:16:11","LS2BATCH","LS2BATCH"
"IVREN","Invoice Regenerated","2019-04-04 00:48:51","2019-04-04 00:48:51","        ","LS2BATCH"
"CRREN","Credit Note Regenerated","2019-04-04 00:48:51","2019-04-04 00:48:51","        ","LS2BATCH"
"FGED ","FATCA Grace Period End Date Changed","2014-04-11 05:21:36","2014-04-11 05:21:36","LS2BATCH","LS2BATCH"
"BARFL","Base Rate Floor Changed","2020-02-01 22:14:56","2020-02-01 22:14:56","        ","LS2BATCH"
"PDPSC","Past Due Penalty Spread Changed","2020-02-01 22:14:56","2020-02-01 22:14:56","        ","LS2BATCH"
"PBB  ","Fee Paid on Behalf of the Borrower Created","2019-04-04 00:48:50","2019-04-04 00:48:50","        ","LS2BATCH"
"RPBB ","Reimbursement of Fee Paid on Behalf of the Borrowe","2019-04-04 00:48:50","2019-04-04 00:48:50","        ","LS2BATCH"
"MSCD ","Mass Sale Completed","2019-04-04 00:48:50","2019-04-04 00:48:50","        ","LS2BATCH"
"FXCRT","FxRate Changed","2019-04-04 00:48:51","2019-04-04 00:48:51","        ","LS2BATCH"
"POCIC","POCI status updated","2019-04-04 00:48:51","2019-04-04 00:48:51","        ","LS2BATCH"
"AUCFR","Auto Cashflow Released","2019-04-04 00:48:49","2019-04-04 00:48:49","        ","LS2BATCH"
"CFACH","Automatic Charge-off Indicator Changed","2019-04-04 00:48:51","2019-04-04 00:48:51","        ","LS2BATCH"
"ARHRD","Asset Revaluation History Transaction Released","2019-04-04 00:48:51","2019-04-04 00:48:51","        ","LS2BATCH"
"IMPAA","Impairment Allowance Applied","2019-04-04 00:48:51","2019-04-04 00:48:51","        ","LS2BATCH"
"RNAPC","Reamortized Notices for ARM Plan Created","2019-04-04 00:48:51","2019-04-04 00:48:51","        ","LS2BATCH"
"SLMFD","Facility added via Deal Take-On Notice","2014-01-13 17:16:29","2014-01-13 17:16:29","LS2BATCH","LS2BATCH"
"SLMTF","Facility Take-On Notice Generated","2014-01-13 17:16:29","2014-01-13 17:16:29","LS2BATCH","LS2BATCH"
"UNFRC","Unfreeze/Return to creator","2014-01-13 17:16:30","2014-01-13 17:16:30","LS2BATCH","LS2BATCH"
"COTAP","Cash on Transfer Indicator Changed","2014-01-13 17:16:30","2014-01-13 17:16:30","LS2BATCH","LS2BATCH"
"UPSPU","User Profile Secondary Processing Area Updated","2019-09-20 16:40:41","2019-09-20 16:40:41","        ","LS2BATCH"
"PLCDB","Pledge Code Changed By Batch","2019-04-04 00:48:50","2019-04-04 00:48:50","        ","LS2BATCH"
"BKPRD","Banking Product Event Fee Released","2019-04-04 00:48:50","2019-04-04 00:48:50","        ","LS2BATCH"
"REMDR","Reverse Escrow Mass Disbursement Transaction Relea","2019-04-04 00:48:50","2019-04-04 00:48:50","        ","LS2BATCH"
"CKNMC","Check Number Changed","2019-04-04 00:48:50","2019-04-04 00:48:50","        ","LS2BATCH"
"REDEC","Escrow Reverse Decrease Applied","2019-04-04 00:48:50","2019-04-04 00:48:50","        ","LS2BATCH"
"UDPLR","User Defined Plan Released","2014-01-13 17:16:27","2014-01-13 17:16:27","LS2BATCH","LS2BATCH"
