"CCO_RID_CUST_CTRY","CCO_CID_CUST_ID","CCO_CDE_COUNTRY","CCO_NME_CUST_CTRY","CCO_TSP_REC_CREATE","CCO_TSP_REC_UPDATE","CCO_UID_REC_CREATE","CCO_UID_REC_UPDATE","CCO_CDE_BANK","CCO_XID_MCN","CCO_RID_IM_PAR_CTY","CCO_CDE_INTRN_RSK2","CCO_DTE_INTRN_RSK2","CCO_CDE_PRIM_SIC","CCO_IND_MCN_VALID","CCO_CDE_BRANCH"
"=WE56H0H","=WE56H0G","AU","PARTY NAME 8883003","2020-02-07 09:56:52","2020-02-07 09:56:52","LOANIQ02","LOANIQ02","CBA  ","          ","=WE56H0H","","","","",""
"=WE56H1Q","=WE56H1P","AU","PTYA7181538","2020-02-07 10:18:50","2020-02-07 10:18:50","LOANIQ02","LOANIQ02","CBA  ","          ","=WE56H1Q","","","","",""
"=WE56I61","=WE56I60","AU","Disable Buttons","2020-02-07 11:20:17","2020-02-07 11:20:17","LOANIQ02","LOANIQ02","CBA  ","          ","=WE56I61","","","","",""
"=WE56IES","=WE56IER","AU","202002071","2020-02-07 11:25:32","2020-02-07 11:25:32","LOANIQ02","LOANIQ02","CBA  ","          ","=WE56IES","","","","",""
"+1E5WHXT","+1E5WHXS","AU","Auto Generate Short Name","2020-02-21 12:12:57","2020-02-21 12:12:57","LOANIQ02","LOANIQ02","CBA  ","          ","+1E5WHXT","","","","",""
"+1E5WIDJ","+1E5WIDI","AU","Auto Short Name","2020-02-21 12:22:23","2020-02-21 12:22:23","LOANIQ02","LOANIQ02","CBA  ","          ","+1E5WIDJ","","","","",""
"J5E4FAXY","J5E4FAXX","AU","HENRY","2020-01-23 09:29:54","2020-01-23 09:45:04","HSSUPR01","HSSUPR01","CBA  ","          ","J5E4FAXY","","","0111      ","",""
"J5E4FAZG","J5E4FAZF","AU","JOBERN","2020-01-23 09:45:36","2020-01-23 09:45:47","HSSUPR01","HSSUPR01","CBA  ","          ","J5E4FAZG","","","0111      ","",""
"3FE4FBRT","3FE4FBRS","AU","TONY","2020-01-23 09:56:36","2020-01-23 09:56:59","HSUSER01","HSUSER01","CBA  ","          ","3FE4FBRT","","","0111      ","",""
"9ZE4O2BS","9ZE4O2BR","AU","PTYCM1234","2020-01-28 07:03:52","2020-01-28 07:03:52","LOANIQ02","LOANIQ02","CBA  ","          ","9ZE4O2BS","","","","",""
"9ZE4O2C5","9ZE4O2C4","AU","CM99811","2020-01-28 07:03:53","2020-01-28 07:03:53","LOANIQ02","LOANIQ02","CBA  ","          ","9ZE4O2C5","","","","",""
"9ZE4O2CK","9ZE4O2CJ","AU","MART234","2020-01-28 07:03:53","2020-01-28 07:03:53","LOANIQ02","LOANIQ02","CBA  ","          ","9ZE4O2CK","","","","",""
"9ZE4O2CX","9ZE4O2CW","AU","CBAtestName534992Legal88","2020-01-28 07:03:53","2020-01-28 07:03:53","LOANIQ02","LOANIQ02","CBA  ","          ","9ZE4O2CX","","","","",""
"9ZE4O2DA","9ZE4O2D9","AU","this is a one hundred forty characters for testing party ui runtime screen customization requested by commonwealth bank of australia by evga","2020-01-28 07:03:53","2020-01-28 07:03:53","LOANIQ02","LOANIQ02","CBA  ","          ","9ZE4O2DA","","","","",""
"9ZE4O2E1","9ZE4O2E0","AU","202010218","2020-01-28 07:03:53","2020-01-28 07:03:57","LOANIQ02","LOANIQ02","CBA  ","          ","9ZE4O2E1","","","9632      ","",""
"9ZE4O2EF","9ZE4O2EE","AU","PTYA7131400","2020-01-28 07:03:54","2020-01-28 07:03:54","LOANIQ02","LOANIQ02","CBA  ","          ","9ZE4O2EF","","","","",""
"9ZE4O2ES","9ZE4O2ER","AU","2346544","2020-01-28 07:03:54","2020-01-28 07:03:54","LOANIQ02","LOANIQ02","CBA  ","          ","9ZE4O2ES","","","","",""
"9ZE4O2F5","9ZE4O2F4","AU","PTYA7150458","2020-01-28 07:03:54","2020-01-28 07:03:54","LOANIQ02","LOANIQ02","CBA  ","          ","9ZE4O2F5","","","","",""
"9ZE4O2FI","9ZE4O2FH","AU","ESPS51713441","2020-01-28 07:03:54","2020-01-28 07:03:54","LOANIQ02","LOANIQ02","CBA  ","          ","9ZE4O2FI","","","","",""
"9ZE4O2FY","9ZE4O2FX","AU","1232333","2020-01-28 07:03:55","2020-01-28 07:03:55","LOANIQ02","LOANIQ02","CBA  ","          ","9ZE4O2FY","","","","",""
"9ZE4O2GE","9ZE4O2GD","AU","Test Party By Abhi 01","2020-01-28 07:03:55","2020-01-28 07:03:55","LOANIQ02","LOANIQ02","CBA  ","          ","9ZE4O2GE","","","1317      ","",""
"9ZE4O2GT","9ZE4O2GS","AU","Mr Abhishek","2020-01-28 07:03:55","2020-01-28 07:03:55","LOANIQ02","LOANIQ02","CBA  ","          ","9ZE4O2GT","","","","",""
"9ZE4O2HC","9ZE4O2HB","AU","PTYA7221242","2020-01-28 07:03:56","2020-01-28 07:03:56","LOANIQ02","LOANIQ02","CBA  ","          ","9ZE4O2HC","","","","",""
"9ZE4O2HP","9ZE4O2HO","AU","SRHM1111","2020-01-28 07:03:56","2020-07-02 13:41:00","LOANIQ02","LOANIQ01","CBA  ","          ","9ZE4O2HP","","","7422      ","",""
"9ZE4O2IC","9ZE4O2IB","AU","PTYLIQ9831","2020-01-28 07:03:57","2020-01-28 07:03:57","LOANIQ02","LOANIQ02","CBA  ","          ","9ZE4O2IC","","","","",""
"9ZE4O2IQ","9ZE4O2IP","AU","MART9123","2020-01-28 07:03:57","2020-01-28 07:03:57","LOANIQ02","LOANIQ02","CBA  ","          ","9ZE4O2IQ","","","","",""
"9ZE4O2J3","9ZE4O2J2","AU","PTYA7172220","2020-01-28 07:03:57","2020-01-28 07:03:57","LOANIQ02","LOANIQ02","CBA  ","          ","9ZE4O2J3","","","","",""
"9ZE4O2JG","9ZE4O2JF","AU","MART6123","2020-01-28 07:03:57","2020-01-28 07:03:57","LOANIQ02","LOANIQ02","CBA  ","          ","9ZE4O2JG","","","","",""
"9ZE4O2LH","9ZE4O2LG","AU","ENT93845","2020-01-28 07:49:41","2020-01-28 07:49:41","LOANIQ02","LOANIQ02","CBA  ","          ","9ZE4O2LH","","","","",""
"9ZE4O2LU","9ZE4O2LT","AU","MART5555","2020-01-28 07:49:42","2020-01-28 07:49:42","LOANIQ02","LOANIQ02","CBA  ","          ","9ZE4O2LU","","","","",""
"9ZE4O2M7","9ZE4O2M6","AU","ENT3943534","2020-01-28 07:49:42","2020-01-28 07:49:42","LOANIQ02","LOANIQ02","CBA  ","          ","9ZE4O2M7","","","","",""
"9ZE4O2MK","9ZE4O2MJ","AU","ENT03425233","2020-01-28 07:49:42","2020-01-28 07:49:42","LOANIQ02","LOANIQ02","CBA  ","          ","9ZE4O2MK","","","","",""
"9ZE4O2MX","9ZE4O2MW","AU","ENT99345","2020-01-28 07:49:42","2020-01-28 07:49:42","LOANIQ02","LOANIQ02","CBA  ","          ","9ZE4O2MX","","","","",""
"9ZE4O2NA","9ZE4O2N9","AU","ENT93453","2020-01-28 07:49:42","2020-01-28 07:49:42","LOANIQ02","LOANIQ02","CBA  ","          ","9ZE4O2NA","","","","",""
"9ZE4O2NN","9ZE4O2NM","AU","MART6555","2020-01-28 07:49:43","2020-01-28 07:49:43","LOANIQ02","LOANIQ02","CBA  ","          ","9ZE4O2NN","","","","",""
"9ZE4O2O0","9ZE4O2NZ","AU","PTYMART444","2020-01-28 07:50:03","2020-01-28 07:50:03","LOANIQ02","LOANIQ02","CBA  ","          ","9ZE4O2O0","","","","",""
"E2E4PDE8","E2E4PDE7","AU","PTYA7131536","2020-01-29 05:17:59","2020-01-29 05:17:59","LOANIQ02","LOANIQ02","CBA  ","          ","E2E4PDE8","","","","",""
"E2E4RJJQ","E2E4RJJP","AU","PTYA7172327","2020-01-30 09:26:06","2020-01-30 09:26:06","LOANIQ02","LOANIQ02","CBA  ","          ","E2E4RJJQ","","","","",""
"E2E4RAUW","E2E4RAUV","NL","Commonwealth Bank of Australia - Amsterdam","2020-01-30 06:18:23","2020-01-30 06:18:23","LOANIQ02","LOANIQ02","CBA  ","          ","E2E4RAUW","","","","",""
"E2E4RFRR","E2E4RFRQ","AU","PTYA7160151","2020-01-30 08:04:30","2020-01-30 08:04:30","LOANIQ02","LOANIQ02","CBA  ","          ","E2E4RFRR","","","","",""
"E2E4RM1O","E2E4RM1N","AU","PTYAUCM11","2020-01-30 10:20:04","2020-01-30 10:20:04","LOANIQ02","LOANIQ02","CBA  ","          ","E2E4RM1O","","","","",""
"E2E4RNIO","E2E4RNIN","AU","ENT9388342","2020-01-30 10:51:52","2020-01-30 10:51:52","LOANIQ02","LOANIQ02","CBA  ","          ","E2E4RNIO","","","","",""
"E2E4RNO4","E2E4RNO3","AU","PTYARODEL","2020-01-30 10:55:04","2020-01-30 10:55:04","LOANIQ02","LOANIQ02","CBA  ","          ","E2E4RNO4","","","","",""
"E2E4RO42","E2E4RO41","AU","ENT983453","2020-01-30 11:04:42","2020-01-30 11:04:42","LOANIQ02","LOANIQ02","CBA  ","          ","E2E4RO42","","","","",""
"E2E4ROLQ","E2E4ROLP","AU","PTYARODEL01","2020-01-30 11:15:18","2020-01-30 11:15:18","LOANIQ02","LOANIQ02","CBA  ","          ","E2E4ROLQ","","","","",""
"E2E4ROSS","E2E4ROSR","AU","PTYARODEL02","2020-01-30 11:19:31","2020-01-30 11:19:31","LOANIQ02","LOANIQ02","CBA  ","          ","E2E4ROSS","","","","",""
"E2E4ROY1","E2E4ROY0","AU","PTYARODEL03","2020-01-30 11:22:40","2020-01-30 11:22:40","LOANIQ02","LOANIQ02","CBA  ","          ","E2E4ROY1","","","","",""
"E2E4RPD7","E2E4RPD6","AU","PTYARODEL04","2020-01-30 11:31:46","2020-01-30 11:31:46","LOANIQ02","LOANIQ02","CBA  ","          ","E2E4RPD7","","","","",""
"E2E4RRXV","E2E4RRXU","AU","2342352","2020-01-30 12:27:22","2020-01-30 12:27:22","LOANIQ02","LOANIQ02","CBA  ","          ","E2E4RRXV","","","","",""
"E2E4T7MX","E2E4T7MW","NL","Test Party EU 01","2020-01-31 07:04:00","2020-01-31 07:07:14","LOANIQ02","LOANIQ02","CBA  ","          ","E2E4T7MX","","","","",""
"E2E4TUGB","E2E4TUGA","NL","tutututu","2020-01-31 15:16:51","2020-01-31 15:16:51","LOANIQ02","LOANIQ02","CBA  ","          ","E2E4TUGB","","","","",""
"FPE4MRNQ","FPE4MRNP","AU","LENDLEG0414","2020-01-27 10:33:28","2020-01-27 10:55:38","MGALING ","MGALING ","CBA  ","          ","FPE4MRNQ","","","7325      ","",""
"9XE4OD4L","9XE4OD4K","AU","ENT029323","2020-01-28 11:23:20","2020-01-28 11:23:20","LOANIQ02","LOANIQ02","CBA  ","          ","9XE4OD4L","","","","",""
"9XE4OD57","9XE4OD56","AU","ENT1243232","2020-01-28 11:25:28","2020-01-28 11:25:28","LOANIQ02","LOANIQ02","CBA  ","          ","9XE4OD57","","","","",""
"9XE4OD5K","9XE4OD5J","AU","ENT324256","2020-01-28 11:27:16","2020-01-28 11:27:16","LOANIQ02","LOANIQ02","CBA  ","          ","9XE4OD5K","","","","",""
"9XE4OD5X","9XE4OD5W","AU","ENT99445","2020-01-28 11:30:39","2020-01-28 11:30:39","LOANIQ02","LOANIQ02","CBA  ","          ","9XE4OD5X","","","","",""
"AMDPAOVN","AMDPAOVM","AU","Commonwealth Bank of Australia","2019-04-04 15:39:24","2019-08-16 09:19:01","KANDERSO","ADM_DARR","CBA  ","          ","AMDPAOVN","","","7325      ","",""
"A$DPARLH","A$DPARLG","AU","Commonwealth Bank Australia - OBU","2019-04-04 16:22:47","2019-04-04 16:23:20","KANDERSO","KANDERSO","CBA  ","          ","A$DPARLH","","","7321      ","",""
"?ZE4CIA7","?ZE4CIA6","AU","BORROWER1111","2020-01-22 11:40:17","2020-01-22 11:47:13","RPTINP01","RPTINP01","CBA  ","          ","?ZE4CIA7","","","0420      ","",""
"J8E4F4AK","J8E4F4AJ","AU","{BACKSPACE}CUSTLEGAL17131","2020-01-23 07:18:21","2020-01-23 07:18:21","RPTINP01","RPTINP01","CBA  ","          ","J8E4F4AK","","","","",""
"(KE4Q19T","(KE4Q19S","AU","LEND01292020","2020-01-29 04:50:42","2020-01-29 04:54:27","WBAYERS ","WBAYERS ","CBA  ","          ","(KE4Q19T","","","0420      ","",""
"C:E4XKVS","C:E4XKVR","AU","ENTNAME SSDF EFW","2020-02-02 15:40:32","2020-02-02 15:40:32","LOANIQ02","LOANIQ02","CBA  ","          ","C:E4XKVS","","","","",""
"C:E4YIZJ","C:E4YIZI","AU","ENT9093423","2020-02-03 03:57:11","2020-02-03 03:57:11","LOANIQ02","LOANIQ02","CBA  ","          ","C:E4YIZJ","","","","",""
"C:E4YJ8G","C:E4YJ8F","AU","ENT0900323","2020-02-03 04:02:31","2020-02-03 04:02:31","LOANIQ02","LOANIQ02","CBA  ","          ","C:E4YJ8G","","","","",""
"C:E4YTXP","C:E4YTXO","AU","ENT23252323","2020-02-03 07:53:41","2020-02-03 07:53:41","LOANIQ02","LOANIQ02","CBA  ","          ","C:E4YTXP","","","","",""
"C:E4YYOG","C:E4YYOF","AU","PTYA7172706","2020-02-03 09:36:08","2020-02-03 09:36:08","LOANIQ02","LOANIQ02","CBA  ","          ","C:E4YYOG","","","","",""
"C:E4YZAC","C:E4YZAB","AU","PTYA7174700","2020-02-03 09:49:16","2020-02-03 09:49:16","LOANIQ02","LOANIQ02","CBA  ","          ","C:E4YZAC","","","","",""
"C:E4Z2VV","C:E4Z2VU","AU","ENT0923923","2020-02-03 11:06:59","2020-02-03 11:06:59","LOANIQ02","LOANIQ02","CBA  ","          ","C:E4Z2VV","","","","",""
"=FE563YZ","=FE563YY","AU","PTYA1000021","2020-02-07 02:51:42","2020-02-07 02:51:42","LOANIQ02","LOANIQ02","CBA  ","          ","=FE563YZ","","","","",""
"=FE563ZW","=FE563ZV","AU","PTYA1000022","2020-02-07 03:02:58","2020-02-07 03:02:58","LOANIQ02","LOANIQ02","CBA  ","          ","=FE563ZW","","","","",""
"AAE5SQK3","AAE5SQK2","AU","TESTTE1","2020-02-19 04:44:35","2020-02-19 04:44:35","LOANIQ01","LOANIQ01","CBA  ","          ","AAE5SQK3","","","","",""
"P=E6EOPU","P=E6EOPT","AU","PTYA7144916","2020-03-02 06:53:03","2020-03-02 06:53:03","LOANIQ02","LOANIQ02","CBA  ","          ","P=E6EOPU","","","","",""
"P=E6EOQN","P=E6EOQM","AU","PTYA7150650","2020-03-02 07:10:40","2020-03-02 07:10:40","LOANIQ02","LOANIQ02","CBA  ","          ","P=E6EOQN","","","","",""
"P=E6EORG","P=E6EORF","AU","PTYA7153009","2020-03-02 07:33:53","2020-03-02 07:33:53","LOANIQ02","LOANIQ02","CBA  ","          ","P=E6EORG","","","","",""
"P=E6EOS9","P=E6EOS8","AU","PTYA7154324","2020-03-02 07:47:10","2020-03-02 07:47:10","LOANIQ02","LOANIQ02","CBA  ","          ","P=E6EOS9","","","","",""
"P=E6EOSM","P=E6EOSL","AU","PTYA7155022","2020-03-02 07:54:08","2020-03-02 07:59:21","LOANIQ02","LOANIQ02","CBA  ","          ","P=E6EOSM","","","3610      ","",""
"P=E6ESYU","P=E6ESYT","AU","PTYA7172303","2020-03-02 09:27:57","2020-03-02 09:27:57","LOANIQ02","LOANIQ02","CBA  ","          ","P=E6ESYU","","","","",""
"-8E5DT1E","-8E5DT1D","AU","ENT93489434","2020-02-11 04:39:09","2020-02-11 04:39:09","LOANIQ02","LOANIQ02","CBA  ","          ","-8E5DT1E","","","","",""
"-?E5DXM0","-?E5DXLZ","AU","this is two hundred fifty five characters this is two hundred fifty five characters this is two hundred fifty five characters this is two ta","2020-02-11 06:17:57","2020-02-11 06:17:57","LOANIQ02","LOANIQ02","CBA  ","          ","-?E5DXM0","","","","",""
"-?E5DXV1","-?E5DXV0","AU","PTYA7171515","2020-02-11 09:18:41","2020-02-11 09:18:41","LOANIQ02","LOANIQ02","CBA  ","          ","-?E5DXV1","","","","",""
"-?E5EALL","-?E5EALK","AU","PTYA7001417","2020-02-11 16:17:37","2020-02-11 16:17:37","LOANIQ02","LOANIQ02","CBA  ","          ","-?E5EALL","","","","",""
"P=E6GMTE","P=E6GMTD","AU","PTYA7170645","2020-03-03 09:10:17","2020-03-03 09:10:17","LOANIQ02","LOANIQ02","CBA  ","          ","P=E6GMTE","","","","",""
"P=E6GQZK","P=E6GQZJ","AU","PTYA7183657","2020-03-03 10:40:23","2020-03-03 10:40:23","LOANIQ02","LOANIQ02","CBA  ","          ","P=E6GQZK","","","","",""
"P=E6GR8X","P=E6GR8W","AU","PTYA7184234","2020-03-03 10:46:01","2020-03-03 10:46:01","LOANIQ02","LOANIQ02","CBA  ","          ","P=E6GR8X","","","","",""
"P=E6IPSX","P=E6IPSW","AU","ESPS12010235","2020-03-04 12:10:01","2020-03-04 12:10:01","LOANIQ02","LOANIQ02","CBA  ","          ","P=E6IPSX","","","","",""
"P=E6K598","P=E6K597","AU","ESPS11413431","2020-03-05 06:41:24","2020-03-05 06:41:24","LOANIQ02","LOANIQ02","CBA  ","          ","P=E6K598","","","","",""
"P=E6K7OZ","P=E6K7OY","AU","ESPS11512739","2020-03-05 07:34:02","2020-03-05 07:34:02","LOANIQ02","LOANIQ02","CBA  ","          ","P=E6K7OZ","","","","",""
"P=E6KH0A","P=E6KH09","AU","603TEST","2020-03-05 10:55:14","2020-03-05 10:55:14","LOANIQ02","LOANIQ02","CBA  ","          ","P=E6KH0A","","","","",""
"P=E6KLMJ","P=E6KLMI","AU","REVCAS603","2020-03-05 12:34:58","2020-03-05 12:34:58","LOANIQ02","LOANIQ02","CBA  ","          ","P=E6KLMJ","","","","",""
"P=E6KLQC","P=E6KLQB","AU","REV603CAS7","2020-03-05 12:37:15","2020-03-05 12:37:15","LOANIQ02","LOANIQ02","CBA  ","          ","P=E6KLQC","","","","",""
"P=E6M5SV","P=E6M5SU","AU","REV603CAS4","2020-03-06 08:48:23","2020-03-06 08:48:23","LOANIQ02","LOANIQ02","CBA  ","          ","P=E6M5SV","","","","",""
"P=E6MC6D","P=E6MC6C","AU","Hammer World 1613325","2020-03-06 11:06:03","2020-10-29 17:01:16","LOANIQ02","LOANIQ01","CBA  ","          ","P=E6MC6D","","","5234      ","",""
"P=E6MC6R","P=E6MC6Q","AU","ESPS11610546","2020-03-06 11:06:18","2020-03-06 11:06:18","LOANIQ02","LOANIQ02","CBA  ","          ","P=E6MC6R","","","","",""
"P=E6NYZ3","P=E6NYZ2","AU","ESPS11511734","2020-03-07 08:16:06","2020-03-07 08:16:06","LOANIQ02","LOANIQ02","CBA  ","          ","P=E6NYZ3","","","","",""
"P=E6O73J","P=E6O73I","AU","REV603CAS88","2020-03-07 11:11:35","2020-03-07 11:11:35","LOANIQ02","LOANIQ02","CBA  ","          ","P=E6O73J","","","","",""
"P=E6O7BF","P=E6O7BE","AU","ESPS11611439","2020-03-07 11:16:19","2020-03-07 11:16:19","LOANIQ02","LOANIQ02","CBA  ","          ","P=E6O7BF","","","","",""
"P=E6O7I1","P=E6O7I0","AU","PTYROD2312","2020-03-07 11:20:16","2020-03-07 11:20:16","LOANIQ02","LOANIQ02","CBA  ","          ","P=E6O7I1","","","","",""
"P=E6O7KO","P=E6O7KN","AU","PARTY ENT NAME 8881005","2020-03-07 11:21:51","2020-03-07 11:21:51","LOANIQ02","LOANIQ02","CBA  ","          ","P=E6O7KO","","","","",""
"P=E6O7L1","P=E6O7L0","AU","PARTY NAME 8882005","2020-03-07 11:21:52","2020-03-07 11:21:52","LOANIQ02","LOANIQ02","CBA  ","          ","P=E6O7L1","","","","",""
"P=E6O7LE","P=E6O7LD","AU","PARTY NAME 8883005","2020-03-07 11:21:52","2020-03-07 11:21:52","LOANIQ02","LOANIQ02","CBA  ","          ","P=E6O7LE","","","","",""
"P=E6O7MW","P=E6O7MV","AU","PARTY ENT NAME 8881006","2020-03-07 11:23:11","2020-03-07 11:23:11","LOANIQ02","LOANIQ02","CBA  ","          ","P=E6O7MW","","","","",""
"P=E6O7N9","P=E6O7N8","AU","PARTY NAME 8882006","2020-03-07 11:23:12","2020-03-07 11:23:12","LOANIQ02","LOANIQ02","CBA  ","          ","P=E6O7N9","","","","",""
"P=E6O7NM","P=E6O7NL","AU","PARTY NAME 8883006","2020-03-07 11:23:12","2020-03-07 11:23:12","LOANIQ02","LOANIQ02","CBA  ","          ","P=E6O7NM","","","","",""
"MOE6U8PA","MOE6U8P9","AU","LEND012920207","2020-03-10 08:19:41","2020-03-10 08:19:41","JCUSR01 ","JCUSR01 ","CBA  ","          ","MOE6U8PA","","","","",""
"A4E8XOGL","A4E8XOGK","AU","CUSTLEGAL08113","2020-04-20 02:08:55","2020-04-20 02:11:23","APP1MANS","APP1MANS","CBA  ","          ","A4E8XOGL","","","3620      ","",""
"AME8XY0S","AME8XY0R","AU","CUSTLEGAL29143","2020-04-20 05:30:46","2020-04-20 05:33:00","APP1MANS","APP1MANS","CBA  ","          ","AME8XY0S","","","3620      ","",""
"A7E8Y5AG","A7E8Y5AF","AU","CUSTLEGAL57126","2020-04-20 08:58:35","2020-04-20 09:01:10","APP1MANS","APP1MANS","CBA  ","          ","A7E8Y5AG","","","3620      ","",""
"!3E91DAU","!3E91DAT","AU","TONYMANS4321","2020-04-22 01:58:19","2020-04-22 02:07:57","APP1MANS","APP1MANS","CBA  ","          ","!3E91DAU","","","3620      ","",""
"O#E9PO4S","O#E9PO4R","AU","ENT2842552","2020-05-05 13:57:56","2020-05-05 13:57:56","LOANIQ01","LOANIQ01","CBA  ","          ","O#E9PO4S","","","","",""
"J)E9RPK7","J)E9RPK6","AU","ENT935935","2020-05-06 14:18:32","2020-05-06 14:18:32","LOANIQ01","LOANIQ01","CBA  ","          ","J)E9RPK7","","","","",""
"@:E9V14R","@:E9V14Q","AU","testing","2020-05-08 11:25:27","2020-05-08 11:25:27","MGALING ","MGALING ","CBA  ","          ","@:E9V14R","","","","",""
"@:E9V23Y","@:E9V14Q","NL","testing","2020-05-08 11:49:05","2020-05-08 11:49:05","MGALING ","MGALING ","CBA  ","          ","@:E9V14R","","","","",""
"68EADU1F","68EADU1E","AU","MYMY0001","2020-05-18 13:19:41","2020-05-18 13:19:41","LOANIQ01","LOANIQ01","CBA  ","          ","68EADU1F","","","","",""
"H4EAFKP2","H4EAFKP1","AU","EUGENEHUGE","2020-05-19 13:12:25","2020-05-19 13:16:06","JOBINP  ","JOBINP  ","CBA  ","          ","H4EAFKP2","","","0114      ","",""
"68EAJO7X","68EAJO7W","NL","CASEUPTY8887","2020-05-21 18:47:49","2020-05-21 18:47:49","LOANIQ01","LOANIQ01","CBA  ","          ","68EAJO7X","","","","",""
"$=ECP2AC","$=ECP2AB","NL","SRHM2222","2020-07-02 13:46:51","2020-07-02 13:46:51","LOANIQ01","LOANIQ01","CBA  ","          ","$=ECP2AC","","","","",""
"I-ED0P47","I-ED0P46","AU","MYYY0001","2020-07-08 20:33:35","2020-07-08 20:33:35","LOANIQ01","LOANIQ01","CBA  ","          ","I-ED0P47","","","","",""
"I-ED0QF1","I-ED0QF0","NL","PRACTICE11","2020-07-08 21:01:41","2020-07-08 21:01:41","LOANIQ01","LOANIQ01","CBA  ","          ","I-ED0QF1","","","","",""
"I-ED150F","I-ED150E","GB","MAETRY01","2020-07-09 02:16:56","2020-07-09 02:16:56","LOANIQ01","LOANIQ01","CBA  ","          ","I-ED150F","","","","",""
"I-ED217M","I-ED217L","GB","RM000001","2020-07-09 13:52:26","2020-07-09 13:52:26","LOANIQ01","LOANIQ01","CBA  ","          ","I-ED217M","","","","",""
"I-ED2GWV","I-ED2GWU","AU","SAMPLE NAME ENT","2020-07-09 19:31:35","2020-07-09 19:31:35","LOANIQ01","LOANIQ01","CBA  ","          ","I-ED2GWV","","","","",""
"I-ED2NXG","I-ED2NXF","AU","ENT9245525","2020-07-09 22:03:07","2020-07-09 22:03:07","LOANIQ01","LOANIQ01","CBA  ","          ","I-ED2NXG","","","","",""
"I-ED2P2Z","I-ED2P2Y","AU","TEST33001","2020-07-09 22:28:03","2020-07-09 22:28:03","LOANIQ01","LOANIQ01","CBA  ","          ","I-ED2P2Z","","","","",""
"I-ED3PKL","I-ED3PKK","AU","SARAHTEST01","2020-07-10 11:36:12","2020-07-10 11:36:12","LOANIQ01","LOANIQ01","CBA  ","          ","I-ED3PKL","","","","",""
"I-ED3V0C","I-ED3V0B","AU","SARAHMAETRY00","2020-07-10 13:33:40","2020-07-10 13:33:40","LOANIQ01","LOANIQ01","CBA  ","          ","I-ED3V0C","","","","",""
"I-ED44BQ","I-ED44BP","AU","TRYNGTRY01","2020-07-10 16:54:54","2020-07-10 16:54:54","LOANIQ01","LOANIQ01","CBA  ","          ","I-ED44BQ","","","","",""
"I-ED45IH","I-ED45IG","NL","PUMASOKKA00","2020-07-10 17:20:33","2020-07-10 17:20:33","LOANIQ01","LOANIQ01","CBA  ","          ","I-ED45IH","","","","",""
"#NED9EQ3","#NED9EQ2","AU","CUSTLEGAL08158","2020-07-13 13:16:16","2020-07-13 13:17:35","JOBINP  ","JOBINP  ","CBA  ","          ","#NED9EQ3","","","3620      ","",""
"I-ED9QDM","I-ED9QDL","AU","PTYCAS0991","2020-07-13 17:39:14","2020-07-13 17:39:14","LOANIQ01","LOANIQ01","CBA  ","          ","I-ED9QDM","","","","",""
"I-EDB3F2","I-EDB3F1","NL","EUCNLDCUST0001","2020-07-14 11:18:23","2020-07-14 11:18:23","LOANIQ01","LOANIQ01","CBA  ","          ","I-EDB3F2","","","","",""
"I-EDB5AE","I-EDB5AD","AU","TUE00001","2020-07-14 11:58:53","2020-07-14 11:58:53","LOANIQ01","LOANIQ01","CBA  ","          ","I-EDB5AE","","","","",""
"I-EDBBYR","I-EDBBYQ","AU","TESTING1111","2020-07-14 14:23:06","2020-07-14 14:23:06","LOANIQ01","LOANIQ01","CBA  ","          ","I-EDBBYR","","","","",""
"I-EDBNNV","I-EDBNNU","NL","TEST20205EU","2020-07-14 18:35:46","2020-07-14 18:35:46","LOANIQ01","LOANIQ01","CBA  ","          ","I-EDBNNV","","","","",""
":KEDDAP1",":KEDDAP0","AU","CUSTLEGAL43149","2020-07-15 15:51:04","2020-07-15 15:51:58","JOBINP  ","JOBINP  ","CBA  ","          ",":KEDDAP1","","","3620      ","",""
"F5EEI82Z","F5EEI82Y","GB","20200806","2020-08-06 18:16:03","2020-08-06 18:16:03","LOANIQ01","LOANIQ01","CBA  ","          ","F5EEI82Z","","","","",""
"7DEEUNP5","7DEEUNP4","AU","154278935 CUST","2020-08-13 10:28:15","2020-08-13 14:06:23","WBAYERS ","WBAYERS ","CBA  ","          ","7DEEUNP5","","","3620      ","",""
"F5EEWBR1","F5EEWBR0","AU","MNC COMPANY LTD 0813410","2020-08-14 09:01:41","2020-08-14 09:01:41","LOANIQ01","LOANIQ01","CBA  ","          ","F5EEWBR1","","","","",""
"F5EEVH5U","F5EEVH5T","AU","MNC COMPANY LTD 2012738","2020-08-13 22:00:57","2020-08-13 22:00:57","LOANIQ01","LOANIQ01","CBA  ","          ","F5EEVH5U","","","","",""
"#.EEWMPC","#.EEWMP5","AU","CBA_ALLAN_CUSTOMER_LEGAL_NAME","2020-08-14 12:04:04","2020-08-14 12:04:04","ALNSUP01","ALNSUP01","CBA  ","          ","#.EEWMP6","","","","",""
"#.EEWMPK","#.EEWMPJ","GB","CBA_ALLAN_CUSTOMER_2_LEGAL_NAME","2020-08-14 12:08:47","2020-08-14 12:08:47","ALNSUP01","ALNSUP01","CBA  ","          ","#.EEWMPK","","","","",""
"6WEADK2T","6WEADK2S","AU","HENRYSTONE","2020-05-18 11:32:15","2020-05-18 11:34:17","JOBINP  ","JOBINP  ","CBA  ","          ","6WEADK2T","","","0111      ","",""
"SIEESUTO","SIEESUTN","NL","CUSTAMSTER","2020-08-12 10:49:12","2020-08-12 10:55:17","CMARTILL","CMARTILL","CBA  ","          ","SIEESUTO","","","","",""
"#.EEWMP6","#.EEWMP5","GB","CBA_ALLAN_CUSTOMER_LEGAL_NAME","2020-08-14 12:01:48","2020-08-14 12:01:48","ALNSUP01","ALNSUP01","CBA  ","          ","#.EEWMP6","","","","",""
"#.EEWMPR","#.EEWMPJ","AU","CBA_ALLAN_CUSTOMER_2_LEGAL_NAME","2020-08-14 12:10:43","2020-08-14 12:10:43","ALNSUP01","ALNSUP01","CBA  ","          ","#.EEWMPK","","","","",""
"F5EEWNIH","F5EEWNIG","AU","MNC COMPANY LTD 1214808","2020-08-14 13:15:44","2020-08-14 13:15:44","LOANIQ01","LOANIQ01","CBA  ","          ","F5EEWNIH","","","","",""
"F5EEWSOS","F5EEWSOR","AU","MNC COMPANY LTD 1414010","2020-08-14 15:07:31","2020-08-14 15:07:31","LOANIQ01","LOANIQ01","CBA  ","          ","F5EEWSOS","","","","",""
"F5EEX0DX","F5EEX0DW","AU","MNC COMPANY LTD 1712530","2020-08-14 17:53:48","2020-08-14 17:53:48","LOANIQ01","LOANIQ01","CBA  ","          ","F5EEX0DX","","","","",""
"F5EEX1HH","F5EEX1HG","AU","MNC COMPANY LTD 1714916","2020-08-14 18:17:32","2020-08-14 18:17:32","LOANIQ01","LOANIQ01","CBA  ","          ","F5EEX1HH","","","","",""
"F5EF2FBY","F5EF2FBX","AU","BE Pty Ltd as trustee for the Dances With Wolves Fam 1513517","2020-08-17 16:04:38","2020-08-17 16:04:38","LOANIQ01","LOANIQ01","CBA  ","          ","F5EF2FBY","","","","",""
"5QEF3VVV","5QEF3VVU","NL","5M_CBA_TEST","2020-08-18 07:57:59","2020-08-18 07:57:59","LIQUSR05","LIQUSR05","CBA  ","          ","5QEF3VVV","","","","",""
"F5EF3TGR","F5EF3TGQ","AU","ARIHANT TRADING COMPANY 0913643","2020-08-18 10:07:31","2020-08-18 10:07:31","LOANIQ01","LOANIQ01","CBA  ","          ","F5EF3TGR","","","","",""
"LUEF3WHQ","LUEF3WHP","GB","ARIHANT TRADING COMPANY 00001","2020-08-18 10:41:58","2020-08-18 10:41:58","ALNINP01","ALNINP01","CBA  ","          ","LUEF3WHQ","","","","",""
"LUEF3WHZ","LUEF3WHP","AU","ARIHANT TRADING COMPANY 00001","2020-08-18 10:43:34","2020-08-18 10:43:34","ALNINP01","ALNINP01","CBA  ","          ","LUEF3WHQ","","","","",""
"F5EF3YEF","F5EF3YEE","AU","ARIHANT TRADING COMPANY 1112504","2020-08-18 11:54:06","2020-08-18 11:54:06","LOANIQ01","LOANIQ01","CBA  ","          ","F5EF3YEF","","","","",""
"ALEF5OUD","ALEF5OUC","AU","BE Pty Ltd as trustee for the Dances With Wolves Family Trust","2020-08-19 09:24:51","2020-08-19 09:30:30","RONINP01","RONINP01","CBA  ","          ","ALEF5OUD","","","8112      ","",""
"KREF69E9","KREF69E8","AU","BE Pty Ltd as trustee for the Dances With Wolves Fam 1213324","2020-08-19 16:30:24","2020-08-19 16:37:55","INPRON01","INPRON01","CBA  ","          ","KREF69E9","","","8112      ","",""
"V+EF46DM","V+EF46DL","AU","ARIHANT TRADING COMPANY 00002","2020-08-18 13:52:17","2020-08-18 13:52:17","ALNINP01","ALNINP01","CBA  ","          ","V+EF46DM","","","","",""
"V-EF4H32","V-EF4H31","AU","MNC COMPANY LTD 1413932","2020-08-18 15:08:36","2020-08-18 15:08:36","LOANIQ01","LOANIQ01","CBA  ","          ","V-EF4H32","","","","",""
"V+EF49HG","V+EF49HF","AU","ARIHANT TRADING COMPANY 000001","2020-08-18 15:56:01","2020-08-18 15:59:04","ALNINP01","ALNINP01","CBA  ","          ","V+EF49HG","","","8710      ","",""
"KQEF6H18","KQEF6H17","AU","BE Pty Ltd as trustee for the Dances With Wolves Fam 335123","2020-08-19 19:16:43","2020-08-19 19:52:15","INPRON01","INPRON01","CBA  ","          ","KQEF6H18","","","8112      ","",""
"AXEF6K9Y","AXEF6K9X","AU","Test CONS enterprise name","2020-08-19 21:41:50","2020-08-19 21:41:50","LOANIQ01","LOANIQ01","CBA  ","          ","AXEF6K9Y","","","","",""
"ZHEF7YY2","ZHEF7YY1","NL","WSS_Janice","2020-08-20 14:56:42","2020-08-20 14:56:42","JAQUITAN","JAQUITAN","CBA  ","          ","ZHEF7YY2","","","","",""
"9REF81R4","9REF81R3","AU","BE Pty Ltd as trustee for the Dances With Wolves Fam 335299","2020-08-20 16:59:35","2020-08-20 17:11:23","INPRON01","INPRON01","CBA  ","          ","9REF81R4","","","8112      ","",""
")OEF88WX",")OEF88WW","AU","ARIHANT TRADING COMPANY 00004","2020-08-20 18:10:53","2020-08-20 18:13:37","MGRALN01","MGRALN01","CBA  ","          ",")OEF88WX","","","8112      ","",""
")3EF892H",")3EF892G","AU","BE Pty Ltd as trustee for the Dances With Wolves Fam 335288","2020-08-20 18:19:39","2020-08-20 18:31:41","INPRON01","INPRON01","CBA  ","          ",")3EF892H","","","8112      ","",""
")?EF8979",")?EF8978","NL","AMS_CUSTOMER","2020-08-20 18:45:53","2020-08-20 18:45:53","SMANZANO","SMANZANO","CBA  ","          ",")?EF8979","","","","",""
")XEF8B80",")XEF8B7Z","AU","ARIHANT TRADING COMPANY 00005","2020-08-20 18:52:23","2020-08-20 18:54:06","INPALN01","INPALN01","CBA  ","          ",")XEF8B80","","","8112      ","",""
")VEF8DJ1",")VEF8DJ0","AU","ARIHANT TRADING COMPANY 00006","2020-08-20 19:17:09","2020-08-20 19:25:10","INPALN01","INPALN01","CBA  ","          ",")VEF8DJ1","","","8112      ","",""
"E8EF8FP8","E8EF8FP7","AU","BE Pty Ltd as trustee for the Dances With Wolves Fam 335277","2020-08-20 20:50:03","2020-08-20 20:52:55","INPRON01","INPRON01","CBA  ","          ","E8EF8FP8","","","8112      ","",""
"EBEF9ADW","EBEF9ADV","AU","BE Pty Ltd as trustee for the Dances With Wolves Fam 3352123","2020-08-21 07:46:09","2020-08-21 07:46:56","INPRON01","INPRON01","CBA  ","          ","EBEF9ADW","","","8112      ","",""
"YPEFEVVE","YPEFEVVD","AU","ARIHANT TRADING COMPANY 00007","2020-08-24 08:21:14","2020-08-24 08:23:32","ALNINP01","ALNINP01","CBA  ","          ","YPEFEVVE","","","8112      ","",""
"Y3EFEZQC","Y3EFEZQB","AU","ARIHANT TRADING COMPANY 000008","2020-08-24 09:56:08","2020-08-24 09:57:38","INPALN01","INPALN01","CBA  ","          ","Y3EFEZQC","","","8112      ","",""
"Y@EFF0L9","Y@EFF0L8","AU","Commonwealth Bank of Australia OBU (External)","2020-08-24 10:25:01","2020-08-24 10:30:23","CMARTILL","CMARTILL","CBA  ","          ","Y@EFF0L9","","","","",""
"Y?EFF2EE","Y?EFF2ED","AU","Sanseera Electronics Ltd 001","2020-08-24 10:47:45","2020-08-24 10:58:05","JOBINP  ","JOBINP  ","CBA  ","          ","Y?EFF2EE","","","8710      ","",""
"(IEFGRPY","(IEFGRPX","AU","BE Pty Ltd as trustee for the Dances With Wolves Fam 08202066","2020-08-25 09:56:16","2020-08-25 09:57:41","INPRON01","INPRON01","CBA  ","          ","(IEFGRPY","","","8112      ","",""
"@MEFH6VM","@MEFH6VL","AU","Sanseera Electronics Ltd 1914539","2020-08-25 15:29:27","2020-08-25 15:33:50","INPDEL01","INPDEL01","CBA  ","          ","@MEFH6VM","","","8710      ","",""
"CAEFH7KJ","CAEFH7KI","AU","Sanseera Electronics Ltd1213041","2020-08-25 15:44:13","2020-08-25 15:48:07","INPROS01","INPROS01","CBA  ","          ","CAEFH7KJ","","","8710      ","",""
"CTEFHBUN","CTEFHBUM","AU","ARIHANT TRADING COMPANY 000010","2020-08-25 15:57:12","2020-08-25 15:58:45","INPALN01","INPALN01","CBA  ","          ","CTEFHBUN","","","8112      ","",""
"=REFJ68X","=REFJ68W","AU","Sanseera Electronics Ltd 002","2020-08-26 17:07:02","2020-08-26 17:15:16","JOBINP  ","JOBINP  ","CBA  ","          ","=REFJ68X","","","8710      ","",""
"$#EFJ9I4","$#EFJ9I3","AU","ARIHANT TRADING COMPANY 000015","2020-08-26 18:16:35","2020-08-26 18:17:54","INPALN01","INPALN01","CBA  ","          ","$#EFJ9I4","","","8112      ","",""
"?NEFKRY7","?NEFKRY6","AU","ARIHANT TRADING COMPANY 000016","2020-08-27 13:54:11","2020-08-27 13:55:29","INPALN01","INPALN01","CBA  ","          ","?NEFKRY7","","","8112      ","",""
"I2EFMH44","I2EFMH43","AU","ARIHANT TRADING COMPANY 000018","2020-08-28 11:14:28","2020-08-28 11:15:24","INPALN01","INPALN01","CBA  ","          ","I2EFMH44","","","8112      ","",""
"#ZEFTUU4","#ZEFTUU3","AU","Sanseera Electronics Ltd 1913520","2020-09-01 10:33:14","2020-09-01 10:38:13","INPROS01","INPROS01","CBA  ","          ","#ZEFTUU4","","","8710      ","",""
"U!EG6TST","U!EG6TSS","AU","WESTPAC BANKING CORP","2020-09-08 11:38:43","2020-09-08 11:39:57","JCUSR01 ","JCUSR01 ","CBA  ","          ","U!EG6TST","","","0219      ","",""
"FCEG76R9","FCEG76R8","AU","Sanseera Electronics Ltd 007","2020-09-08 15:11:02","2020-09-08 15:16:27","INPAMT01","INPAMT01","CBA  ","          ","FCEG76R9","","","8710      ","",""
"9:EG8XB7","9:EG8XB6","AU","ARIHANT TRADING COMPANY 000019","2020-09-09 13:58:38","2020-09-09 13:59:41","INPALN01","INPALN01","CBA  ","          ","9:EG8XB7","","","8112      ","",""
"5AEH88B9","5AEH88B8","AU","CUSTLEGAL59109","2020-09-28 15:08:40","2020-09-28 15:09:39","INPELY01","INPELY01","CBA  ","          ","5AEH88B9","","","3620      ","",""
"5$EH88NT","5$EH88NS","AU","CUSTLEGAL10100","2020-09-28 16:19:03","2020-09-28 16:19:56","INPELY01","INPELY01","CBA  ","          ","5$EH88NT","","","3620      ","",""
"5VEH8D9A","5VEH8D99","AU","CUSTLEGAL47111","2020-09-28 16:55:53","2020-09-28 16:56:40","MIGGY_IN","MIGGY_IN","CBA  ","          ","5VEH8D9A","","","3620      ","",""
"G#EHA7HG","G#EHA7HF","NL","ESPS1 1210029","2020-09-29 12:46:17","2020-09-29 12:46:17","LOANIQ01","LOANIQ01","CBA  ","          ","G#EHA7HG","","","","",""
"*4EHA4KJ","*4EHA4KI","AU","CUSTLEGAL42126","2020-09-29 15:51:34","2020-09-29 15:52:31","INPELY01","INPELY01","CBA  ","          ","*4EHA4KJ","","","3620      ","",""
"G#EHA7S5","G#EHA7S4","AU","Inner Works Inc 1511823","2020-09-29 16:00:12","2020-09-29 16:00:12","LOANIQ01","LOANIQ01","CBA  ","          ","G#EHA7S5","","","","",""
"*=EHA9UP","*=EHA9UO","AU","CUSTLEGAL37113","2020-09-29 17:46:06","2020-09-29 17:46:55","MIGGY_IN","MIGGY_IN","CBA  ","          ","*=EHA9UP","","","3620      ","",""
"A*EHAMQE","A*EHAMQD","AU","CUSTLEGAL25137","2020-09-29 23:34:53","2020-09-29 23:35:47","INPELY01","INPELY01","CBA  ","          ","A*EHAMQE","","","3620      ","",""
"G#EHB2AJ","G#EHB2AI","AU","ESPS1 0413341","2020-09-30 05:08:35","2020-09-30 05:08:35","LOANIQ01","LOANIQ01","CBA  ","          ","G#EHB2AJ","","","","",""
"G#EHB3WJ","G#EHB3WI","AU","ESPS1 0510727","2020-09-30 05:43:23","2020-09-30 05:43:23","LOANIQ01","LOANIQ01","CBA  ","          ","G#EHB3WJ","","","","",""
"G#EHBIJO","G#EHBIJN","AU","PARTY ENT NAME 45678003","2020-09-30 10:59:40","2020-09-30 10:59:40","LOANIQ01","LOANIQ01","CBA  ","          ","G#EHBIJO","","","","",""
"G#EHBIK1","G#EHBIK0","AU","PARTY ENT NAME 45678004","2020-09-30 10:59:40","2020-09-30 10:59:40","LOANIQ01","LOANIQ01","CBA  ","          ","G#EHBIK1","","","","",""
"P:E96XI1","P:E96XI0","AU","this is one hundred forty characters for testing the enterprise name field length validation this is one hundred forty characters for testin","2020-04-25 11:05:53","2020-04-25 11:05:53","LOANIQ01","LOANIQ01","CBA  ","          ","P:E96XI1","","","","",""
"P:E9AO7J","P:E9AO7I","AU","ENT9355335_UPD","2020-04-27 11:35:35","2020-05-19 10:10:17","LOANIQ01","LOANIQ01","CBA  ","          ","P:E9AO7J","","","5210      ","",""
"KME9CJB8","KME9CJB7","AU","ENT929442","2020-04-28 11:45:00","2020-04-28 11:45:00","LOANIQ01","LOANIQ01","CBA  ","          ","KME9CJB8","","","","",""
"KME9CJND","KME9CJNC","AU","PARTY ENT NAME 10094001","2020-04-28 11:52:16","2020-04-28 11:52:16","LOANIQ01","LOANIQ01","CBA  ","          ","KME9CJND","","","","",""
"KME9CJO0","KME9CJNZ","AU","PARTY ENT NAME 20094001","2020-04-28 11:52:39","2020-04-28 11:52:39","LOANIQ01","LOANIQ01","CBA  ","          ","KME9CJO0","","","","",""
"KME9CMHA","KME9CMH9","AU","ENT2482942","2020-04-28 12:53:26","2020-04-28 12:53:26","LOANIQ01","LOANIQ01","CBA  ","          ","KME9CMHA","","","","",""
"KME9COB8","KME9COB7","AU","PARTY ENT NAME 10094002","2020-04-28 13:33:00","2020-04-28 13:33:00","LOANIQ01","LOANIQ01","CBA  ","          ","KME9COB8","","","","",""
"KME9COCZ","KME9COCY","AU","PARTY ENT NAME 20094002","2020-04-28 13:34:02","2020-04-28 13:34:02","LOANIQ01","LOANIQ01","CBA  ","          ","KME9COCZ","","","","",""
"U7E9CRX0","U7E9CRWZ","AU","egal123","2020-04-28 14:51:29","2020-04-28 14:51:29","APP2MANS","APP2MANS","CBA  ","          ","U7E9CRX0","","","","",""
"BYEDA7MP","BYEDA7MO","NL","CUSTLEGAL50135","2020-07-13 23:58:14","2020-07-13 23:58:14","FJUSRAM ","FJUSRAM ","CBA  ","          ","BYEDA7MP","","","","",""
"VWEDOEXL","VWEDOEXK","AU","CUSTLEGAL55127","2020-07-21 16:02:54","2020-07-21 16:04:00","DJRHINPT","DJRHINPT","CBA  ","          ","VWEDOEXL","","","8431      ","",""
"*#EF4PTM","*#EF4PTL","AU","MNC LIMITED 0818202001","2020-08-18 19:48:06","2020-08-18 20:12:41","WBAYERS ","WBAYERS ","CBA  ","          ","*#EF4PTM","","","0111      ","",""
"A1EF5M57","A1EF5M56","AU","ARIHANT TRADING COMPANY 00003","2020-08-19 08:15:04","2020-08-19 08:35:46","ALNINP01","ALNINP01","CBA  ","          ","A1EF5M57","","","8112      ","",""
"FREF87TC","FREF87TB","AU","Sanseera Electronics Ltd 1813755","2020-08-20 19:07:51","2020-08-20 19:07:51","LOANIQ01","LOANIQ01","CBA  ","          ","FREF87TC","","","","",""
"@*EFH8X1","@*EFH8X0","AU","ARIHANT TRADING COMPANY 000009","2020-08-25 14:55:03","2020-08-25 14:56:24","INPALN01","INPALN01","CBA  ","          ","@*EFH8X1","","","8112      ","",""
"1KEFIX0G","1KEFIX0F","AU","ARIHANT TRADING COMPANY 000011","2020-08-26 12:46:59","2020-08-26 12:49:00","INPALN01","INPALN01","CBA  ","          ","1KEFIX0G","","","8112      ","",""
"1MEFJ04Z","1MEFJ04Y","AU","ARIHANT TRADING COMPANY 000012","2020-08-26 13:38:18","2020-08-26 13:40:29","INPALN01","INPALN01","CBA  ","          ","1MEFJ04Z","","","8112      ","",""
"=UEFJ4X6","=UEFJ4X5","AU","ARIHANT TRADING COMPANY 000013","2020-08-26 15:27:36","2020-08-26 15:28:26","INPALN01","INPALN01","CBA  ","          ","=UEFJ4X6","","","8112      ","",""
"7NEFL00F","7NEFL00E","AU","ARIHANT TRADING COMPANY 000017","2020-08-27 16:45:44","2020-08-27 16:46:54","INPALN01","INPALN01","CBA  ","          ","7NEFL00F","","","8112      ","",""
"N?EFL3EY","N?EFL3EX","AU","Sanseera Electronics Ltd 003","2020-08-27 18:00:11","2020-08-27 18:04:23","JOBINP  ","JOBINP  ","CBA  ","          ","N?EFL3EY","","","8710      ","",""
"XOEFL7K1","XOEFL7K0","AU","Sanseera Electronics Ltd 004","2020-08-27 19:34:35","2020-08-27 19:38:56","INPAMT01","INPAMT01","CBA  ","          ","XOEFL7K1","","","8710      ","",""
"RVEGKDP1","RVEGKDP0","GB","Sanseera Electronics Ltd 1814622","2020-09-15 19:19:41","2020-09-15 19:19:41","LOANIQ01","LOANIQ01","CBA  ","          ","RVEGKDP1","","","","",""
"RVEGLKJN","RVEGLKJM","GB","Sanseera Electronics Ltd 0915115","2020-09-16 10:45:15","2020-09-16 10:45:15","LOANIQ01","LOANIQ01","CBA  ","          ","RVEGLKJN","","","","",""
"RVEGLLWI","RVEGLLWH","GB","Sanseera Electronics Ltd 1014006","2020-09-16 11:14:18","2020-09-16 11:14:18","LOANIQ01","LOANIQ01","CBA  ","          ","RVEGLLWI","","","","",""
"RVEGLOT4","RVEGLOT3","GB","Sanseera Electronics Ltd 1114228","2020-09-16 12:17:19","2020-09-16 12:17:19","LOANIQ01","LOANIQ01","CBA  ","          ","RVEGLOT4","","","","",""
"RVEGLR0L","RVEGLR0K","GB","Sanseera Electronics Ltd 1213027","2020-09-16 13:05:01","2020-09-16 13:05:01","LOANIQ01","LOANIQ01","CBA  ","          ","RVEGLR0L","","","","",""
"RVEGLYK1","RVEGLYK0","GB","Sanseera Electronics Ltd 1511426","2020-09-16 15:47:53","2020-09-16 15:47:53","LOANIQ01","LOANIQ01","CBA  ","          ","RVEGLYK1","","","","",""
"RVEGM3EK","RVEGM3EJ","GB","Sanseera Electronics Ltd 1615958","2020-09-16 17:32:35","2020-09-16 17:32:35","LOANIQ01","LOANIQ01","CBA  ","          ","RVEGM3EK","","","","",""
"RVEGM4S1","RVEGM4S0","GB","Sanseera Electronics Ltd 1712904","2020-09-16 18:02:17","2020-09-16 18:02:17","LOANIQ01","LOANIQ01","CBA  ","          ","RVEGM4S1","","","","",""
"RVEGM633","RVEGM632","GB","Sanseera Electronics Ltd 1715547","2020-09-16 18:29:36","2020-09-16 18:29:36","LOANIQ01","LOANIQ01","CBA  ","          ","RVEGM633","","","","",""
"RVEGM7UZ","RVEGM7UY","GB","Sanseera Electronics Ltd 1813618","2020-09-16 19:08:50","2020-09-16 19:08:50","LOANIQ01","LOANIQ01","CBA  ","          ","RVEGM7UZ","","","","",""
"RVEGM9SL","RVEGM9SK","GB","Sanseera Electronics Ltd 1911637","2020-09-16 19:50:36","2020-09-16 19:50:36","LOANIQ01","LOANIQ01","CBA  ","          ","RVEGM9SL","","","","",""
"RVEGMADV","RVEGMADU","GB","Sanseera Electronics Ltd 1913009","2020-09-16 20:03:22","2020-09-16 20:03:22","LOANIQ01","LOANIQ01","CBA  ","          ","RVEGMADV","","","","",""
"RVEGMGPF","RVEGMGPE","GB","Sanseera Electronics Ltd 2114646","2020-09-16 22:19:55","2020-09-16 22:19:55","LOANIQ01","LOANIQ01","CBA  ","          ","RVEGMGPF","","","","",""
"RVEGMHIF","RVEGMHIE","GB","Sanseera Electronics Ltd 2210247","2020-09-16 22:37:19","2020-09-16 22:37:19","LOANIQ01","LOANIQ01","CBA  ","          ","RVEGMHIF","","","","",""
"RVEGNJNV","RVEGNJNU","GB","Sanseera Electronics Ltd 1114753","2020-09-17 12:21:23","2020-09-17 12:21:23","LOANIQ01","LOANIQ01","CBA  ","          ","RVEGNJNV","","","","",""
"RVEGNMPK","RVEGNMPJ","GB","Sanseera Electronics Ltd 1215423","2020-09-17 13:27:12","2020-09-17 13:27:12","LOANIQ01","LOANIQ01","CBA  ","          ","RVEGNMPK","","","","",""
"RVEGX7ZQ","RVEGX7ZP","AU","Inner Works Inc 1915328","2020-09-22 17:43:42","2020-09-25 15:12:18","LOANIQ01","LOANIQ01","CBA  ","          ","RVEGX7ZQ","","","5730      ","",""
"RVEGX803","RVEGX802","AU","Inner Works Inc 1410005","2020-09-22 17:43:43","2020-09-22 17:43:43","LOANIQ01","LOANIQ01","CBA  ","          ","RVEGX803","","","","",""
"RVEGYLOC","RVEGYLOB","AU","BE Pty Ltd as trustee for the Dances With Wolves FamilyTrust","2020-09-23 11:38:28","2020-09-23 11:38:28","LOANIQ01","LOANIQ01","CBA  ","          ","RVEGYLOC","","","","",""
"RVEGYO97","RVEGYO96","AU","Inner Works Inc 1115708","2020-09-23 12:34:10","2020-09-23 12:34:10","LOANIQ01","LOANIQ01","CBA  ","          ","RVEGYO97","","","","",""
"RVEGYQRI","RVEGYQRH","AU","Inner Works Inc 1214937","2020-09-23 13:28:21","2020-09-23 13:28:21","LOANIQ01","LOANIQ01","CBA  ","          ","RVEGYQRI","","","","",""
"RVEGYUEG","RVEGYUEF","AU","CMSEPTEST","2020-09-23 14:46:55","2020-09-23 14:46:55","LOANIQ01","LOANIQ01","CBA  ","          ","RVEGYUEG","","","","",""
"RVEGYWPW","RVEGYWPV","AU","LocalTechnology Ltd 1110732","2020-09-23 15:37:00","2020-09-24 11:40:09","LOANIQ01","LOANIQ01","CBA  ","          ","RVEGYWPW","","","8431      ","",""
"RVEH0HAL","RVEH0HAK","AU","Enterprise_AO2","2020-09-24 11:59:01","2020-09-24 11:59:01","LOANIQ01","LOANIQ01","CBA  ","          ","RVEH0HAL","","","","",""
"RVEH0HBE","RVEH0HBD","AU","EN_FIN_AMIPAC","2020-09-24 11:59:29","2020-09-24 11:59:29","LOANIQ01","LOANIQ01","CBA  ","          ","RVEH0HBE","","","","",""
"RVEH0SCS","RVEH0SCR","AU","FULLBS","2020-09-24 15:57:56","2020-09-24 15:57:56","LOANIQ01","LOANIQ01","CBA  ","          ","RVEH0SCS","","","","",""
"RVEH0ZNF","RVEH0ZNE","AU","LocalTechnology Ltd 1812800","2020-09-24 18:35:31","2020-09-25 10:27:14","LOANIQ01","LOANIQ01","CBA  ","          ","RVEH0ZNF","","","5710      ","",""
"RVEH14S3","RVEH14S2","AU","Inner Works Inc 1915210","2020-09-24 20:26:19","2020-09-24 20:26:19","LOANIQ01","LOANIQ01","CBA  ","          ","RVEH14S3","","","","",""
"RVEH1AKC","RVEH1AKB","AU","LocalTechnology Ltd 2210258","2020-09-24 22:31:15","2020-09-24 22:31:15","LOANIQ01","LOANIQ01","CBA  ","          ","RVEH1AKC","","","","",""
"RVEH1CVS","RVEH1CVR","AU","ENTTESTMAINTAIN01","2020-09-24 23:21:20","2020-09-24 23:21:20","LOANIQ01","LOANIQ01","CBA  ","          ","RVEH1CVS","","","","",""
"RVEH1DV4","RVEH1DV3","AU","EJKTEJHET","2020-09-24 23:42:31","2020-09-24 23:42:31","LOANIQ01","LOANIQ01","CBA  ","          ","RVEH1DV4","","","","",""
"RVEH1E4A","RVEH1E49","AU","KLDLSKGS","2020-09-24 23:48:02","2020-09-24 23:48:02","LOANIQ01","LOANIQ01","CBA  ","          ","RVEH1E4A","","","","",""
"RVEH1EA5","RVEH1EA4","AU","DSKGSEEG","2020-09-24 23:51:33","2020-09-24 23:51:33","LOANIQ01","LOANIQ01","CBA  ","          ","RVEH1EA5","","","","",""
"RVEH1FP9","RVEH1FP8","AU","ENTTESTMAINTAIN02","2020-09-25 00:22:12","2020-09-25 00:22:12","LOANIQ01","LOANIQ01","CBA  ","          ","RVEH1FP9","","","","",""
"RVEH291Q","RVEH291P","AU","Inner Works Inc 1012125","2020-09-25 10:56:06","2020-09-25 10:56:06","LOANIQ01","LOANIQ01","CBA  ","          ","RVEH291Q","","","","",""
"RVEH2AJP","RVEH2AJO","AU","TESTBA1","2020-09-25 11:28:29","2020-09-25 13:28:00","LOANIQ01","LOANIQ01","CBA  ","          ","RVEH2AJP","","","1200      ","",""
"RVEH2E7H","RVEH2E7G","AU","Inner Works Inc 1211207","2020-09-25 12:47:32","2020-09-25 12:47:32","LOANIQ01","LOANIQ01","CBA  ","          ","RVEH2E7H","","","","",""
"RVEH2GEJ","RVEH2GEI","AU","TESTBA780","2020-09-25 13:34:58","2020-09-25 13:48:02","LOANIQ01","LOANIQ01","CBA  ","          ","RVEH2GEJ","","","7122      ","",""
"RVEH2HQG","RVEH2HQF","AU","312639","2020-09-25 14:03:43","2020-09-25 14:03:43","LOANIQ01","LOANIQ01","CBA  ","          ","RVEH2HQG","","","","",""
"RVEH2LBE","RVEH2LBD","AU","LocalTechnology Ltd 4342124","2020-09-25 15:20:34","2020-09-30 16:28:30","LOANIQ01","LOANIQ01","CBA  ","          ","RVEH2LBE","","","4245      ","",""
"RVEH2ZQQ","RVEH2ZQP","GB","Sanseera Electronics Ltd 1915914","2020-09-25 20:32:42","2020-09-25 20:32:42","LOANIQ01","LOANIQ01","CBA  ","          ","RVEH2ZQQ","","","","",""
"H3E537LL","H3E537LK","AU","CassieM","2020-02-05 07:34:54","2020-02-05 07:34:54","CMARTILL","CMARTILL","CBA  ","          ","H3E537LL","","","","",""
"!;E6747X","!;E6747W","AU","PTYAPISH10099","2020-02-27 05:50:13","2020-02-27 05:50:13","LOANIQ02","LOANIQ02","CBA  ","          ","!;E6747X","","","","",""
"!;E677KW","!;E677KV","AU","PTYA7145900","2020-02-27 07:02:47","2020-02-27 07:02:47","LOANIQ02","LOANIQ02","CBA  ","          ","!;E677KW","","","","",""
"!;E67DMG","!;E67DMF","AU","ENT834534","2020-02-27 09:13:20","2020-02-27 09:13:20","LOANIQ02","LOANIQ02","CBA  ","          ","!;E67DMG","","","","",""
"!;E67DWW","!;E67DWV","AU","ENT9834534","2020-02-27 09:19:36","2020-02-27 09:19:36","LOANIQ02","LOANIQ02","CBA  ","          ","!;E67DWW","","","","",""
"!;E67EHD","!;E67EHC","AU","ENT93499344","2020-02-27 09:31:53","2020-02-27 09:31:53","LOANIQ02","LOANIQ02","CBA  ","          ","!;E67EHD","","","","",""
"!;E691BJ","!;E691BI","AU","PTYA7101446","2020-02-28 06:42:46","2020-02-28 06:42:46","LOANIQ02","LOANIQ02","CBA  ","          ","!;E691BJ","","","","",""
"!;E691CK","!;E691CJ","AU","ENT982323","2020-02-28 06:43:23","2020-02-28 06:43:23","LOANIQ02","LOANIQ02","CBA  ","          ","!;E691CK","","","","",""
"!;E69247","!;E69246","AU","ENT9283323","2020-02-28 06:59:59","2020-02-28 06:59:59","LOANIQ02","LOANIQ02","CBA  ","          ","!;E69247","","","","",""
"!;E69BKE","!;E69BKD","AU","PTYA7182056","2020-02-28 10:24:04","2020-02-28 10:24:04","LOANIQ02","LOANIQ02","CBA  ","          ","!;E69BKE","","","","",""
"!;E69CUL","!;E69CUK","AU","PTYA7184720","2020-02-28 10:51:49","2020-02-28 10:51:49","LOANIQ02","LOANIQ02","CBA  ","          ","!;E69CUL","","","","",""
"!;E69E40","!;E69E3Z","AU","PTYA7191552","2020-02-28 11:19:03","2020-02-28 11:19:03","LOANIQ02","LOANIQ02","CBA  ","          ","!;E69E40","","","","",""
"!;E69EUH","!;E69EUG","AU","PTYA7193137","2020-02-28 11:34:56","2020-02-28 11:34:56","LOANIQ02","LOANIQ02","CBA  ","          ","!;E69EUH","","","","",""
"!;E69SLU","!;E69SLT","AU","Multi Entity Party","2020-02-28 16:32:10","2020-02-28 16:32:10","LOANIQ02","LOANIQ02","CBA  ","          ","!;E69SLU","","","","",""
"A4E8XOXY","A4E8XOXX","AU","CUSTLEGAL21154","2020-04-20 03:22:54","2020-04-20 03:25:09","APP1MANS","APP1MANS","CBA  ","          ","A4E8XOXY","","","3620      ","",""
"!!E8YNWM","!!E8YNWL","AU","CL56140","2020-04-20 15:58:14","2020-04-20 16:01:52","FJUSR01 ","FJUSR01 ","CBA  ","          ","!!E8YNWM","","","3620      ","",""
"!DE93K8W","!DE93K8V","AU","TONYMANS1","2020-04-23 07:07:08","2020-04-23 07:07:08","APP1MANS","APP1MANS","CBA  ","          ","!DE93K8W","","","","",""
"!DE93K9A","!DE93K99","AU","CUSTLEGALANTHONY","2020-04-23 07:22:08","2020-04-23 07:25:42","APP1MANS","APP1MANS","CBA  ","          ","!DE93K9A","","","3620      ","",""
"67E5131P","67E5131O","AU","PTYAUCASS","2020-02-04 08:43:12","2020-02-04 08:43:12","LOANIQ02","LOANIQ02","CBA  ","          ","67E5131P","","","","",""
"67E51322","67E51321","AU","PTYAUCASM12","2020-02-04 08:44:39","2020-02-04 08:44:39","LOANIQ02","LOANIQ02","CBA  ","          ","67E51322","","","","",""
"67E5135Z","67E5135Y","AU","PTYA7190249","2020-02-04 11:05:16","2020-02-04 11:05:16","LOANIQ02","LOANIQ02","CBA  ","          ","67E5135Z","","","","",""
"67E5136S","67E5136R","AU","PTYA7191152","2020-02-04 11:14:19","2020-02-04 11:14:19","LOANIQ02","LOANIQ02","CBA  ","          ","67E5136S","","","","",""
"67E5137D","67E5137C","AU","PTYA7191608","2020-02-04 11:19:08","2020-02-04 11:19:08","LOANIQ02","LOANIQ02","CBA  ","          ","67E5137D","","","","",""
"67E5137Q","67E5137P","AU","TESMJJ","2020-02-04 11:22:18","2020-02-04 11:22:18","LOANIQ02","LOANIQ02","CBA  ","          ","67E5137Q","","","","",""
"67E5138B","67E5138A","AU","PTYA7192327","2020-02-04 11:26:25","2020-02-04 11:26:25","LOANIQ02","LOANIQ02","CBA  ","          ","67E5138B","","","","",""
"67E5139S","67E5139R","AU","PTYA7200946","2020-02-04 12:12:54","2020-02-04 12:12:54","LOANIQ02","LOANIQ02","CBA  ","          ","67E5139S","","","","",""
"67E513AR","67E513AQ","AU","PTYA7201807","2020-02-04 12:21:09","2020-02-04 12:21:09","LOANIQ02","LOANIQ02","CBA  ","          ","67E513AR","","","","",""
"67E513BI","67E513BH","AU","PTYA10000017","2020-02-04 12:28:55","2020-02-04 12:28:55","LOANIQ02","LOANIQ02","CBA  ","          ","67E513BI","","","","",""
"67E513OI","67E513OH","AU","EUCASM13","2020-02-04 13:19:21","2020-02-04 13:19:21","LOANIQ02","LOANIQ02","CBA  ","          ","67E513OI","","","","",""
"67E513OV","67E513OU","AU","PTYA1000002","2020-02-04 13:19:30","2020-02-04 13:19:30","LOANIQ02","LOANIQ02","CBA  ","          ","67E513OV","","","","",""
"67E51442","67E51441","AU","PTYA1000003","2020-02-04 13:28:42","2020-02-04 13:28:42","LOANIQ02","LOANIQ02","CBA  ","          ","67E51442","","","","",""
"67E514PU","67E514PT","AU","PTYA1000004","2020-02-04 13:41:46","2020-02-04 13:41:46","LOANIQ02","LOANIQ02","CBA  ","          ","67E514PU","","","","",""
"HSE531P7","HSE531P6","AU","PTYA1000006","2020-02-05 10:05:43","2020-02-05 10:05:43","LOANIQ02","LOANIQ02","CBA  ","          ","HSE531P7","","","","",""
"HSE531Q1","HSE531Q0","AU","AUPTY9991","2020-02-05 10:21:41","2020-02-05 10:21:41","LOANIQ02","LOANIQ02","CBA  ","          ","HSE531Q1","","","","",""
"HSE531QF","HSE531QE","AU","AUPTY9992","2020-02-05 10:27:27","2020-02-05 10:27:27","LOANIQ02","LOANIQ02","CBA  ","          ","HSE531QF","","","","",""
"HSE531RE","HSE531RD","AU","PTYA1000009","2020-02-05 10:51:25","2020-02-05 10:51:25","LOANIQ02","LOANIQ02","CBA  ","          ","HSE531RE","","","","",""
"HSE531VD","HSE531VC","AU","Test Characters dolor sit amet, cassiem adipiscing elit. Aenean commodo ligula eget dolor. Aenean massa. Cum sociis natoque penatibus et mag","2020-02-05 12:54:44","2020-02-05 12:54:44","LOANIQ02","LOANIQ02","CBA  ","          ","HSE531VD","","","","",""
"HSE542IG","HSE542IF","AU","PTYAU88881","2020-02-06 03:46:56","2020-02-06 03:46:56","LOANIQ02","LOANIQ02","CBA  ","          ","HSE542IG","","","","",""
"HSE543XB","HSE543XA","AU","this is two hundred fifty five characters to check the functionality of party ui customization this is two hundred fifty five characters to ","2020-02-06 04:17:27","2020-02-06 04:17:27","LOANIQ02","LOANIQ02","CBA  ","          ","HSE543XB","","","","",""
"HSE5440M","HSE5440L","NL","PTYEUCMM222","2020-02-06 04:19:26","2020-02-06 04:19:26","LOANIQ02","LOANIQ02","CBA  ","          ","HSE5440M","","","","",""
"HSE548XL","HSE548XK","AU","PTYA1000011","2020-02-06 06:05:37","2020-02-06 06:05:37","LOANIQ02","LOANIQ02","CBA  ","          ","HSE548XL","","","","",""
"HSE549GD","HSE549GC","AU","PTYA1000012","2020-02-06 06:16:52","2020-02-06 06:16:52","LOANIQ02","LOANIQ02","CBA  ","          ","HSE549GD","","","","",""
"HSE54AXM","HSE54AXL","AU","PTYA7144548","2020-02-06 06:48:49","2020-02-06 06:48:49","LOANIQ02","LOANIQ02","CBA  ","          ","HSE54AXM","","","","",""
"HSE54C2F","HSE54C2E","AU","PTYA1000012","2020-02-06 07:13:18","2020-02-06 07:13:18","LOANIQ02","LOANIQ02","CBA  ","          ","HSE54C2F","","","","",""
"HSE54C8N","HSE54C8M","AU","PTYA1000014","2020-02-06 07:17:03","2020-02-06 07:17:03","LOANIQ02","LOANIQ02","CBA  ","          ","HSE54C8N","","","","",""
"HSE54CKQ","HSE54CKP","AU","PTYA1000015","2020-02-06 07:24:18","2020-02-06 07:24:18","LOANIQ02","LOANIQ02","CBA  ","          ","HSE54CKQ","","","","",""
"HSE54CPM","HSE54CPL","AU","PTYA1000016","2020-02-06 07:27:13","2020-02-06 07:27:13","LOANIQ02","LOANIQ02","CBA  ","          ","HSE54CPM","","","","",""
"HSE54CYT","HSE54CYS","AU","PTYA1000017","2020-02-06 07:32:44","2020-02-06 07:32:44","LOANIQ02","LOANIQ02","CBA  ","          ","HSE54CYT","","","","",""
"HSE54DUE","HSE54DUD","AU","PTYA1000018","2020-02-06 07:51:41","2020-02-06 07:51:41","LOANIQ02","LOANIQ02","CBA  ","          ","HSE54DUE","","","","",""
"HSE54NVQ","HSE54NVP","AU","PTYA1000020","2020-02-06 11:28:29","2020-02-06 11:28:29","LOANIQ02","LOANIQ02","CBA  ","          ","HSE54NVQ","","","","",""
"HSE54TFP","HSE54TFO","AU","No State Customer","2020-02-06 13:28:29","2020-02-06 13:28:29","LOANIQ02","LOANIQ02","CBA  ","          ","HSE54TFP","","","","",""
"HSE54URT","HSE54URS","AU","202002061","2020-02-06 13:57:21","2020-02-06 13:57:21","LOANIQ02","LOANIQ02","CBA  ","          ","HSE54URT","","","","",""
"70E5DDJN","70E5DDJM","AU","this is oasdif asdifj sadf as dfis dfsa dfs dff asdfsadf sdfa","2020-02-11 04:23:37","2020-02-11 04:23:37","LOANIQ02","LOANIQ02","CBA  ","          ","70E5DDJN","","","","",""
"5YE5G3DO","5YE5G3DN","AU","uytutdgdttrst","2020-02-12 15:36:52","2020-02-12 15:36:52","LOANIQ02","LOANIQ02","CBA  ","          ","5YE5G3DO","","","","",""
"5YE5G3N3","5YE5G3N2","AU","Pers Test UNKNW","2020-02-12 15:42:31","2020-02-12 15:42:31","LOANIQ02","LOANIQ02","CBA  ","          ","5YE5G3N3","","","","",""
"5YE5H55N","5YE5H55M","AU","PTYA1000025","2020-02-13 05:12:51","2020-02-13 05:12:51","LOANIQ02","LOANIQ02","CBA  ","          ","5YE5H55N","","","","",""
"5YE5J819","5YE5J818","AU","ENT92342311","2020-02-14 08:10:13","2020-02-14 08:37:22","LOANIQ02","LOANIQ02","CBA  ","          ","5YE5J819","","","0117      ","",""
"O+E6SH2W","O+E6SH2V","AU","{BACKSPACE}CUSTLEGAL36136","2020-03-09 10:37:44","2020-03-09 10:37:44","JCUSR01 ","JCUSR01 ","CBA  ","          ","O+E6SH2W","","","","",""
"O+E6SHME","O+E6SHMD","AU","CUSTLEGAL47138","2020-03-09 10:49:27","2020-03-09 10:50:41","JCUSR01 ","JCUSR01 ","CBA  ","          ","O+E6SHME","","","3620      ","",""
"A4E8XOGW","A4E8XOGV","AU","CUSTLEGAL19142","2020-04-20 02:20:44","2020-04-20 02:23:03","APP1MANS","APP1MANS","CBA  ","          ","A4E8XOGW","","","3620      ","",""
"AVE8YAJU","AVE8YAJT","AU","CL08132","2020-04-20 11:09:52","2020-04-20 11:12:16","FJUSR01 ","FJUSR01 ","CBA  ","          ","AVE8YAJU","","","3620      ","",""
"WVE52JML","WVE52JMK","AU","AUPTY9990","2020-02-05 07:21:50","2020-02-05 07:21:50","LOANIQ02","LOANIQ02","CBA  ","          ","WVE52JML","","","","",""
"=WE56GPR","=WE56GPQ","AU","ENT9283929","2020-02-07 07:13:48","2020-02-07 07:13:48","LOANIQ02","LOANIQ02","CBA  ","          ","=WE56GPR","","","","",""
"=WE56GQC","=WE56GQB","AU","this is two hundred fifty five characters to check the functionality of party ui customization this is two hundred fifty five characters to ","2020-02-07 07:20:39","2020-02-07 07:20:39","LOANIQ02","LOANIQ02","CBA  ","          ","=WE56GQC","","","","",""
"=WE56GRD","=WE56GRC","AU","ENT923244","2020-02-07 07:31:52","2020-02-07 07:31:52","LOANIQ02","LOANIQ02","CBA  ","          ","=WE56GRD","","","","",""
"=WE56GWZ","=WE56GWY","AU","PARTY NAME 8881001","2020-02-07 09:28:14","2020-02-07 09:28:14","LOANIQ02","LOANIQ02","CBA  ","          ","=WE56GWZ","","","","",""
"=WE56GZR","=WE56GZQ","AU","PARTY ENT NAME 8881003","2020-02-07 09:56:51","2020-02-07 09:56:51","LOANIQ02","LOANIQ02","CBA  ","          ","=WE56GZR","","","","",""
"=WE56H04","=WE56H03","AU","PARTY NAME 8882003","2020-02-07 09:56:52","2020-02-07 09:56:52","LOANIQ02","LOANIQ02","CBA  ","          ","=WE56H04","","","","",""
"4$EHBYTT","4$EHBYTS","AU","CUSTLEGAL37159","2020-09-30 15:46:50","2020-09-30 15:47:59","MIGGY_IN","MIGGY_IN","CBA  ","          ","4$EHBYTT","","","3620      ","",""
"UWEHCNQ2","UWEHCNQ1","GB","Sanseera Electronics Ltd 2111356","2020-09-30 21:49:11","2020-09-30 21:49:11","LOANIQ01","LOANIQ01","CBA  ","          ","UWEHCNQ2","","","","",""
"UWEHCNT8","UWEHCNT7","GB","Sanseera Electronics Ltd 2114619","2020-09-30 22:23:44","2020-09-30 22:23:44","LOANIQ01","LOANIQ01","CBA  ","          ","UWEHCNT8","","","","",""
"UWEHCNU6","UWEHCNU5","GB","Sanseera Electronics Ltd 2311721","2020-09-30 23:53:17","2020-09-30 23:53:17","LOANIQ01","LOANIQ01","CBA  ","          ","UWEHCNU6","","","","",""
"UWEHCNUP","UWEHCNUO","AU","Sanseera Electronics Ltd 2313921","2020-10-01 00:15:32","2020-10-01 00:15:32","LOANIQ01","LOANIQ01","CBA  ","          ","UWEHCNUP","","","","",""
"UWEHD87S","UWEHD87R","AU","Sanseera Electronics Ltd 0813556","2020-10-01 09:11:44","2020-10-01 09:11:44","LOANIQ01","LOANIQ01","CBA  ","          ","UWEHD87S","","","","",""
"UWEHDUC9","UWEHDUC8","AU","Sanseera Electronics Ltd 1613306","2020-10-01 17:09:37","2020-10-01 17:09:37","LOANIQ01","LOANIQ01","CBA  ","          ","UWEHDUC9","","","","",""
"Y7EHFA64","Y7EHFA63","AU","CUSTLEGAL57143","2020-10-02 11:07:19","2020-10-02 11:08:24","MIGGY_IN","MIGGY_IN","CBA  ","          ","Y7EHFA64","","","3620      ","",""
"$$EHN3YK","$$EHN3YJ","NL","CBANLDCUST0001 1115544","2020-10-06 12:32:31","2020-10-06 12:32:31","LOANIQ01","LOANIQ01","CBA  ","          ","$$EHN3YK","","","","",""
"$$EHN6T9","$$EHN6T8","GB","Sanseera Electronics Ltd 1714116","2020-10-06 18:17:24","2020-10-06 18:17:24","LOANIQ01","LOANIQ01","CBA  ","          ","$$EHN6T9","","","","",""
"$$EHNARQ","$$EHNARP","NL","CBANLDCUST0001 1910651","2020-10-06 19:42:54","2020-10-06 19:42:54","LOANIQ01","LOANIQ01","CBA  ","          ","$$EHNARQ","","","","",""
"$$EHNOM2","$$EHNOM1","GB","Test Bank Customer","2020-10-07 00:41:56","2020-10-07 00:41:56","LOANIQ01","LOANIQ01","CBA  ","          ","$$EHNOM2","","","","",""
"$$EHP0RO","$$EHP0RN","AU","ESPS1 1712439","2020-10-07 18:02:05","2020-10-07 18:02:05","LOANIQ01","LOANIQ01","CBA  ","          ","$$EHP0RO","","","","",""
"$$EHP2H4","$$EHP2H3","AU","ESPS1 1810122","2020-10-07 18:38:55","2020-10-07 18:38:55","LOANIQ01","LOANIQ01","CBA  ","          ","$$EHP2H4","","","","",""
"$$EHP6SX","$$EHP6SW","AU","ESPS1 1913125","2020-10-07 20:08:48","2020-10-07 20:08:48","LOANIQ01","LOANIQ01","CBA  ","          ","$$EHP6SX","","","","",""
"$$EHQXOW","$$EHQXOV","AU","Main Enterprise 101010","2020-10-08 18:50:48","2020-10-08 18:50:48","LOANIQ01","LOANIQ01","CBA  ","          ","$$EHQXOW","","","","",""
"$$EHQXUD","$$EHQXUC","AU","MAIN ENT 1010102","2020-10-08 18:54:05","2020-10-08 18:54:05","LOANIQ01","LOANIQ01","CBA  ","          ","$$EHQXUD","","","","",""
"$$EHR4A7","$$EHR4A6","AU","ESPS1 2013436","2020-10-08 21:13:11","2020-10-08 21:13:11","LOANIQ01","LOANIQ01","CBA  ","          ","$$EHR4A7","","","","",""
"$$EHR706","$$EHR705","AU","ESPS1 2113219","2020-10-08 22:11:57","2020-10-08 22:11:57","LOANIQ01","LOANIQ01","CBA  ","          ","$$EHR706","","","","",""
"$$EHRAHJ","$$EHRAHI","AU","ESPS1 2215007","2020-10-08 23:27:11","2020-10-08 23:27:11","LOANIQ01","LOANIQ01","CBA  ","          ","$$EHRAHJ","","","","",""
"$$EHRB0K","$$EHRB0J","AU","ESPS1 2310226","2020-10-08 23:38:35","2020-10-08 23:38:35","LOANIQ01","LOANIQ01","CBA  ","          ","$$EHRB0K","","","","",""
"$$EHRBM1","$$EHRBM0","AU","ESPS1 2311405","2020-10-08 23:51:28","2020-10-08 23:51:28","LOANIQ01","LOANIQ01","CBA  ","          ","$$EHRBM1","","","","",""
"$$EHRE28","$$EHRE27","AU","ESPS1 0010750","2020-10-09 00:44:24","2020-10-09 00:44:24","LOANIQ01","LOANIQ01","CBA  ","          ","$$EHRE28","","","","",""
"$$EHRFK7","$$EHRFK6","AU","ESPS1 0014035","2020-10-09 01:16:47","2020-10-09 01:16:47","LOANIQ01","LOANIQ01","CBA  ","          ","$$EHRFK7","","","","",""
"$$EHRGFZ","$$EHRGFY","AU","ESPS1 0015700","2020-10-09 01:35:50","2020-10-09 01:35:50","LOANIQ01","LOANIQ01","CBA  ","          ","$$EHRGFZ","","","","",""
"$$EHRI9J","$$EHRI9I","AU","ESPS1 0113918","2020-10-09 02:15:11","2020-10-09 02:15:11","LOANIQ01","LOANIQ01","CBA  ","          ","$$EHRI9J","","","","",""
"$$EHRJJ8","$$EHRJJ7","AU","ESPS1 0210644","2020-10-09 02:42:35","2020-10-09 02:42:35","LOANIQ01","LOANIQ01","CBA  ","          ","$$EHRJJ8","","","","",""
"$$EHRK6D","$$EHRK6C","AU","ESPS1 0212106","2020-10-09 02:56:29","2020-10-09 02:56:29","LOANIQ01","LOANIQ01","CBA  ","          ","$$EHRK6D","","","","",""
"$$EHRN2S","$$EHRN2R","AU","ESPS1 0312201","2020-10-09 03:59:08","2020-10-09 03:59:08","LOANIQ01","LOANIQ01","CBA  ","          ","$$EHRN2S","","","","",""
"$$EHRND6","$$EHRND5","AU","ESPS1 0312855","2020-10-09 04:05:22","2020-10-09 04:05:22","LOANIQ01","LOANIQ01","CBA  ","          ","$$EHRND6","","","","",""
"$$EHRQJJ","$$EHRQJI","AU","ESPS1 0413746","2020-10-09 05:13:59","2020-10-09 05:13:59","LOANIQ01","LOANIQ01","CBA  ","          ","$$EHRQJJ","","","","",""
"$$EHRSRN","$$EHRSRM","AU","ESPS1 0512602","2020-10-09 06:02:03","2020-10-09 06:02:03","LOANIQ01","LOANIQ01","CBA  ","          ","$$EHRSRN","","","","",""
"$$EHS61J","$$EHS61I","AU","ESPS1 1011138","2020-10-09 10:48:47","2020-10-09 10:48:47","LOANIQ01","LOANIQ01","CBA  ","          ","$$EHS61J","","","","",""
"$$EHSB7K","$$EHSB7J","AU","ESPS1 1210440","2020-10-09 12:40:23","2020-10-09 12:40:23","LOANIQ01","LOANIQ01","CBA  ","          ","$$EHSB7K","","","","",""
"$$EHSCF2","$$EHSCF1","AU","ESPS1 1212910","2020-10-09 13:06:30","2020-10-09 13:06:30","LOANIQ01","LOANIQ01","CBA  ","          ","$$EHSCF2","","","","",""
"$$EHSE3U","$$EHSE3T","AU","ESPS1 1310751","2020-10-09 13:42:58","2020-10-09 13:42:58","LOANIQ01","LOANIQ01","CBA  ","          ","$$EHSE3U","","","","",""
"$$EHSEMS","$$EHSEMR","AU","Sanseera Electronics Ltd 1311413","2020-10-09 13:54:20","2020-10-09 13:54:20","LOANIQ01","LOANIQ01","CBA  ","          ","$$EHSEMS","","","","",""
"$$EHSFB2","$$EHSFB1","GB","Sanseera Electronics Ltd 1313341","2020-10-09 14:08:54","2020-10-09 14:08:54","LOANIQ01","LOANIQ01","CBA  ","          ","$$EHSFB2","","","","",""
"$$EHSG03","$$EHSG02","AU","ESPS1 1314733","2020-10-09 14:23:54","2020-10-09 14:23:54","LOANIQ01","LOANIQ01","CBA  ","          ","$$EHSG03","","","","",""
"$$EHSHY7","$$EHSHY6","AU","ESPS1 1413047","2020-10-09 15:05:58","2020-10-09 15:05:58","LOANIQ01","LOANIQ01","CBA  ","          ","$$EHSHY7","","","","",""
"$$EHSIFY","$$EHSIFX","AU","ESPS1 1413545","2020-10-09 15:16:37","2020-10-09 15:16:37","LOANIQ01","LOANIQ01","CBA  ","          ","$$EHSIFY","","","","",""
"$$EHSIS6","$$EHSIS5","AU","ESPS1 1414626","2020-10-09 15:23:58","2020-10-09 15:23:58","LOANIQ01","LOANIQ01","CBA  ","          ","$$EHSIS6","","","","",""
"$$EHSJQY","$$EHSJQX","AU","ESPS1 1510852","2020-10-09 15:44:49","2020-10-09 15:44:49","LOANIQ01","LOANIQ01","CBA  ","          ","$$EHSJQY","","","","",""
"$$EHSN4X","$$EHSN4W","AU","ESPS1 1612256","2020-10-09 16:58:01","2020-10-09 16:58:01","LOANIQ01","LOANIQ01","CBA  ","          ","$$EHSN4X","","","","",""
"$$EHSOAH","$$EHSOAG","AU","ESPS1 1614812","2020-10-09 17:22:57","2020-10-09 17:22:57","LOANIQ01","LOANIQ01","CBA  ","          ","$$EHSOAH","","","","",""
"$$EHXWV8","$$EHXWV7","AU","TEST ENT NM 12345","2020-10-12 13:16:12","2020-10-12 13:16:12","LOANIQ01","LOANIQ01","CBA  ","          ","$$EHXWV8","","","","",""
"-8EI2IHB","-8EI2IHA","AU","CUSTLEGAL34117","2020-10-14 23:43:46","2020-10-14 23:44:37","MIGGY_IN","MIGGY_IN","CBA  ","          ","-8EI2IHB","","","3620      ","",""
"0JEI4L1I","0JEI4L1H","AU","CUSTLEGAL06127","2020-10-16 03:17:02","2020-10-16 03:18:43","KIDUENAS","KIDUENAS","CBA  ","          ","0JEI4L1I","","","3620      ","",""
"0REI4N8F","0REI4N8E","AU","CUSTLEGAL10151","2020-10-16 04:21:25","2020-10-16 04:22:24","KIDUENAS","KIDUENAS","CBA  ","          ","0REI4N8F","","","3620      ","",""
"1;EJ2T9A","1;EJ2T99","AU","CUSTLEGAL12147","2020-11-03 15:14:54","2020-11-03 15:15:45","INPAMT01","INPAMT01","CBA  ","          ","1;EJ2T9A","","","3620      ","",""
"G#EHBIKE","G#EHBIKD","AU","PARTY ENT NAME 45678005","2020-09-30 10:59:40","2020-09-30 10:59:40","LOANIQ01","LOANIQ01","CBA  ","          ","G#EHBIKE","","","","",""
"G#EHBNNA","G#EHBNN9","AU","ESPS1 1211533","2020-09-30 12:49:50","2020-09-30 12:49:50","LOANIQ01","LOANIQ01","CBA  ","          ","G#EHBNNA","","","","",""
"G#EHBPSF","G#EHBPSE","AU","ESPS1 0515044","2020-09-30 13:36:06","2020-09-30 13:36:06","LOANIQ01","LOANIQ01","CBA  ","          ","G#EHBPSF","","","","",""
"G#EHBPT3","G#EHBPT2","AU","TEST ENT 123","2020-09-30 13:36:30","2020-09-30 13:36:30","LOANIQ01","LOANIQ01","CBA  ","          ","G#EHBPT3","","","","",""
"G#EHBQIP","G#EHBQIO","AU","TEST111","2020-09-30 13:51:52","2020-09-30 13:51:52","LOANIQ01","LOANIQ01","CBA  ","          ","G#EHBQIP","","","","",""
"G#EHBQS5","G#EHBQS4","AU","TEST ENT NM 1234","2020-09-30 13:57:33","2020-09-30 13:57:33","LOANIQ01","LOANIQ01","CBA  ","          ","G#EHBQS5","","","","",""
";(EHLBA2",";(EHLBA1","AU","TST00012","2020-10-05 17:58:36","2020-10-05 17:58:36","LOANIQ01","LOANIQ01","CBA  ","          ",";(EHLBA2","","","","",""
";(EHLBAF",";(EHLBAE","AU","SAMPLE ENT NAME 12345 SAMPLE ENT NAME 12345 SAMPLE ENT NAME 12345 SAMPLE ENT NAME 12345 SAMPLE ENT NAME 12345 SAMPLE ENT NAME 12345 SAMPLE E","2020-10-05 17:58:36","2020-10-05 17:58:36","LOANIQ01","LOANIQ01","CBA  ","          ",";(EHLBAF","","","","",""
";(EHLBAS",";(EHLBAR","GB","Sanseera Electronics Ltd 1110323","2020-10-05 17:58:37","2020-10-05 17:58:37","LOANIQ01","LOANIQ01","CBA  ","          ",";(EHLBAS","","","","",""
"N=EHN4XB","N=EHN4XA","AU","CUSTLEGAL29144","2020-10-06 17:40:06","2020-10-06 17:41:04","MIGGY_IN","MIGGY_IN","CBA  ","          ","N=EHN4XB","","","3620      ","",""
"J6EHZQG6","J6EHZQG5","GB","Sanseera Electronics Ltd 1512847","2020-10-13 10:19:00","2020-10-13 10:19:00","LOANIQ01","LOANIQ01","CBA  ","          ","J6EHZQG6","","","","",""
"QUEHP3W9","QUEHP3W8","AU","VLS_LOAN_REPRICING  VLS_CUST_REM_INSTR","2020-10-07 19:17:57","2020-10-07 19:17:57","MGALING ","MGALING ","CBA  ","          ","QUEHP3W9","","","","",""
"J6EHZQFR","J6EHZQFQ","GB","Sanseera Electronics Ltd 0913125","2020-10-13 10:07:31","2020-10-13 10:07:31","LOANIQ01","LOANIQ01","CBA  ","          ","J6EHZQFR","","","","",""
"J6EHZQGJ","J6EHZQGI","NL","PTYCASMEU99","2020-10-13 10:19:57","2020-10-13 10:19:57","LOANIQ01","LOANIQ01","CBA  ","          ","J6EHZQGJ","","","","",""
"J6EHZQH0","J6EHZQGZ","GB","Sanseera Electronics Ltd 1010325","2020-10-13 10:38:38","2020-10-13 10:38:38","LOANIQ01","LOANIQ01","CBA  ","          ","J6EHZQH0","","","","",""
"J6EI07VU","J6EI07VT","GB","Cargill PVT Limited","2020-10-13 19:09:22","2020-10-13 19:09:22","LOANIQ01","LOANIQ01","CBA  ","          ","J6EI07VU","","","","",""
"I?EI27OS","I?EI27OR","AU","CUSTLEGAL35119","2020-10-14 19:46:13","2020-10-14 19:47:05","KIDUENAS","KIDUENAS","CBA  ","          ","I?EI27OS","","","3620      ","",""
"1KEJ2OU3","1KEJ2OU2","AU","CUSTLEGAL37114","2020-11-03 13:39:12","2020-11-03 13:40:01","INPAMT01","INPAMT01","CBA  ","          ","1KEJ2OU3","","","3620      ","",""
"D6EJ4OKK","D6EJ4OKJ","AU","CUSTLEGAL14136","2020-11-04 14:16:41","2020-11-04 14:17:29","INPAMT01","INPAMT01","CBA  ","          ","D6EJ4OKK","","","3620      ","",""
"(.EJLEP0","(.EJLEOZ","AU","CUSTLEGAL50124","2020-11-13 14:54:53","2020-11-13 14:55:33","INPAMT02","INPAMT02","CBA  ","          ","(.EJLEP0","","","3620      ","",""
"(8EJLEWI","(8EJLEWH","AU","CUSTLEGAL03106","2020-11-13 15:07:33","2020-11-13 15:08:09","INPAMT02","INPAMT02","CBA  ","          ","(8EJLEWI","","","3620      ","",""
"M.EJQR6B","M.EJQR6A","AU","CUSTLEGAL16123","2020-11-16 12:20:41","2020-11-16 12:21:22","INPAMT01","INPAMT01","CBA  ","          ","M.EJQR6B","","","3620      ","",""
"(VEHFY94","(VEHFY93","AU","CUSTLEGAL53142","2020-10-02 20:03:09","2020-10-02 20:04:16","MIGGY_IN","MIGGY_IN","CBA  ","          ","(VEHFY94","","","3620      ","",""
"W-EHL8ID","W-EHL8IC","AU","CUSTLEGAL05131","2020-10-05 16:15:54","2020-10-05 16:17:00","MIGGY_IN","MIGGY_IN","CBA  ","          ","W-EHL8ID","","","3620      ","",""
":OEHOO1K",":OEHOO1J","AU","CUSTLEGAL29114","2020-10-07 12:39:03","2020-10-07 12:39:53","MIGGY_IN","MIGGY_IN","CBA  ","          ",":OEHOO1K","","","3620      ","",""
"Y)EHYNO2","Y)EHYNO1","AU","CUSTLEGAL27126","2020-10-12 22:36:44","2020-10-12 22:37:44","MIGGY_IN","MIGGY_IN","CBA  ","          ","Y)EHYNO2","","","3620      ","",""
"JYEHYUPA","JYEHYUP9","AU","CUSTLEGAL12142","2020-10-13 01:21:20","2020-10-13 01:21:56","DANUSR01","DANUSR01","CBA  ","          ","JYEHYUPA","","","3620      ","",""
"J3EHYV6H","J3EHYV6G","AU","CUSTLEGAL17105","2020-10-13 01:25:45","2020-10-13 01:26:18","DANUSR01","DANUSR01","CBA  ","          ","J3EHYV6H","","","3620      ","",""
"W5EI0RNG","W5EI0RNF","AU","CUSTLEGAL11126","2020-10-14 02:20:03","2020-10-14 02:20:41","DANUSR01","DANUSR01","CBA  ","          ","W5EI0RNG","","","3620      ","",""
"WLEI0SYI","WLEI0SYH","AU","CUSTLEGAL39140","2020-10-14 02:48:09","2020-10-14 02:48:40","DANUSR01","DANUSR01","CBA  ","          ","WLEI0SYI","","","3620      ","",""
"10EI12OG","10EI12OF","AU","atest123","2020-10-14 05:39:40","2020-10-14 05:39:40","DANUSR01","DANUSR01","CBA  ","          ","10EI12OG","","","","",""
"=4EI135X","=4EI135W","AU","CUSTLEGAL02101","2020-10-14 06:10:40","2020-10-14 06:11:20","DANUSR01","DANUSR01","CBA  ","          ","=4EI135X","","","3620      ","",""
"$9EI1KOP","$9EI1KOO","AU","CUSTLEGAL37146","2020-10-14 11:46:31","2020-10-14 11:47:03","DANUSR01","DANUSR01","CBA  ","          ","$9EI1KOP","","","3620      ","",""
"JGEICOGZ","JGEICOGY","AU","CUSTLEGAL19123","2020-10-20 11:19:05","2020-10-20 11:19:41","DANUSR01","DANUSR01","CBA  ","          ","JGEICOGZ","","","3620      ","",""
"J+EICOY6","J+EICOY5","AU","CUSTLEGAL27103","2020-10-20 11:26:39","2020-10-20 11:27:06","DANUSR01","DANUSR01","CBA  ","          ","J+EICOY6","","","3620      ","",""
"C4EIDBGL","C4EIDBGK","AU","CUSTLEGAL36103","2020-10-20 19:36:27","2020-10-20 19:37:33","MIGGY_IN","MIGGY_IN","CBA  ","          ","C4EIDBGL","","","3620      ","",""
"CFEID93M","CFEID93L","AU","CUSTLEGAL38154","2020-10-20 19:40:43","2020-10-20 19:41:28","INPAMT01","INPAMT01","CBA  ","          ","CFEID93M","","","3620      ","",""
"1.EIEUFO","1.EIEUFN","AU","CUSTLEGAL22127","2020-10-21 15:24:26","2020-10-21 15:25:14","INPAMT01","INPAMT01","CBA  ","          ","1.EIEUFO","","","3620      ","",""
":REIIK9K",":REIIK9J","AU","IEEBRW7642S524119","2020-10-23 16:24:44","2020-10-23 16:25:45","INPALN01","INPALN01","CBA  ","          ",":REIIK9K","","","8431      ","",""
"4;EIQ81G","4;EIQ81F","AU","IEEBRW7642S548115","2020-10-27 18:49:18","2020-10-27 18:50:16","INPALN01","INPALN01","CBA  ","          ","4;EIQ81G","","","8431      ","",""
"4ZEIQ1E9","4ZEIQ1E8","AU","IEEBRW7642S630118","2020-10-27 17:33:17","2020-10-27 17:34:08","TESTINP ","TESTINP ","CBA  ","          ","4ZEIQ1E9","","","3620      ","",""
")HEIRQWA",")HEIRQW9","AU","CUSTLEGAL48100","2020-10-28 15:50:09","2020-10-28 15:50:44","INPRON01","INPRON01","CBA  ","          ",")HEIRQWA","","","3620      ","",""
"OQEIT5A1","OQEIT5A0","AU","IEEBRW7642S542123","2020-10-29 08:43:38","2020-10-29 08:44:36","INPALN01","INPALN01","CBA  ","          ","OQEIT5A1","","","8431      ","",""
"YAEIT9TV","YAEIT9TU","AU","CUSTLEGAL21120","2020-10-29 10:23:50","2020-10-29 10:24:35","INPAMT01","INPAMT01","CBA  ","          ","YAEIT9TV","","","3620      ","",""
"JMEITF17","JMEITF16","AU","CUSTLEGAL56150","2020-10-29 11:59:20","2020-10-29 12:00:06","INPAMT01","INPAMT01","CBA  ","          ","JMEITF17","","","3620      ","",""
"RYEIUH33","RYEIUH32","AU","CUSTLEGAL55135","2020-10-30 01:58:02","2020-10-30 01:58:33","INPRON01","INPRON01","CBA  ","          ","RYEIUH33","","","3620      ","",""
"MNEIVISM","MNEIVISL","AU","CUSTLEGAL31133","2020-10-30 15:34:04","2020-10-30 15:34:46","INPAMT01","INPAMT01","CBA  ","          ","MNEIVISM","","","3620      ","",""
"M2EIVJHO","M2EIVJHN","AU","CUSTLEGAL37142","2020-10-30 15:40:13","2020-10-30 15:40:56","INPAMT01","INPAMT01","CBA  ","          ","M2EIVJHO","","","3620      ","",""
"M0EIVLWQ","M0EIVLWP","AU","CUSTLEGAL34128","2020-10-30 16:36:02","2020-10-30 16:36:46","INPAMT01","INPAMT01","CBA  ","          ","M0EIVLWQ","","","3620      ","",""
"M*EIVM8M","M*EIVM8L","AU","CUSTLEGAL45131","2020-10-30 16:47:20","2020-10-30 16:47:20","INPAMT01","INPAMT01","CBA  ","          ","M*EIVM8M","","","","",""
"WAEIVMLB","WAEIVMLA","AU","CUSTLEGAL00121","2020-10-30 17:01:46","2020-10-30 17:02:39","INPAMT01","INPAMT01","CBA  ","          ","WAEIVMLB","","","3620      ","",""
"CMEIDFTH","CMEIDFTG","AU","CUSTLEGAL15115","2020-10-20 21:17:09","2020-10-20 21:17:55","INPAMT01","INPAMT01","CBA  ","          ","CMEIDFTH","","","3620      ","",""
"M-EIELTN","M-EIELTM","AU","CUSTLEGAL16130","2020-10-21 12:18:38","2020-10-21 12:19:29","INPAMT01","INPAMT01","CBA  ","          ","M-EIELTN","","","3620      ","",""
"+2EIPLQZ","+2EIPLQY","AU","CUSTLEGAL14141","2020-10-27 11:15:55","2020-10-27 11:16:51","INPAMT01","INPAMT01","CBA  ","          ","+2EIPLQZ","","","3620      ","",""
")REIRQA5",")REIRQA4","AU","CUSTLEGAL34142","2020-10-28 15:36:51","2020-10-28 15:37:22","INPRON01","INPRON01","CBA  ","          ",")REIRQA5","","","3620      ","",""
"YJEITCGT","YJEITCGS","AU","CUSTLEGAL08146","2020-10-29 11:11:15","2020-10-29 11:11:59","INPAMT01","INPAMT01","CBA  ","          ","YJEITCGT","","","3620      ","",""
"HFEJ2RLC","HFEJ2RLB","AU","NETEREN 6059607","2020-11-03 14:43:51","2020-11-03 14:43:51","LOANIQ01","LOANIQ01","CBA  ","          ","HFEJ2RLC","","","","",""
"HFEJ2U78","HFEJ2U77","GB","XML CAPTURE","2020-11-03 15:40:12","2020-11-03 15:40:12","LOANIQ01","LOANIQ01","CBA  ","          ","HFEJ2U78","","","","",""
"HFEJ4E84","HFEJ4E83","AU","Inner Works Inc 1111851","2020-11-04 11:50:21","2020-11-04 11:50:21","LOANIQ01","LOANIQ01","CBA  ","          ","HFEJ4E84","","","","",""
"HFEJ4FCG","HFEJ4FCF","GB","Commonwealth Bank of Australia - London","2020-11-04 12:14:31","2020-11-04 12:14:31","LOANIQ01","LOANIQ01","CBA  ","          ","HFEJ4FCG","","","","",""
"HFEJ4FP3","HFEJ4FP2","AU","Inner Works Inc 1114457","2020-11-04 12:22:07","2020-11-04 12:22:07","LOANIQ01","LOANIQ01","CBA  ","          ","HFEJ4FP3","","","","",""
"HFEJ4HDS","HFEJ4HDR","GB","ENT2252522","2020-11-04 12:58:32","2020-11-04 12:58:32","LOANIQ01","LOANIQ01","CBA  ","          ","HFEJ4HDS","","","","",""
"HFEJ4M63","HFEJ4M62","AU","Inner Works Inc 1411117","2020-11-04 14:41:55","2020-11-04 14:41:55","LOANIQ01","LOANIQ01","CBA  ","          ","HFEJ4M63","","","","",""
"HFEJ4Z3N","HFEJ4Z3M","AU","Inner Works Inc 1815109","2020-11-04 19:21:14","2020-11-04 19:21:14","LOANIQ01","LOANIQ01","CBA  ","          ","HFEJ4Z3N","","","","",""
"HFEJ69JD","HFEJ69JC","AU","ESPS1 1113501","2020-11-05 12:04:17","2020-11-05 12:04:17","LOANIQ01","LOANIQ01","CBA  ","          ","HFEJ69JD","","","","",""
"HFEJ6BHH","HFEJ6BHG","AU","ESPS1 1211425","2020-11-05 12:43:28","2020-11-05 12:43:28","LOANIQ01","LOANIQ01","CBA  ","          ","HFEJ6BHH","","","","",""
"HFEJ6DDV","HFEJ6DDU","AU","ESPS1 1215324","2020-11-05 13:22:07","2020-11-05 13:22:07","LOANIQ01","LOANIQ01","CBA  ","          ","HFEJ6DDV","","","","",""
"HFEJ6DZ4","HFEJ6DZ3","AU","ESPS1 1311055","2020-11-05 13:40:07","2020-11-05 13:40:07","LOANIQ01","LOANIQ01","CBA  ","          ","HFEJ6DZ4","","","","",""
"HFEJ6E90","HFEJ6E8Z","AU","ESPS1 1311431","2020-11-05 13:46:03","2020-11-05 13:46:03","LOANIQ01","LOANIQ01","CBA  ","          ","HFEJ6E90","","","","",""
"HFEJ6FDA","HFEJ6FD9","AU","ESPS1 1314056","2020-11-05 14:10:13","2020-11-05 14:10:13","LOANIQ01","LOANIQ01","CBA  ","          ","HFEJ6FDA","","","","",""
"HFEJ6GMA","HFEJ6GM9","AU","ESPS1 1410804","2020-11-05 14:37:13","2020-11-05 14:37:13","LOANIQ01","LOANIQ01","CBA  ","          ","HFEJ6GMA","","","","",""
"HFEJ6I2I","HFEJ6I2H","AU","ESPS1 1413559","2020-11-05 15:07:03","2020-11-05 15:07:03","LOANIQ01","LOANIQ01","CBA  ","          ","HFEJ6I2I","","","","",""
"HFEJ6IA6","HFEJ6IA5","AU","ESPS1 1414338","2020-11-05 15:13:10","2020-11-05 15:13:10","LOANIQ01","LOANIQ01","CBA  ","          ","HFEJ6IA6","","","","",""
"HFEJ6L0W","HFEJ6L0V","AU","ESPS1 1514359","2020-11-05 16:12:24","2020-11-05 16:12:24","LOANIQ01","LOANIQ01","CBA  ","          ","HFEJ6L0W","","","","",""
"HFEJ6N06","HFEJ6N05","AU","ESPS1 1612419","2020-11-05 16:55:10","2020-11-05 16:55:10","LOANIQ01","LOANIQ01","CBA  ","          ","HFEJ6N06","","","","",""
"HFEJ6NE7","HFEJ6NE6","AU","ESPS1 1613522","2020-11-05 17:03:35","2020-11-05 17:03:35","LOANIQ01","LOANIQ01","CBA  ","          ","HFEJ6NE7","","","","",""
"HFEJ6O5F","HFEJ6O5E","AU","ESPS1 1615111","2020-11-05 17:19:55","2020-11-05 17:19:55","LOANIQ01","LOANIQ01","CBA  ","          ","HFEJ6O5F","","","","",""
"HFEJ6RWR","HFEJ6RWQ","AU","ESPS1 1811045","2020-11-05 18:41:07","2020-11-05 18:41:07","LOANIQ01","LOANIQ01","CBA  ","          ","HFEJ6RWR","","","","",""
"HFEJ6T47","HFEJ6T46","AU","ESPS1 1813815","2020-11-05 19:07:11","2020-11-05 19:07:11","LOANIQ01","LOANIQ01","CBA  ","          ","HFEJ6T47","","","","",""
"HFEJ6ZQI","HFEJ6ZQH","AU","ESPS1 2110215","2020-11-05 21:30:10","2020-11-05 21:30:10","LOANIQ01","LOANIQ01","CBA  ","          ","HFEJ6ZQI","","","","",""
"HFEJ70OC","HFEJ70OB","AU","ESPS1 2112218","2020-11-05 21:50:27","2020-11-05 21:50:27","LOANIQ01","LOANIQ01","CBA  ","          ","HFEJ70OC","","","","",""
"HFEJ74QQ","HFEJ74QP","AU","ESPS1 2215010","2020-11-05 23:18:18","2020-11-05 23:18:18","LOANIQ01","LOANIQ01","CBA  ","          ","HFEJ74QQ","","","","",""
"HFEJ773I","HFEJ773H","AU","ESPS1 2314059","2020-11-06 00:09:09","2020-11-06 00:09:09","LOANIQ01","LOANIQ01","CBA  ","          ","HFEJ773I","","","","",""
"HFEJ8RUR","HFEJ8RUQ","AU","ESPS1 2010632","2020-11-06 20:35:07","2020-11-06 20:35:07","LOANIQ01","LOANIQ01","CBA  ","          ","HFEJ8RUR","","","","",""
"HFEJ8UE2","HFEJ8UE1","AU","ESPS1 2015936","2020-11-06 21:29:54","2020-11-06 21:29:54","LOANIQ01","LOANIQ01","CBA  ","          ","HFEJ8UE2","","","","",""
"HFEJ8VMV","HFEJ8VMU","AU","ESPS1 2112836","2020-11-06 21:56:46","2020-11-06 21:56:46","LOANIQ01","LOANIQ01","CBA  ","          ","HFEJ8VMV","","","","",""
"HFEJ8Y26","HFEJ8Y25","AU","ESPS1 2212013","2020-11-06 22:49:09","2020-11-06 22:49:09","LOANIQ01","LOANIQ01","CBA  ","          ","HFEJ8Y26","","","","",""
"HFEJDJRX","HFEJDJRW","AU","ESPS1 0915907","2020-11-09 10:28:37","2020-11-09 10:28:37","LOANIQ01","LOANIQ01","CBA  ","          ","HFEJDJRX","","","","",""
"HFEJDKZD","HFEJDKZC","AU","ESPS1 1011603","2020-11-09 10:45:26","2020-11-09 10:45:26","LOANIQ01","LOANIQ01","CBA  ","          ","HFEJDKZD","","","","",""
"HFEJDLKW","HFEJDLKV","AU","ESPS1 1012755","2020-11-09 10:57:19","2020-11-09 10:57:19","LOANIQ01","LOANIQ01","CBA  ","          ","HFEJDLKW","","","","",""
"HFEJDN2Z","HFEJDN2Y","AU","ESPS1 1111038","2020-11-09 11:40:02","2020-11-09 11:40:02","LOANIQ01","LOANIQ01","CBA  ","          ","HFEJDN2Z","","","","",""
"HFEJGEIY","HFEJGEIX","AU","ESPS1 2215819","2020-11-10 23:28:01","2020-11-10 23:28:01","LOANIQ01","LOANIQ01","CBA  ","          ","HFEJGEIY","","","","",""
"8#EHFCGS","8#EHFCGR","GB","Sanseera Electronics Ltd 1011215","2020-10-02 10:49:29","2020-10-02 10:49:29","LOANIQ01","LOANIQ01","CBA  ","          ","8#EHFCGS","","","","",""
"8#EHFJRZ","8#EHFJRY","GB","Sanseera Electronics Ltd 1414113","2020-10-02 15:16:38","2020-10-02 15:16:38","LOANIQ01","LOANIQ01","CBA  ","          ","8#EHFJRZ","","","","",""
"8#EHFL9F","8#EHFL9E","AU","Inner Works Inc 1511643","2020-10-02 15:48:43","2020-10-02 15:48:43","LOANIQ01","LOANIQ01","CBA  ","          ","8#EHFL9F","","","","",""
"MBEIEMIK","MBEIEMIJ","AU","CUSTLEGAL32134","2020-10-21 12:34:38","2020-10-21 12:35:26","INPAMT01","INPAMT01","CBA  ","          ","MBEIEMIK","","","3620      ","",""
"M*EIEN7J","M*EIEN7I","AU","CUSTLEGAL02104","2020-10-21 13:04:03","2020-10-21 13:04:51","INPAMT01","INPAMT01","CBA  ","          ","M*EIEN7J","","","3620      ","",""
"HJEIEPFB","HJEIEPFA","AU","CUSTLEGAL30117","2020-10-21 14:32:16","2020-10-21 14:33:08","INPAMT01","INPAMT01","CBA  ","          ","HJEIEPFB","","","3620      ","",""
"CXEIU5IM","CXEIU5IL","AU","CUSTLEGAL49126","2020-10-29 21:51:58","2020-10-29 21:52:49","INPAMT01","INPAMT01","CBA  ","          ","CXEIU5IM","","","3620      ","",""
"RIEIV8RS","RIEIV8RR","AU","Test Customer","2020-10-30 11:59:31","2020-10-30 12:03:25","DANUSR01","DANUSR01","CBA  ","          ","RIEIV8RS","","","0000      ","",""
"R:EIVB7P","R:EIVB7O","AU","CUSTLEGAL46120","2020-10-30 12:48:47","2020-10-30 12:49:17","INPRON01","INPRON01","CBA  ","          ","R:EIVB7P","","","3620      ","",""
"5BEJY4CU","5BEJY4CT","AU","ESPS1 1211205","2020-11-20 12:40:29","2020-11-20 12:40:29","LOANIQ01","LOANIQ01","CBA  ","          ","5BEJY4CU","","","","",""
".*EHE1SJ",".*EHE1SI","AU","CUSTLEGAL35115","2020-10-01 18:44:45","2020-10-01 18:45:38","MIGGY_IN","MIGGY_IN","CBA  ","          ",".*EHE1SJ","","","3620      ","",""
"Z6EIA390","Z6EIA38Z","AU","CUSTLEGAL50157","2020-10-19 02:00:03","2020-10-19 02:00:31","DANUSR01","DANUSR01","CBA  ","          ","Z6EIA390","","","3620      ","",""
"Z(EIA2B1","Z(EIA2B0","AU","CUSTLEGAL27109","2020-10-19 01:36:21","2020-10-19 01:36:54","DANUSR01","DANUSR01","CBA  ","          ","Z(EIA2B1","","","3620      ","",""
"J7EID57F","J7EID57E","AU","ESPS1 1811014","2020-10-20 18:40:20","2020-10-20 18:40:20","LOANIQ01","LOANIQ01","CBA  ","          ","J7EID57F","","","","",""
"J7EIDCLD","J7EIDCLC","AU","ESPS1 2014956","2020-10-20 21:19:52","2020-10-20 21:19:52","LOANIQ01","LOANIQ01","CBA  ","          ","J7EIDCLD","","","","",""
"M;EIEID3","M;EIEID2","AU","CUSTLEGAL58105","2020-10-21 10:58:40","2020-10-21 10:59:38","MIGGY_IN","MIGGY_IN","CBA  ","          ","M;EIEID3","","","3620      ","",""
"MWEIEJAP","MWEIEJAO","AU","CUSTLEGAL19106","2020-10-21 11:19:42","2020-10-21 11:20:38","MIGGY_IN","MIGGY_IN","CBA  ","          ","MWEIEJAP","","","3620      ","",""
"1-EJ2YO1","1-EJ2YO0","AU","CUSTLEGAL48146","2020-11-03 16:50:50","2020-11-03 16:51:44","INPAMT01","INPAMT01","CBA  ","          ","1-EJ2YO1","","","3620      ","",""
"NFEJ7XHW","NFEJ7XHV","AU","test","2020-11-06 08:20:58","2020-11-06 08:20:58","INPRON01","INPRON01","CBA  ","          ","NFEJ7XHW","","","","",""
"*-EK5VK3","*-EK5VK2","AU","CH EDU Limited 1710818","2020-11-24 17:35:54","2020-11-24 17:35:54","LOANIQ01","LOANIQ01","CBA  ","          ","*-EK5VK3","","","","",""
"*-EK5ZIH","*-EK5ZIG","AU","Future Trust 1813215","2020-11-24 19:01:21","2020-11-24 19:01:21","LOANIQ01","LOANIQ01","CBA  ","          ","*-EK5ZIH","","","","",""
"*-EK61H1","*-EK61H0","AU","Future Trust 1911425","2020-11-24 19:43:41","2020-11-24 19:43:41","LOANIQ01","LOANIQ01","CBA  ","          ","*-EK61H1","","","","",""
".QEHDXKQ",".QEHDXKP","AU","CUSTLEGAL12150","2020-10-01 18:22:01","2020-10-01 18:22:50","INPELY01","INPELY01","CBA  ","          ",".QEHDXKQ","","","3620      ","",""
"2!EJV2PV","2!EJV2PU","AU","LENDSHORT3333","2020-11-18 20:57:55","2020-11-18 21:01:47","DANUSR01","DANUSR01","CBA  ","          ","2!EJV2PV","","","3620      ","",""
"2WEJV8B5","2WEJV8B4","AU","LEDNSHORT4444","2020-11-18 23:38:08","2020-11-18 23:40:54","DANUSR01","DANUSR01","CBA  ","          ","2WEJV8B5","","","3620      ","",""
"NCEJWQ54","NCEJWQ53","AU","ESPS1 1813050","2020-11-19 19:00:32","2020-11-19 19:00:32","LOANIQ01","LOANIQ01","CBA  ","          ","NCEJWQ54","","","","",""
"NCEJWSXW","NCEJWSXV","AU","ESPS1 1913101","2020-11-19 20:01:00","2020-11-19 20:01:00","LOANIQ01","LOANIQ01","CBA  ","          ","NCEJWSXW","","","","",""
"P!EHBPV9","P!EHBPV8","AU","CUSTLEGAL13125","2020-09-30 12:22:16","2020-09-30 12:23:03","MIGGY_IN","MIGGY_IN","CBA  ","          ","P!EHBPV9","","","3620      ","",""
".6EHDTXD",".6EHDTXC","AU","CUSTLEGAL53151","2020-10-01 17:03:11","2020-10-01 17:04:07","INPELY01","INPELY01","CBA  ","          ",".6EHDTXD","","","3620      ","",""
"T0EHE8MV","T0EHE8MU","AU","CUSTLEGAL05141","2020-10-01 21:15:49","2020-10-01 21:17:27","INPELY01","INPELY01","CBA  ","          ","T0EHE8MV","","","3620      ","",""
"8ZEHEAAQ","8ZEHEAAP","AU","CUSTLEGAL11101","2020-10-01 22:20:41","2020-10-01 22:21:53","INPELY01","INPELY01","CBA  ","          ","8ZEHEAAQ","","","3620      ","",""
"8YEHEGDE","8YEHEGDD","AU","CUSTLEGAL45108","2020-10-01 23:54:26","2020-10-01 23:55:18","INPELY01","INPELY01","CBA  ","          ","8YEHEGDE","","","3620      ","",""
"7(EHN2BL","7(EHN2BK","AU","CUSTLEGAL23158","2020-10-06 15:34:41","2020-10-06 15:35:47","INPELY01","INPELY01","CBA  ","          ","7(EHN2BL","","","3620      ","",""
"ICEI26C4","ICEI26C3","AU","CUSTLEGAL36111","2020-10-14 19:45:19","2020-10-14 19:45:50","DANUSR01","DANUSR01","CBA  ","          ","ICEI26C4","","","3620      ","",""
"I:EI26KW","I:EI26KV","AU","CUSTLEGAL44146","2020-10-14 19:53:54","2020-10-14 19:54:25","DANUSR01","DANUSR01","CBA  ","          ","I:EI26KW","","","3620      ","",""
"=HEI2D3L","=HEI2D3K","GB","TI Test Bank","2020-10-14 22:57:13","2020-10-14 22:57:13","LOANIQ01","LOANIQ01","CBA  ","          ","=HEI2D3L","","","","",""
"A-EI5D8G","A-EI5D8F","AU","CUSTLEGAL41107","2020-10-16 13:51:47","2020-10-16 13:53:07","KIDUENAS","KIDUENAS","CBA  ","          ","A-EI5D8G","","","3620      ","",""
"=HEIAPW6","=HEIAPW5","AU","Sanseera Electronics Ltd 1013735","2020-10-19 11:14:22","2020-10-19 11:14:22","LOANIQ01","LOANIQ01","CBA  ","          ","=HEIAPW6","","","","",""
"=HEIAQWX","=HEIAQWW","AU","Sanseera Electronics Ltd 1110041","2020-10-19 11:36:24","2020-10-19 11:36:24","LOANIQ01","LOANIQ01","CBA  ","          ","=HEIAQWX","","","","",""
"=HEIARKL","=HEIARKK","AU","Sanseera Electronics Ltd 1111424","2020-10-19 11:50:37","2020-10-19 11:50:37","LOANIQ01","LOANIQ01","CBA  ","          ","=HEIARKL","","","","",""
"5KEIO88N","5KEIO88M","AU","ESPS1 1714924","2020-10-26 18:19:27","2020-10-26 18:19:27","LOANIQ01","LOANIQ01","CBA  ","          ","5KEIO88N","","","","",""
"5KEIOACL","5KEIOACK","AU","ESPS1 1813449","2020-10-26 19:05:01","2020-10-26 19:05:01","LOANIQ01","LOANIQ01","CBA  ","          ","5KEIOACL","","","","",""
"5KEIPKZX","5KEIPKZW","AU","ESPS1 1112009","2020-10-27 11:52:36","2020-10-27 11:52:36","LOANIQ01","LOANIQ01","CBA  ","          ","5KEIPKZX","","","","",""
"5KEIPQFD","5KEIPQFC","AU","ESPS1 1311818","2020-10-27 13:49:53","2020-10-27 13:49:53","LOANIQ01","LOANIQ01","CBA  ","          ","5KEIPQFD","","","","",""
"4REIQ4W6","4REIQ4W5","AU","CUSTLEGAL52131","2020-10-27 18:53:31","2020-10-27 18:54:27","INPAMT01","INPAMT01","CBA  ","          ","4REIQ4W6","","","3620      ","",""
"5KEIQDKV","5KEIQDKU","GB","CROSS PARTY REFERENCE TEST","2020-10-27 22:09:58","2020-10-27 22:09:58","LOANIQ01","LOANIQ01","CBA  ","          ","5KEIQDKV","","","","",""
"5KEIQSZS","5KEIQSZR","GB","Sanseera Electronics Ltd 1811717","2020-10-28 00:53:10","2020-10-28 00:53:10","LOANIQ01","LOANIQ01","CBA  ","          ","5KEIQSZS","","","","",""
"5KEIQT05","5KEIQT04","GB","Sanseera Electronics Ltd 1510712","2020-10-28 00:53:13","2020-10-28 00:53:13","LOANIQ01","LOANIQ01","CBA  ","          ","5KEIQT05","","","","",""
"5KEIQT0I","5KEIQT0H","GB","Sanseera Electronics Ltd 0912844","2020-10-28 00:53:13","2020-10-28 00:53:13","LOANIQ01","LOANIQ01","CBA  ","          ","5KEIQT0I","","","","",""
"5KEIQT0V","5KEIQT0U","GB","Sanseera Electronics Ltd 2011938","2020-10-28 00:53:14","2020-10-28 00:53:14","LOANIQ01","LOANIQ01","CBA  ","          ","5KEIQT0V","","","","",""
"5KEIQT18","5KEIQT17","GB","Sanseera Electronics Ltd 2013101","2020-10-28 00:53:14","2020-10-28 00:53:14","LOANIQ01","LOANIQ01","CBA  ","          ","5KEIQT18","","","","",""
"5KEIQT1L","5KEIQT1K","GB","Sanseera Electronics Ltd 1812737","2020-10-28 00:53:14","2020-10-28 00:53:14","LOANIQ01","LOANIQ01","CBA  ","          ","5KEIQT1L","","","","",""
"5KEIQT2R","5KEIQT2Q","NL","SARAHTRY00","2020-10-28 01:33:15","2020-10-28 01:33:15","LOANIQ01","LOANIQ01","CBA  ","          ","5KEIQT2R","","","","",""
"5KEIQT34","5KEIQT33","NL","MAETEST000","2020-10-28 01:33:17","2020-10-28 01:33:17","LOANIQ01","LOANIQ01","CBA  ","          ","5KEIQT34","","","","",""
"5KEIQT3L","5KEIQT3K","NL","MARV0011","2020-10-28 01:53:09","2020-10-28 01:53:09","LOANIQ01","LOANIQ01","CBA  ","          ","5KEIQT3L","","","","",""
"5KEIQT3Z","5KEIQT3Y","NL","TRYAGAIN01","2020-10-28 01:53:10","2020-10-28 01:53:10","LOANIQ01","LOANIQ01","CBA  ","          ","5KEIQT3Z","","","","",""
"F9EIR9NN","F9EIR9NM","AU","IEEBRW7642S519103","2020-10-28 08:20:06","2020-10-28 08:21:03","INPALN01","INPALN01","CBA  ","          ","F9EIR9NN","","","8431      ","",""
"5KEIRKIK","5KEIRKIJ","AU","regt","2020-10-28 13:37:24","2020-10-28 13:37:24","LOANIQ01","LOANIQ01","CBA  ","          ","5KEIRKIK","","","","",""
"5KEITV1V","5KEITV1U","AU","Hammer World 1815131","2020-10-29 19:20:10","2020-10-29 19:20:10","LOANIQ01","LOANIQ01","CBA  ","          ","5KEITV1V","","","","",""
"5KEIV8LJ","5KEIV8LI","AU","Hammer World 1214235","2020-10-30 13:10:23","2020-10-30 13:10:23","LOANIQ01","LOANIQ01","CBA  ","          ","5KEIV8LJ","","","","",""
"5KEIVA5G","5KEIVA5F","AU","Hammer World 1311542","2020-10-30 13:43:56","2020-10-30 13:43:56","LOANIQ01","LOANIQ01","CBA  ","          ","5KEIVA5G","","","","",""
"5KEIVNLV","5KEIVNLU","GB","Hammer World 1810647","2020-10-30 18:34:34","2020-10-30 18:34:34","LOANIQ01","LOANIQ01","CBA  ","          ","5KEIVNLV","","","","",""
"5KEIVO35","5KEIVO34","GB","Servo Services 1811659","2020-10-30 18:44:57","2020-10-30 18:44:57","LOANIQ01","LOANIQ01","CBA  ","          ","5KEIVO35","","","","",""
"5KEIVORN","5KEIVORM","GB","Hammer World 1813144","2020-10-30 18:59:38","2020-10-30 18:59:38","LOANIQ01","LOANIQ01","CBA  ","          ","5KEIVORN","","","","",""
"5KEIVPFO","5KEIVPFN","GB","Hammer World 1814635","2020-10-30 19:14:03","2020-10-30 19:14:03","LOANIQ01","LOANIQ01","CBA  ","          ","5KEIVPFO","","","","",""
