"CON_CID_CUST_ID","CON_RID_CONTACT","CON_CDE_PURPOSE","CON_NME_FIRST","CON_NME_LAST","CON_IND_DEFAULT","CON_TSP_REC_CREATE","CON_TSP_REC_UPDATE","CON_UID_REC_CREATE","CON_UID_REC_UPDATE","CON_IND_LOAN","CON_IND_SBLC","CON_IND_PRINCIPAL","CON_IND_INTEREST","CON_IND_FEE","CON_IND_INACTIVE","CON_CDE_LANGUAGE","CON_RID_PRIM_FAX","CON_RID_SCDY_FAX","CON_RID_ADDRESS","CON_RID_EXPR_ADDR","CON_NME_MIDDLE","CON_NME_PREFIX","CON_NME_PREFERRED","CON_NME_SALUTATION","CON_TXT_DEPT","CON_ADR_FLR_SUITE","CON_ADR_EXPR_SUITE","CON_TXT_JOB_FUNC","CON_TXT_TTL_CON","CON_PHN_PRIM_BSNS","CON_PHN_HOME_PHONE","CON_FAX_HOME","CON_PHN_SCDY_BSNS","CON_XID_EMAIL","CON_IND_BILL_RCPNT","CON_CDE_BRANCH"
"P=E6K597","KIE9B4E2","SERV ","John                ","Bloggs                             ","N","2020-04-27 17:17:29","2020-04-27 17:17:29","RPTINP01","RPTINP01","Y","Y","Y","Y","Y","N","ENG  ","","","","","                    ","                                        ","","","","","","","","3242342343","","","","john.bloggs@cba.com","N",""
"H4EAFKP1","H4EAFKPO","BILL ","EUGENE              ","HUGO                               ","N","2020-05-19 13:24:22","2020-05-19 13:24:22","JOBINP  ","JOBINP  ","Y","Y","Y","Y","Y","N","ENG  ","","","H4EAFKP3","H4EAFKP3","HUGE                ","                                        ","TAGURO              ","Mr                  ","Construction        ","","","Skilled Worker","Mr","7923637","6782477","","2458837","eugene@ccb.com","N",""
"F5EEX1HG","B.EF04YN","BILL ","Grylls              ","Bear                               ","N","2020-08-16 09:40:25","2020-08-16 09:40:25","WBAYERS ","WBAYERS ","Y","Y","Y","Y","Y","N","ENG  ","","","F5EEX1HJ","","                    ","                                        ","","","","","","","","131100","","","131100","{BACKSPACE}bear.grylls@gmails.com","N",""
"F5EEWBR0","B.EF0BAZ","BILL ","Grylls              ","Bear                               ","N","2020-08-16 11:10:21","2020-08-16 11:10:21","WBAYERS ","WBAYERS ","Y","Y","Y","Y","Y","N","ENG  ","","","F5EEWBR3","","                    ","                                        ","","","","","","","","131100","","","131100","{BACKSPACE}bear.grylls@gmails.com","N",""
"V-EF4H31","GZEF47XT","BILL ","Grylls              ","Bear                               ","N","2020-08-18 15:23:01","2020-08-18 15:23:01","WBAYERS ","WBAYERS ","Y","Y","Y","Y","Y","N","ENG  ","","","V-EF4H34","","                    ","                                        ","","","","","","","","131100","","","131100","{BACKSPACE}bear.grylls@gmails.com","N",""
"V+EF49HF","V+EF49RJ","BILL ","Vinnie              ","Jones                              ","N","2020-08-18 16:03:59","2020-08-18 16:04:29","ALNINP01","ALNINP01","Y","N","Y","Y","Y","N","ENG  ","","","V+EF49HH","","                    ","                                        ","","","","","","","","02 9876 1234","","","","vinnie.jones@lockstock.com","N",""
"9REF81R3","9VEF83HM","BILL ","Billy               ","Elliot                             ","N","2020-08-20 17:33:46","2020-08-20 17:33:46","INPRON01","INPRON01","Y","N","Y","Y","Y","N","ENG  ","","","9REF81R5","","                    ","                                        ","","","","","","","","029411111","","","","{BACKSPACE}Samiha.Bakhtiar@cba.com.au","N",""
")OEF88WW",")OEF88XC","SERV ","Vinnie              ","Jones                              ","N","2020-08-20 18:33:05","2020-08-20 18:33:05","MGRALN01","MGRALN01","Y","Y","Y","Y","Y","N","ENG  ","","",")OEF88WY","","                    ","                                        ","","","","","","","","131100","","","131100","{BACKSPACE}portz.prany@cba.com.au","N",""
")VEF8DJ0",")VEF8DJG","SERV ","Vinnie              ","Jones                              ","N","2020-08-20 19:33:37","2020-08-20 19:33:37","INPALN01","INPALN01","Y","Y","Y","Y","Y","N","ENG  ","","",")VEF8DJ2","","                    ","                                        ","","","","","","","","131100","","","131100","{BACKSPACE}portz.prany@cba.com.au","N",""
")XEF8B7Z",")XEF8B8D","SERV ","Vinnie              ","Jones                              ","N","2020-08-20 18:59:43","2020-08-20 18:59:43","INPALN01","INPALN01","Y","Y","Y","Y","Y","N","ENG  ","","",")XEF8B81","","                    ","                                        ","","","","","","","","131100","","","131100","{BACKSPACE}portz.prany@cba.com.au","N",""
")?EF8978",")?EF897U","SERV ","JOHN                ","DOE                                ","N","2020-08-20 19:02:57","2020-08-20 19:02:57","SMANZANO","SMANZANO","Y","Y","Y","Y","Y","N","EN   ","","","","","                    ","                                        ","","","","","","","","1212313131313113","","","","johndoe@abc.com","N",""
"Y@EFF0L8","Y@EFF0LO","SERV ","IEE                 ","CBAOBU                             ","N","2020-08-24 10:31:06","2020-08-24 10:31:06","CMARTILL","CMARTILL","Y","Y","Y","Y","Y","N","ENG  ","","","Y@EFF0LA","","                    ","                                        ","","","","","","",""," ","","","","cbaobu@testmail.com","N",""
"CAEFH7KI","CAEFH85C","BILL ","John                ","Wick                               ","N","2020-08-25 16:00:14","2020-08-25 16:00:14","INPROS01","INPROS01","Y","Y","Y","Y","Y","N","ENG  ","","","","","                    ","                                        ","","","","","","","","181000","","","","kurtis.leabon@cba.com.au","N",""
"@*EFH8X0","@*EFH8XF","SERV ","Vinnie              ","Jones                              ","N","2020-08-25 15:02:32","2020-08-25 15:02:32","INPALN01","INPALN01","Y","Y","Y","Y","Y","N","ENG  ","","","@*EFH8X2","","                    ","                                        ","","","","","","","","131100","","","131100","{BACKSPACE}portz.prany@cba.com.au","N",""
"Y?EFF2ED","1DEFIYAC","SALES","Robin               ","Hood                               ","N","2020-08-26 14:16:42","2020-08-26 14:16:42","INPAMT01","INPAMT01","Y","N","Y","Y","Y","N","ENG  ","","","Y?EFF2EF","","                    ","                                        ","","","","","","","","13 85 96","","","13 85 96","{BACKSPACE}winstone.tsang@cba.com.au","N",""
"CTEFHBUM","CTEFHBV1","SERV ","Vinnie              ","Jones                              ","N","2020-08-25 16:04:14","2020-08-25 16:04:14","INPALN01","INPALN01","Y","Y","Y","Y","Y","N","ENG  ","","","CTEFHBUO","","                    ","                                        ","","","","","","","","131100","","","131100","{BACKSPACE}portz.prany@cba.com.au","N",""
"=REFJ68W","$ZEFJ71U","SALES","Robin               ","Hood                               ","N","2020-08-26 17:25:13","2020-08-26 17:25:13","INPAMT01","INPAMT01","Y","N","Y","Y","Y","N","ENG  ","","","=REFJ68Y","","                    ","                                        ","","","","","","","","13 85 96","","","13 85 96","{BACKSPACE}winstone.tsang@cba.com.au","N",""
"1KEFIX0F","1)EFIXEV","SERV ","Vinnie              ","Jones                              ","N","2020-08-26 12:56:37","2020-08-26 12:56:37","INPALN01","INPALN01","Y","Y","Y","Y","Y","N","ENG  ","","","1KEFIX0H","","                    ","                                        ","","","","","","","","131100","","","131100","{BACKSPACE}portz.prany@cba.com.au","N",""
"?NEFKRY6","?NEFKSGC","SERV ","Vinnie              ","Jones                              ","N","2020-08-27 14:09:09","2020-08-27 14:09:09","INPALN01","INPALN01","Y","Y","Y","Y","Y","N","ENG  ","","","?NEFKRY8","","                    ","                                        ","","","","","","","","131100","","","131100","{BACKSPACE}portz.prany@cba.com.au","N",""
"7NEFL00E","7NEFL03Z","SERV ","Vinnie              ","Jones                              ","N","2020-08-27 16:54:37","2020-08-27 16:54:37","INPALN01","INPALN01","Y","Y","Y","Y","Y","N","ENG  ","","","7NEFL00G","","                    ","                                        ","","","","","","","","131100","","","131100","{BACKSPACE}portz.prany@cba.com.au","N",""
"XOEFL7K0","I+EFMIE3","SALES","Robin               ","Hood                               ","N","2020-08-28 11:14:42","2020-08-28 11:14:42","INPAMT01","INPAMT01","Y","N","Y","Y","Y","N","ENG  ","","","XOEFL7K2","","                    ","                                        ","","","","","","","","13 85 96","","","13 85 96","{BACKSPACE}winstone.tsang@cba.com.au","N",""
"I2EFMH43","I2EFMH4I","SERV ","Vinnie              ","Jones                              ","N","2020-08-28 11:20:53","2020-08-28 11:20:53","INPALN01","INPALN01","Y","Y","Y","Y","Y","N","ENG  ","","","I2EFMH45","","                    ","                                        ","","","","","","","","131100","","","131100","{BACKSPACE}portz.prany@cba.com.au","N",""
"U!EG6TSS","U!EG6TT7","SERV ","JOHN                ","BLACK                              ","N","2020-09-08 11:42:49","2020-09-08 11:42:49","JCUSR01 ","JCUSR01 ","Y","Y","Y","Y","Y","N","ENG  ","","","U!EG6TSU","","                    ","                                        ","","","","","","",""," ","","","","johncarlo.delacruz@finastra.com","N",""
"FCEG76R8","FREG77N6","SALES","Robin               ","Hood                               ","N","2020-09-08 15:30:49","2020-09-08 15:30:49","INPAMT01","INPAMT01","Y","N","Y","Y","Y","N","ENG  ","","","FCEG76RA","","                    ","                                        ","","","","","","","","13 85 96","","","13 85 96","{BACKSPACE}winstone.tsang@cba.com.au","N",""
"5VEH8D99","50EH8DLY","SERV ","John                ","Bloggs                             ","N","2020-09-28 17:03:20","2020-09-28 17:03:20","MIGGY_IN","MIGGY_IN","Y","Y","Y","Y","Y","N","ENG  ","","","5VEH8D9B","","                    ","                                        ","","","","","","","","1928727188","","","03 5029 9445","{BACKSPACE}john.blogg@abc.com","N",""
"4$EHBYTS","4?EHBZ6J","SERV ","John                ","Bloggs                             ","N","2020-09-30 15:55:28","2020-09-30 15:55:28","MIGGY_IN","MIGGY_IN","Y","Y","Y","Y","Y","N","ENG  ","","","4$EHBYTU","","                    ","                                        ","","","","","","","","1928727188","","","03 5029 9445","{BACKSPACE}john.blogg@abc.com","N",""
"6WEADK2S","6WEADKKT","BILL ","Henry               ","Hugo                               ","N","2020-05-18 11:47:04","2020-05-18 11:47:04","JOBINP  ","JOBINP  ","Y","Y","Y","Y","Y","N","EN   ","","","6WEADK2U","6WEADK2U","Mansueto            ","                                        ","Henyr               ","Sir                 ","Factory             ","","","Worker","Sir","5472681","5472681","5472681","5472681","henyr@ccb.com","N",""
"5QEF3VVU","5QEF3VWB","SERV ","Sivakumar           ","Krishnan                           ","N","2020-08-18 08:52:09","2020-08-18 08:52:09","LIQUSR05","LIQUSR05","Y","Y","Y","Y","Y","N","ENG  ","","","5QEF3VVW","5QEF3VVW","                    ","                                        ","Siva                ","","","","","","Servicing Officer"," ","","","","sivakumar.krishnan@finastra.com","N",""
"F5EEWSOR","*7EF4LE9","BILL ","Grylls              ","Bear                               ","N","2020-08-18 19:00:57","2020-08-18 19:00:57","WBAYERS ","WBAYERS ","Y","Y","Y","Y","Y","N","ENG  ","","","F5EEWSOU","","                    ","                                        ","","","","","","","","131100","","","131100","{BACKSPACE}bear.grylls@gmails.com","N",""
"ALEF5OUC","ALEF5OUP","BILL ","Billy               ","Elliot                             ","N","2020-08-19 09:41:16","2020-08-19 09:41:16","RONINP01","RONINP01","Y","N","Y","Y","Y","N","ENG  ","","","ALEF5OUE","","                    ","                                        ","","","","","","","","412345678","","","","Samiha.Bakhtiar@cba.com.au","N",""
"1MEFJ04Y","1$EFJ0IW","SERV ","Vinnie              ","Jones                              ","N","2020-08-26 14:09:20","2020-08-26 14:09:20","INPALN01","INPALN01","Y","Y","Y","Y","Y","N","ENG  ","","","1MEFJ050","","                    ","                                        ","","","","","","","","131100","","","131100","{BACKSPACE}portz.prany@cba.com.au","N",""
"EBEF9ADV","E:EF9AXS","BILL ","Billy               ","Elliot                             ","N","2020-08-21 07:59:30","2020-08-21 07:59:30","INPRON01","INPRON01","Y","N","Y","Y","Y","N","ENG  ","","","EBEF9ADX","","                    ","                                        ","","","","","","","","029411111","","","","{BACKSPACE}Samiha.Bakhtiar@cba.com.au","N",""
"YPEFEVVD","YEEFEXS6","SERV ","Vinnie              ","Jones                              ","N","2020-08-24 09:22:01","2020-08-24 09:22:01","INPALN01","INPALN01","Y","Y","Y","Y","Y","N","ENG  ","","","YPEFEVVF","","                    ","                                        ","","","","","","","","131100","","","131100","{BACKSPACE}portz.prany@cba.com.au","N",""
"(IEFGRPX","(2EFGVHQ","BILL ","Billy               ","Elliot                             ","N","2020-08-25 10:08:21","2020-08-25 10:08:21","INPRON01","INPRON01","Y","N","Y","Y","Y","N","ENG  ","","","(IEFGRPZ","","                    ","                                        ","","","","","","","","029411111","","","","{BACKSPACE}Samiha.Bakhtiar@cba.com.au","N",""
"=UEFJ4X5","=UEFJ4XK","SERV ","Vinnie              ","Jones                              ","N","2020-08-26 15:34:47","2020-08-26 15:34:47","INPALN01","INPALN01","Y","Y","Y","Y","Y","N","ENG  ","","","=UEFJ4X7","","                    ","                                        ","","","","","","","","131100","","","131100","{BACKSPACE}portz.prany@cba.com.au","N",""
"$#EFJ9I3","$#EFJ9MY","SERV ","Vinnie              ","Jones                              ","N","2020-08-26 18:24:48","2020-08-26 18:24:48","INPALN01","INPALN01","Y","Y","Y","Y","Y","N","ENG  ","","","$#EFJ9I5","","                    ","                                        ","","","","","","","","131100","","","131100","{BACKSPACE}portz.prany@cba.com.au","N",""
"N?EFL3EX","XZEFL4J8","SALES","Robin               ","Hood                               ","N","2020-08-27 18:22:19","2020-08-27 18:22:19","INPAMT01","INPAMT01","Y","N","Y","Y","Y","N","ENG  ","","","N?EFL3EZ","","                    ","                                        ","","","","","","","","13 85 96","","","13 85 96","{BACKSPACE}winstone.tsang@cba.com.au","N",""
"#ZEFTUU3","#ZEFTUUO","BILL ","John                ","Wick                               ","N","2020-09-01 13:03:47","2020-09-01 13:03:47","INPROS01","INPROS01","N","N","N","N","N","N","ENG  ","","","","","                    ","Mr                                      ","","","","","","","","181000","181000","","181000","john.wick@gmails.com","N",""
"8ZEHEAAP","89EHEANH","SERV ","John                ","Bloggs                             ","N","2020-10-01 22:30:09","2020-10-01 22:30:09","INPELY01","INPELY01","Y","Y","Y","Y","Y","N","ENG  ","","","8ZEHEAAR","","                    ","                                        ","","","","","","","","1928727188","","","03 5029 9445","{BACKSPACE}john.blogg@abc.com","N",""
".QEHDXKP",".LEHDXXH","SERV ","John                ","Bloggs                             ","N","2020-10-01 18:31:28","2020-10-01 18:31:28","INPELY01","INPELY01","Y","Y","Y","Y","Y","N","ENG  ","","",".QEHDXKR","","                    ","                                        ","","","","","","","","1928727188","","","03 5029 9445","{BACKSPACE}john.blogg@abc.com","N",""
"8YEHEGDD","8JEHEGQ5","SERV ","John                ","Bloggs                             ","N","2020-10-02 00:02:52","2020-10-02 00:02:52","INPELY01","INPELY01","Y","Y","Y","Y","Y","N","ENG  ","","","8YEHEGDF","","                    ","                                        ","","","","","","","","1928727188","","","03 5029 9445","{BACKSPACE}john.blogg@abc.com","N",""
"-8EI2IHA","-YEI2IU1","SERV ","John                ","Bloggs                             ","N","2020-10-14 23:52:00","2020-10-14 23:52:00","MIGGY_IN","MIGGY_IN","Y","Y","Y","Y","Y","N","ENG  ","","","-8EI2IHC","","                    ","                                        ","","","","","","","","1928727188","","","03 5029 9445","{BACKSPACE}john.blogg@abc.com","N",""
"$$EHP6SW","A@EHQNGF","SERV ","John                ","Bloggs                             ","N","2020-10-08 15:17:53","2020-10-08 15:17:53","MIGGY_IN","MIGGY_IN","Y","Y","Y","Y","Y","N","ENG  ","","","$$EHP6SZ","","                    ","                                        ","","","","","","","","1928727188","","","03 5029 9445","{BACKSPACE}john.blogg@abc.com","N",""
"I?EI27OR","-OEI2ICY","SERV ","John                ","Bloggs                             ","N","2020-10-14 23:51:22","2020-10-14 23:51:22","KIDUENAS","KIDUENAS","Y","Y","Y","Y","Y","N","ENG  ","","","I?EI27OT","","                    ","                                        ","","","","","","","","1928727188","","","03 5029 9445","{BACKSPACE}john.blogg@abc.com","N",""
"0JEI4L1H","03EI4LDY","SERV ","John                ","Bloggs                             ","N","2020-10-16 03:29:08","2020-10-16 03:29:08","KIDUENAS","KIDUENAS","Y","Y","Y","Y","Y","N","ENG  ","","","0JEI4L1J","","                    ","                                        ","","","","","","","","1928727188","","","03 5029 9445","{BACKSPACE}john.blogg@abc.com","N",""
"0REI4N8E","0MEI4NKV","SERV ","John                ","Bloggs                             ","N","2020-10-16 04:35:26","2020-10-16 04:35:26","KIDUENAS","KIDUENAS","Y","Y","Y","Y","Y","N","ENG  ","","","0REI4N8G","","                    ","                                        ","","","","","","","","1928727188","","","03 5029 9445","{BACKSPACE}john.blogg@abc.com","N",""
"RVEGMHIE","*AEI52F7","SERV ","Makee               ","Campomanes                         ","N","2020-10-16 09:01:18","2020-10-16 09:01:18","ARFELI01","ARFELI01","Y","Y","Y","Y","Y","N","ENG  ","","","RVEGMHIH","","                    ","                                        ","","","","","","","","1928727188","","","03 5029 9445","{BACKSPACE}makee.campomanes@abc.com","N",""
"C4EIDBGK","CUEIDBTA","SERV ","John                ","Bloggs                             ","N","2020-10-20 19:44:09","2020-10-20 19:44:09","MIGGY_IN","MIGGY_IN","Y","Y","Y","Y","Y","N","ENG  ","","","C4EIDBGM","","                    ","                                        ","","","","","","","","1928727188","","","03 5029 9445","{BACKSPACE}john.blogg@abc.com","N",""
"M*EIEN7I","WAEIENK9","SERV ","John                ","Bloggs                             ","N","2020-10-21 13:11:32","2020-10-21 13:11:32","INPAMT01","INPAMT01","Y","Y","Y","Y","Y","N","ENG  ","","","M*EIEN7K","","                    ","                                        ","","","","","","","","1928727188","","","03 5029 9445","{BACKSPACE}john.blogg@abc.com","N",""
":REIIK9J","Q;EIIUND","SERV ","John                ","Bloggs                             ","N","2020-10-23 19:47:50","2020-10-23 19:47:50","INPALN01","INPALN01","Y","Y","Y","Y","Y","N","ENG  ","","",":REIIK9L","","                    ","                                        ","","","","","","","","3242342343","","","1234567890","{BACKSPACE}john.blogg@cba.com","N",""
"+2EIPLQY","+-EIPM3O","SERV ","John                ","Bloggs                             ","N","2020-10-27 11:25:55","2020-10-27 11:25:55","INPAMT01","INPAMT01","Y","Y","Y","Y","Y","N","ENG  ","","","+2EIPLR0","","                    ","                                        ","","","","","","","","1928727188","","","03 5029 9445","{BACKSPACE}john.blogg@abc.com","N",""
"HSE5440L","BYEDA64K","SERV ","John                ","Bloggs                             ","N","2020-07-13 23:29:07","2020-07-13 23:29:07","FJUSRAM ","FJUSRAM ","Y","Y","Y","Y","Y","N","ENG  ","","","","","                    ","                                        ","","","","","","","","1928727188","","","1928143143","john.blogg@abc.com","N",""
"U!EG6TSS","U.EG6VXR","RELA ","Third               ","Party                              ","N","2020-09-08 12:00:41","2020-09-08 12:00:41","JCUSR01 ","JCUSR01 ","N","N","N","N","N","N","ENG  ","","","U!EG6TSU","","                    ","                                        ","","","","","","","","04040404040","","","","","N",""
"BYEDA7MO","BYEDA9M3","SERV ","John                ","Bloggs                             ","N","2020-07-14 00:44:31","2020-07-14 00:44:31","FJUSRAM ","FJUSRAM ","Y","Y","Y","Y","Y","N","ENG  ","","","BYEDA7MQ","","                    ","                                        ","","","","","","","","1928727188","","","03 5029 9445","john.blogg@abc.com","N",""
"I-EDB3F1","BCEDB685","SERV ","JUGHEAD             ","JONES                              ","N","2020-07-14 11:42:54","2020-07-14 11:42:54","DANUSR01","DANUSR01","Y","Y","Y","Y","Y","N","ENG  ","","","","","                    ","                                        ","","","","","","","","234234234","","","","jugjones@serpents.com","N",""
"*=EHA9UO","*DEHAA7E","SERV ","John                ","Bloggs                             ","N","2020-09-29 17:53:38","2020-09-29 17:53:38","MIGGY_IN","MIGGY_IN","Y","Y","Y","Y","Y","N","ENG  ","","","*=EHA9UQ","","                    ","                                        ","","","","","","","","1928727188","","","03 5029 9445","{BACKSPACE}john.blogg@abc.com","N",""
"*4EHA4KI","*UEHA4X8","SERV ","John                ","Bloggs                             ","N","2020-09-29 16:00:22","2020-09-29 16:00:22","INPELY01","INPELY01","Y","Y","Y","Y","Y","N","ENG  ","","","*4EHA4KK","","                    ","                                        ","","","","","","","","1928727188","","","03 5029 9445","{BACKSPACE}john.blogg@abc.com","N",""
"A*EHAMQD","!AEHAN33","SERV ","John                ","Bloggs                             ","N","2020-09-29 23:44:16","2020-09-29 23:44:16","INPELY01","INPELY01","Y","Y","Y","Y","Y","N","ENG  ","","","A*EHAMQF","","                    ","                                        ","","","","","","","","1928727188","","","03 5029 9445","{BACKSPACE}john.blogg@abc.com","N",""
".*EHE1SI","TAEHE25A","SERV ","John                ","Bloggs                             ","N","2020-10-01 18:53:21","2020-10-01 18:53:21","MIGGY_IN","MIGGY_IN","Y","Y","Y","Y","Y","N","ENG  ","","",".*EHE1SK","","                    ","                                        ","","","","","","","","1928727188","","","03 5029 9445","{BACKSPACE}john.blogg@abc.com","N",""
"Y7EHFA63","YXEHFAIW","SERV ","John                ","Bloggs                             ","N","2020-10-02 11:17:24","2020-10-02 11:17:24","MIGGY_IN","MIGGY_IN","Y","Y","Y","Y","Y","N","ENG  ","","","Y7EHFA65","","                    ","                                        ","","","","","","","","1928727188","","","03 5029 9445","{BACKSPACE}john.blogg@abc.com","N",""
"$$EHSIFX","Z8EHSLC8","SERV ","John                ","Bloggs                             ","N","2020-10-09 16:28:23","2020-10-09 16:28:23","MIGGY_IN","MIGGY_IN","Y","Y","Y","Y","Y","N","ENG  ","","","$$EHSIG0","","                    ","                                        ","","","","","","","","1928727188","","","03 5029 9445","{BACKSPACE}john.blogg@abc.com","N",""
"UWEHCNU5","BNEHOJL4","SERV ","Makee               ","Campomanes                         ","N","2020-10-07 11:26:50","2020-10-07 11:26:50","ARFELI01","ARFELI01","Y","Y","Y","Y","Y","N","ENG  ","","","UWEHCNU8","","                    ","                                        ","","","","","","","","1928727188","","","03 5029 9445","{BACKSPACE}makee.campomanes@abc.com","N",""
";(EHLBAR","N1EHN7FS","SERV ","Darlon              ","Hijara                             ","N","2020-10-06 17:37:04","2020-10-06 17:37:04","ARFELI01","ARFELI01","Y","Y","Y","Y","Y","N","ENG  ","","",";(EHLBAU","","                    ","                                        ","","","","","","","","1928727188","","","03 5029 9445","{BACKSPACE}john.blogg@abc.com","N",""
"N=EHN4XA","NSEHN5A0","SERV ","John                ","Bloggs                             ","N","2020-10-06 17:48:45","2020-10-06 17:48:45","MIGGY_IN","MIGGY_IN","Y","Y","Y","Y","Y","N","ENG  ","","","N=EHN4XC","","                    ","                                        ","","","","","","","","1928727188","","","03 5029 9445","{BACKSPACE}john.blogg@abc.com","N",""
"UWEHCNQ1","FMEHSG7X","SERV ","Makee               ","Campomanes                         ","N","2020-10-09 14:28:39","2020-10-09 14:28:39","ARFELI01","ARFELI01","Y","Y","Y","Y","Y","N","ENG  ","","","UWEHCNQ4","","                    ","                                        ","","","","","","","","1928727188","","","03 5029 9445","{BACKSPACE}makee.campomanes@abc.com","N",""
"$$EHSFB1","FQEHSIRG","SERV ","Makee               ","Campomanes                         ","N","2020-10-09 15:29:26","2020-10-09 15:29:26","ARFELI01","ARFELI01","Y","Y","Y","Y","Y","N","ENG  ","","","$$EHSFB4","","                    ","                                        ","","","","","","","","1928727188","","","03 5029 9445","{BACKSPACE}makee.campomanes@abc.com","N",""
"G#EHBNN9","V(EHPIYB","SERV ","John                ","Bloggs                             ","N","2020-10-08 00:42:51","2020-10-08 00:42:51","MIGGY_IN","MIGGY_IN","Y","Y","Y","Y","Y","N","ENG  ","","","G#EHBNNC","","                    ","                                        ","","","","","","","","1928727188","","","03 5029 9445","{BACKSPACE}john.blogg@abc.com","N",""
"Y)EHYNO1","YEEHYO0Q","SERV ","John                ","Bloggs                             ","N","2020-10-12 22:45:33","2020-10-12 22:45:33","MIGGY_IN","MIGGY_IN","Y","Y","Y","Y","Y","N","ENG  ","","","Y)EHYNO3","","                    ","                                        ","","","","","","","","1928727188","","","03 5029 9445","{BACKSPACE}john.blogg@abc.com","N",""
"$9EI1KOO","$.EI1KXL","SERV ","John                ","Bloggs                             ","N","2020-10-14 11:58:42","2020-10-14 11:58:42","DANUSR01","DANUSR01","Y","Y","Y","Y","Y","N","ENG  ","","","$9EI1KOQ","","                    ","                                        ","","","","","","","","1928727188","","","03 5029 9445","{BACKSPACE}john.blogg@abc.com","N",""
"I:EI26KV","ILEI26TS","SERV ","John                ","Bloggs                             ","N","2020-10-14 20:12:56","2020-10-14 20:12:56","DANUSR01","DANUSR01","Y","Y","Y","Y","Y","N","ENG  ","","","I:EI26KX","","                    ","                                        ","","","","","","","","1928727188","","","03 5029 9445","{BACKSPACE}john.blogg@abc.com","N",""
"A-EI5D8F","!4EI5S0D","SERV ","John                ","Bloggs                             ","N","2020-10-16 18:15:31","2020-10-16 18:15:31","KIDUENAS","KIDUENAS","Y","Y","Y","Y","Y","N","ENG  ","","","A-EI5D8H","","                    ","                                        ","","","","","","","","1928727188","","","03 5029 9445","{BACKSPACE}john.blogg@abc.com","N",""
"=HEIAPW5",")WEIASPZ","SERV ","Makee               ","Campomanes                         ","N","2020-10-19 12:07:24","2020-10-19 12:07:24","ARFELI01","ARFELI01","Y","Y","Y","Y","Y","N","ENG  ","","","=HEIAPW8","","                    ","                                        ","","","","","","","","1928727188","","","03 5029 9445","{BACKSPACE}makee.campomanes@abc.com","N",""
"Z6EIA38Z","ZMEIA3HU","SERV ","John                ","Bloggs                             ","N","2020-10-19 02:07:31","2020-10-19 02:07:31","DANUSR01","DANUSR01","Y","Y","Y","Y","Y","N","ENG  ","","","Z6EIA391","","                    ","                                        ","","","","","","","","1928727188","","","03 5029 9445","{BACKSPACE}john.blogg@abc.com","N",""
"M;EIEID2","MREIEIPT","SERV ","John                ","Bloggs                             ","N","2020-10-21 11:06:58","2020-10-21 11:06:58","MIGGY_IN","MIGGY_IN","Y","Y","Y","Y","Y","N","ENG  ","","","M;EIEID4","","                    ","                                        ","","","","","","","","1928727188","","","03 5029 9445","{BACKSPACE}john.blogg@abc.com","N",""
"MWEIEJAO","M1EIEJNF","SERV ","John                ","Bloggs                             ","N","2020-10-21 11:28:49","2020-10-21 11:28:49","MIGGY_IN","MIGGY_IN","Y","Y","Y","Y","Y","N","ENG  ","","","MWEIEJAQ","","                    ","                                        ","","","","","","","","1928727188","","","03 5029 9445","{BACKSPACE}john.blogg@abc.com","N",""
"4REIQ4W5","4MEIQ58V","SERV ","John                ","Bloggs                             ","N","2020-10-27 19:04:02","2020-10-27 19:04:02","INPAMT01","INPAMT01","Y","Y","Y","Y","Y","N","ENG  ","","","4REIQ4W7","","                    ","                                        ","","","","","","","","1928727188","","","03 5029 9445","{BACKSPACE}john.blogg@abc.com","N",""
"F9EIR9NM","F)EIRA0B","SERV ","John                ","Bloggs                             ","N","2020-10-28 08:27:55","2020-10-28 08:27:55","INPALN01","INPALN01","Y","Y","Y","Y","Y","N","ENG  ","","","F9EIR9NO","","                    ","                                        ","","","","","","","","3242342343","","","1234567890","{BACKSPACE}john.blogg@cba.com","N",""
"#NED9EQ2","#XED9F2R","SERV ","John                ","Bloggs                             ","N","2020-07-13 13:26:13","2020-07-14 11:43:23","JOBINP  ","JOBINP  ","Y","Y","Y","Y","Y","N","ENG  ","","","#NED9EQ4","","                    ","                                        ","","","","","","","","1928727188","","","03 5029 9445","john.blogg@abc.com","N",""
":KEDDAP0",":UEDDB1R","SERV ","John                ","Bloggs                             ","N","2020-07-15 15:58:09","2020-07-15 15:58:09","JOBINP  ","JOBINP  ","Y","Y","Y","Y","Y","N","ENG  ","","",":KEDDAP2","","                    ","                                        ","","","","","","","","1928727188","","","03 5029 9445","{BACKSPACE}john.blogg@abc.com","N",""
"SIEESUTN","SIEESUUA","SERV ","CASSIE              ","MARTILLANO                         ","N","2020-08-12 10:56:58","2020-08-12 10:56:58","CMARTILL","CMARTILL","Y","Y","Y","Y","Y","N","ENG  ","","","","","","                                        ","CASSIE              ","","","","","","","12345532555","","","","cbatest@mail.com","N",""
"5$EH88NS","5NEH890H","SERV ","John                ","Bloggs                             ","N","2020-09-28 16:44:10","2020-09-28 16:44:10","INPELY01","INPELY01","Y","Y","Y","Y","Y","N","ENG  ","","","5$EH88NU","","                    ","                                        ","","","","","","","","1928727188","","","03 5029 9445","{BACKSPACE}john.blogg@abc.com","N",""
".6EHDTXC",".MEHDUA4","SERV ","John                ","Bloggs                             ","N","2020-10-01 17:12:01","2020-10-01 17:12:01","INPELY01","INPELY01","Y","Y","Y","Y","Y","N","ENG  ","","",".6EHDTXE","","                    ","                                        ","","","","","","","","1928727188","","","03 5029 9445","{BACKSPACE}john.blogg@abc.com","N",""
"@MEFH6VL","@MEFH7EX","SALES","Robin               ","Hood                               ","N","2020-08-25 15:43:57","2020-08-25 15:43:57","INPDEL01","INPDEL01","Y","N","Y","Y","Y","N","ENG  ","","","","","                    ","                                        ","","","","","","","","13 85 96","","1917472","","winstone.tsang@cba.com.au","N",""
"P!EHBPV8","PPEHBQ7Z","SERV ","John                ","Bloggs                             ","N","2020-09-30 12:29:49","2020-09-30 12:29:49","MIGGY_IN","MIGGY_IN","Y","Y","Y","Y","Y","N","ENG  ","","","P!EHBPVA","","                    ","                                        ","","","","","","","","1928727188","","","03 5029 9445","{BACKSPACE}john.blogg@abc.com","N",""
"(VEHFY93","(GEHFYLW","SERV ","John                ","Bloggs                             ","N","2020-10-02 20:13:52","2020-10-02 20:13:52","MIGGY_IN","MIGGY_IN","Y","Y","Y","Y","Y","N","ENG  ","","","(VEHFY95","","                    ","                                        ","","","","","","","","1928727188","","","03 5029 9445","{BACKSPACE}john.blogg@abc.com","N",""
"W-EHL8IC","W:EHL8V1","SERV ","John                ","Bloggs                             ","N","2020-10-05 16:25:39","2020-10-05 16:25:39","MIGGY_IN","MIGGY_IN","Y","Y","Y","Y","Y","N","ENG  ","","","W-EHL8IE","","                    ","                                        ","","","","","","","","1928727188","","","03 5029 9445","{BACKSPACE}john.blogg@abc.com","N",""
":OEHOO1J",":JEHOOEA","SERV ","John                ","Bloggs                             ","N","2020-10-07 12:46:36","2020-10-07 12:46:36","MIGGY_IN","MIGGY_IN","Y","Y","Y","Y","Y","N","ENG  ","","",":OEHOO1L","","                    ","                                        ","","","","","","","","1928727188","","","03 5029 9445","{BACKSPACE}john.blogg@abc.com","N",""
"7(EHN2BK","7REHN2OA","SERV ","John                ","Bloggs                             ","N","2020-10-06 15:48:55","2020-10-06 15:48:55","INPELY01","INPELY01","Y","Y","Y","Y","Y","N","ENG  ","","","7(EHN2BM","","                    ","                                        ","","","","","","","","1928727188","","","03 5029 9445","{BACKSPACE}john.blogg@abc.com","N",""
"UWEHCNUO","+PEHQGMA","SERV ","Makee               ","Campomanes                         ","N","2020-10-08 12:00:05","2020-10-08 12:00:05","ARFELI01","ARFELI01","Y","Y","Y","Y","Y","N","ENG  ","","","UWEHCNUR","","                    ","                                        ","","","","","","","","1928727188","","","03 5029 9445","{BACKSPACE}makee.campomanes@abc.com","N",""
"1.EIEUFN","1TEIEUSE","SERV ","John                ","Bloggs                             ","N","2020-10-21 15:31:50","2020-10-21 15:31:50","INPAMT01","INPAMT01","Y","Y","Y","Y","Y","N","ENG  ","","","1.EIEUFP","","                    ","                                        ","","","","","","","","1928727188","","","03 5029 9445","{BACKSPACE}john.blogg@abc.com","N",""
"$$EHNARP","ACEHQQK4","SERV ","JUGHEAD             ","JONES                              ","N","2020-10-08 15:21:37","2020-10-08 15:21:37","CESSINP1","CESSINP1","Y","Y","Y","Y","Y","N","ENG  ","","","$$EHNARS","","                    ","                                        ","","","","","","","","234234234","","","03 5029 9445","{BACKSPACE}jugjones@serpents.com","N",""
"=4EI135W","=UEI13ET","SERV ","John                ","Bloggs                             ","N","2020-10-14 06:18:14","2020-10-14 06:18:14","DANUSR01","DANUSR01","Y","Y","Y","Y","Y","N","ENG  ","","","=4EI135Y","","                    ","                                        ","","","","","","","","1928727188","","","03 5029 9445","{BACKSPACE}john.blogg@abc.com","N",""
"J+EICOY5","3FEICQLT","SERV ","John                ","Bloggs                             ","N","2020-10-20 12:07:54","2020-10-20 12:07:54","DANUSR01","DANUSR01","Y","Y","Y","Y","Y","N","ENG  ","","","J+EICOY7","","                    ","                                        ","","","","","","","","1928727188","","","03 5029 9445","{BACKSPACE}john.blogg@abc.com","N",""
"4ZEIQ1E8","49EIQ1QY","SERV ","John                ","Bloggs                             ","N","2020-10-27 17:43:32","2020-10-27 17:43:32","TESTINP ","TESTINP ","Y","Y","Y","Y","Y","N","ENG  ","","","4ZEIQ1EA","","                    ","                                        ","","","","","","","","1928727188","","","1928143144","{BACKSPACE}john.blogg@abc.com","N",""
"4;EIQ81F","46EIQ8E3","SERV ","John                ","Bloggs                             ","N","2020-10-27 18:59:08","2020-10-27 18:59:08","INPALN01","INPALN01","Y","Y","Y","Y","Y","N","ENG  ","","","4;EIQ81H","","                    ","                                        ","","","","","","","","3242342343","","","1234567890","{BACKSPACE}john.blogg@cba.com","N",""
")HEIRQW9",")1EIRR90","SERV ","John                ","Bloggs                             ","N","2020-10-28 15:55:40","2020-10-28 15:55:40","INPRON01","INPRON01","Y","Y","Y","Y","Y","N","ENG  ","","",")HEIRQWB","","                    ","                                        ","","","","","","","","1928727188","","","03 5029 9445","{BACKSPACE}john.blogg@abc.com","N",""
"OQEIT5A0","O5EIT5MQ","SERV ","John                ","Bloggs                             ","N","2020-10-29 08:55:25","2020-10-29 08:55:25","INPALN01","INPALN01","Y","Y","Y","Y","Y","N","ENG  ","","","OQEIT5A2","","                    ","                                        ","","","","","","","","3242342343","","","1234567890","{BACKSPACE}john.blogg@cba.com","N",""
"YAEIT9TU","YPEITA6M","SERV ","John                ","Bloggs                             ","N","2020-10-29 10:30:56","2020-10-29 10:30:56","INPAMT01","INPAMT01","Y","Y","Y","Y","Y","N","ENG  ","","","YAEIT9TW","","                    ","                                        ","","","","","","","","1928727188","","","03 5029 9445","{BACKSPACE}john.blogg@abc.com","N",""
"YJEITCGS","Y(EITCTK","SERV ","John                ","Bloggs                             ","N","2020-10-29 11:18:25","2020-10-29 11:18:25","INPAMT01","INPAMT01","Y","Y","Y","Y","Y","N","ENG  ","","","YJEITCGU","","                    ","                                        ","","","","","","","","1928727188","","","03 5029 9445","{BACKSPACE}john.blogg@abc.com","N",""
"JMEITF16","JWEITFDY","SERV ","John                ","Bloggs                             ","N","2020-10-29 12:06:43","2020-10-29 12:06:43","INPAMT01","INPAMT01","Y","Y","Y","Y","Y","N","ENG  ","","","JMEITF18","","                    ","                                        ","","","","","","","","1928727188","","","03 5029 9445","{BACKSPACE}john.blogg@abc.com","N",""
"CXEIU5IL",";FEIU5VD","SERV ","John                ","Bloggs                             ","N","2020-10-29 21:59:32","2020-10-29 21:59:32","INPAMT01","INPAMT01","Y","Y","Y","Y","Y","N","ENG  ","","","CXEIU5IN","","                    ","                                        ","","","","","","","","1928727188","","","03 5029 9445","{BACKSPACE}john.blogg@abc.com","N",""
"RYEIUH32","RJEIUHFV","SERV ","John                ","Bloggs                             ","N","2020-10-30 02:03:32","2020-10-30 02:03:32","INPRON01","INPRON01","Y","Y","Y","Y","Y","N","ENG  ","","","RYEIUH34","","                    ","                                        ","","","","","","","","1928727188","","","03 5029 9445","{BACKSPACE}john.blogg@abc.com","N",""
"RIEIV8RR","RIEIV8SS","BILL ","First               ","Last                               ","N","2020-10-30 12:15:19","2020-10-30 12:15:57","DANUSR01","DANUSR01","Y","N","Y","N","N","N","ENG  ","","","RIEIV8RT","RIEIV8RT","                    ","                                        ","Nick                ","","","","","","","9999999","","","","check@check.com","N",""
"!!E8YNWL","!4E8ZGUC","SERV ","John                ","Bloggs                             ","N","2020-04-21 01:28:47","2020-04-21 01:28:47","FJUSR01 ","FJUSR01 ","Y","Y","Y","Y","Y","N","ENG  ","","","!!E8YNWN","","                    ","                                        ","","","","","","","","1928727188","","","03 5029 9445","{BACKSPACE}john.blogg@abc.com","N",""
"!DE93K99","!DE93POI","SERV ","John                ","Bloggs                             ","N","2020-04-23 09:27:01","2020-04-23 09:27:01","APP1MANS","APP1MANS","Y","Y","Y","Y","Y","N","ENG  ","","","!DE93K9B","","                    ","                                        ","","","","","","","","1928727188","","","03 5029 9445","john.blogg@abc.com","N",""
"AVE8YAJT","AVE8YB1U","SERV ","John                ","Bloggs                             ","N","2020-04-20 11:22:10","2020-04-20 11:22:10","FJUSR01 ","FJUSR01 ","Y","Y","Y","Y","Y","N","ENG  ","","","AVE8YAJV","","                    ","                                        ","","","","","","","","1928727188","","","03 5029 9445","{BACKSPACE}john.blogg@abc.com","N",""
"J5E4FAXX","J5E4FAY9","BILL ","Henry               ","Stone                              ","N","2020-01-23 09:32:40","2020-01-23 09:44:11","HSSUPR01","HSSUPR01","Y","Y","Y","Y","Y","N","ENG  ","","","J5E4FAXZ","J5E4FAXZ","                    ","Engr                                    ","","","","","","","","TEST","","","","dummy@email.com","N",""
"J5E4FAZF","J5E4FAZR","SERV ","Jobern              ","Loretizo                           ","N","2020-01-23 09:49:42","2020-01-23 09:49:42","HSSUPR01","HSSUPR01","Y","Y","Y","Y","Y","N","ENG  ","","","J5E4FAZH","J5E4FAZH","                    ","Don                                     ","","","","","","","","TEST","","","","dummy@domain.com","N",""
"3FE4FBRS","3FE4FBS4","SERV ","Tony                ","Stark                              ","N","2020-01-23 09:58:52","2020-01-23 09:58:52","HSUSER01","HSUSER01","Y","Y","Y","Y","Y","N","ENG  ","","","3FE4FBRU","3FE4FBRU","                    ","Mr                                      ","","","","","","","","TEST","","","","email@domain.com","N",""
"(KE4Q19S","(KE4Q1AS","BILL ","KUYA                ","KESO                               ","N","2020-01-29 04:57:37","2020-01-29 04:57:37","WBAYERS ","WBAYERS ","Y","Y","Y","Y","Y","N","ENG  ","","","","","                    ","MR                                      ","KESOW               ","KESOWSKI            ","KESOWSKI            ","","","KESOWSKI","KESOWSKI","123456789","123456789","","123456789","kuyakeso@email.com","N",""
"E2E4RAUV","@ME4QUQS","SERV ","Operations          ","Loan                               ","N","2020-01-30 06:23:01","2020-01-30 06:23:01","BRIANMOK","BRIANMOK","Y","Y","Y","Y","Y","N","ENG  ","","","E2E4RAUY","","                    ","                                        ","","","","","","",""," ","","","","test@cba.com","N",""
"?ZE4CIA6","?ZE4CKCT","SERV ","John                ","Bloggs                             ","N","2020-01-22 13:22:01","2020-01-22 13:22:01","RPTINP01","RPTINP01","Y","Y","Y","Y","Y","N","ENG  ","","","","","                    ","                                        ","","","","","","","","1928727188","","","","john.blogg@abc.com","N",""
"FPE4MRNP","FPE4MSO1","SERV ","Lending             ","NHB                                ","N","2020-01-27 11:26:01","2020-01-27 11:26:01","MGALING ","MGALING ","Y","Y","Y","Y","Y","N","ENG  ","","","FPE4MRNR","","                    ","                                        ","","","","","","",""," ","","","","lending@cba.com.au","N",""
"AMDPAOVM","AMDPAOW3","SERV ","BVT                 ","Business Verification              ","N","2019-04-04 16:03:39","2019-10-18 03:10:52","KANDERSO","GIBLINC ","Y","Y","Y","Y","Y","N","ENG  ","","","AMDPAOVO","","                    ","                                        ","","","","","","",""," ","","","","Alliance_LoanIQ_Corro@cba.com.au","N",""
"A$DPARLG","A$DPARLV","SERV ","Ops                 ","Lending                            ","N","2019-04-04 16:24:52","2020-04-27 22:54:20","KANDERSO","INPMANS ","Y","Y","Y","Y","Y","N","ENG  ","","","A$DPARLI","","                    ","                                        ","","","","","","",""," ","","","","evg@cba.com","N",""
"AMDPAOVM","@*DZF8KF","SERV ","Lending and Leasing ","AGENCY                             ","N","2019-10-18 03:08:14","2019-10-18 03:08:14","GIBLINC ","GIBLINC ","Y","Y","Y","Y","Y","N","ENG  ","","","AMDPAOVO","","                    ","                                        ","","","","","","",""," ","","","","AgencyGroup@cba.com.au","N",""
"AMDPAOVM","@*DZF8KK","SERV ","Lending and Leasing ","NON AGENCY                         ","N","2019-10-18 03:10:06","2019-10-18 03:10:06","GIBLINC ","GIBLINC ","Y","Y","Y","Y","Y","N","ENG  ","","","AMDPAOVO","","                    ","                                        ","","","","","","",""," ","","","","IBLending@cba.com.au","N",""
"A4E8XOGV","A4E8XOHC","SERV ","John                ","Bloggs                             ","N","2020-04-20 02:33:49","2020-04-20 02:33:49","APP1MANS","APP1MANS","Y","Y","Y","Y","Y","N","ENG  ","","","A4E8XOGX","","                    ","                                        ","","","","","","","","1928727188","","","03 5029 9445","{BACKSPACE}john.blogg@abc.com","N",""
"A4E8XOXX","A4E8XPFI","SERV ","John                ","Bloggs                             ","N","2020-04-20 03:35:18","2020-06-25 14:30:10","APP1MANS","RPTINP01","Y","Y","Y","Y","Y","N","ENG  ","","","A4E8XOXZ","","                    ","                                        ","BX                  ","","","","","","","1928727188","","","03 5029 9445","{BACKSPACE}john.blogg@abc.com","N",""
"AME8XY0R","AME8XY18","SERV ","John                ","Bloggs                             ","N","2020-04-20 05:42:42","2020-06-25 14:33:18","APP1MANS","RPTINP01","Y","Y","Y","Y","Y","N","ENG  ","","","AME8XY0T","","                    ","                                        ","","","","","","","","1928727189","","","03 5029 9445","{BACKSPACE}john.blogg@abc.com","N",""
"A7E8Y5AF","A7E8Y5AW","SERV ","John                ","Bloggs                             ","N","2020-04-20 09:11:10","2020-04-20 09:11:10","APP1MANS","APP1MANS","Y","Y","Y","Y","Y","N","ENG  ","","","A7E8Y5AH","","                    ","                                        ","","","","","","","","1928727188","","","03 5029 9445","{BACKSPACE}john.blogg@abc.com","N",""
"*#EF4PTL","*#EF4PUM","BILL ","Grylls              ","Bear                               ","N","2020-08-18 20:18:22","2020-08-18 20:18:22","WBAYERS ","WBAYERS ","Y","Y","Y","Y","Y","N","ENG  ","","","*#EF4PTN","","                    ","                                        ","","","","","","","","131100","","","131100","{BACKSPACE}bear.grylls@gmails.com","N",""
"VWEDOEXK","GEEDOPS3","SERV ","John                ","Bloggs                             ","N","2020-07-21 18:46:57","2020-07-21 18:46:57","DJRHINPT","DJRHINPT","Y","Y","Y","Y","Y","N","ENG  ","","","VWEDOEXM","","                    ","                                        ","","","","","","","","1928727188","","","03 5029 9445","{BACKSPACE}john.blogg@abc.com","N",""
"VWEDOEXK","GEEDOQ8W","SERV ","James               ","Baker                              ","N","2020-07-21 18:52:46","2020-07-21 18:52:46","DJRHINPT","DJRHINPT","Y","Y","Y","Y","Y","N","ENG  ","","","VWEDOEXM","","                    ","                                        ","","","","","","","","1928143143","","","03 5029 9445","{BACKSPACE}james.baker@abc.com","N",""
"E8EF8FP7","EJEF8G2E","BILL ","Billy               ","Elliot                             ","N","2020-08-20 21:21:00","2020-08-20 21:21:00","INPRON01","INPRON01","Y","N","Y","Y","Y","N","ENG  ","","","E8EF8FP9","","                    ","                                        ","","","","","","","","029411111","","","","{BACKSPACE}Samiha.Bakhtiar@cba.com.au","N",""
"ZHEF7YY1","ZHEF7YYG","SERV ","JOHN                ","DOE                                ","N","2020-08-20 15:04:20","2020-08-20 15:04:20","JAQUITAN","JAQUITAN","Y","Y","Y","Y","Y","N","EN   ","","","","","                    ","                                        ","","","","","","","","12312312312313","","","","john.doe@abc.com","N",""
"A1EF5M56","9:EF86GP","SERV ","Vinnie              ","Jones                              ","N","2020-08-20 17:35:01","2020-08-20 17:35:01","ALNINP01","ALNINP01","Y","Y","Y","Y","Y","N","ENG  ","","","A1EF5M58","","                    ","                                        ","","","","","","","","131100","","","131100","{BACKSPACE}portz.prany@cba.com.au","N",""
")3EF892G","EZEF8E3W","BILL ","Billy               ","Elliot                             ","N","2020-08-20 20:10:10","2020-08-20 20:10:10","INPRON01","INPRON01","Y","N","Y","Y","Y","N","ENG  ","","",")3EF892I","","                    ","                                        ","","","","","","","","029411111","","","","{BACKSPACE}Samiha.Bakhtiar@cba.com.au","N",""
"Y3EFEZQB","Y3EFEZQW","SERV ","Vinnie              ","Jones                              ","N","2020-08-24 10:23:37","2020-08-24 10:23:37","INPALN01","INPALN01","Y","Y","Y","Y","Y","N","ENG  ","","","Y3EFEZQD","","                    ","                                        ","","","","","","","","131100","","","131100","{BACKSPACE}portz.prany@cba.com.au","N",""
"*-EK61H0","E.EK799X","SERV ","Jimmy               ","Croce                              ","N","2020-11-25 11:31:27","2020-11-25 11:31:27","INPDEL01","INPDEL01","Y","Y","Y","Y","Y","N","ENG  ","","","*-EK61H3","","                    ","                                        ","","","","","","","","02 99998888","","","02 99998888","{BACKSPACE}faazil.sheriff@cba.com.au","N",""
"1KEJ2OU2","1UEJ2P6S","SERV ","John                ","Bloggs                             ","N","2020-11-03 13:47:06","2020-11-03 13:47:06","INPAMT01","INPAMT01","Y","Y","Y","Y","Y","N","ENG  ","","","1KEJ2OU4","","                    ","                                        ","","","","","","","","1928727188","","","03 5029 9445","{BACKSPACE}john.blogg@abc.com","N",""
"1;EJ2T99","1REJ2TLZ","SERV ","John                ","Bloggs                             ","N","2020-11-03 15:23:17","2020-11-03 15:23:17","INPAMT01","INPAMT01","Y","Y","Y","Y","Y","N","ENG  ","","","1;EJ2T9B","","                    ","                                        ","","","","","","","","1928727188","","","03 5029 9445","{BACKSPACE}john.blogg@abc.com","N",""
"HFEJ773H","7VEJ77MH","SERV ","John                ","Bloggs                             ","N","2020-11-06 00:17:08","2020-11-06 00:17:08","DANUSR01","DANUSR01","Y","Y","Y","Y","Y","N","ENG  ","","","HFEJ773K","","                    ","                                        ","","","","","","","","1928727188","","","03 5029 9445","{BACKSPACE}john.blogg@abc.com","N",""
"(.EJLEOZ","(TEJLF1T","SERV ","John                ","Bloggs                             ","N","2020-11-13 15:00:13","2020-11-13 15:00:13","INPAMT02","INPAMT02","Y","Y","Y","Y","Y","N","ENG  ","","","(.EJLEP1","","                    ","                                        ","","","","","","","","1928727188","","","03 5029 9445","{BACKSPACE}john.blogg@abc.com","N",""
"(8EJLEWH","(OEJLF9A","SERV ","John                ","Bloggs                             ","N","2020-11-13 15:13:33","2020-11-13 15:13:33","INPAMT02","INPAMT02","Y","Y","Y","Y","Y","N","ENG  ","","","(8EJLEWJ","","                    ","                                        ","","","","","","","","1928727188","","","03 5029 9445","{BACKSPACE}john.blogg@abc.com","N",""
"M2EIVJHN","M-EIVJUG","SERV ","John                ","Bloggs                             ","N","2020-10-30 15:47:08","2020-10-30 15:47:08","INPAMT01","INPAMT01","Y","Y","Y","Y","Y","N","ENG  ","","","M2EIVJHP","","                    ","                                        ","","","","","","","","1928727188","","","03 5029 9445","{BACKSPACE}john.blogg@abc.com","N",""
"WAEIVMLA","W!EIVMY3","SERV ","John                ","Bloggs                             ","N","2020-10-30 17:09:42","2020-10-30 17:09:42","INPAMT01","INPAMT01","Y","Y","Y","Y","Y","N","ENG  ","","","WAEIVMLC","","                    ","                                        ","","","","","","","","1928727188","","","03 5029 9445","{BACKSPACE}john.blogg@abc.com","N",""
"R:EIVB7O","RQEIVBKH","SERV ","John                ","Bloggs                             ","N","2020-10-30 12:54:19","2020-10-30 12:54:19","INPRON01","INPRON01","Y","Y","Y","Y","Y","N","ENG  ","","","R:EIVB7Q","","                    ","                                        ","","","","","","","","1928727188","","","03 5029 9445","{BACKSPACE}john.blogg@abc.com","N",""
"2WEJV8B4","2WEJV8LD","SERV ","Lender              ","Long                               ","N","2020-11-18 23:49:02","2020-11-18 23:49:02","DANUSR01","DANUSR01","Y","Y","Y","Y","Y","N","ENG  ","","","2WEJV8B6","2WEJV8B6","S                   ","                                        ","","","","","","",""," ","","","","long@ym.com","N",""
"1-EJ2YO0","1#EJ2Z0Q","SERV ","John                ","Bloggs                             ","N","2020-11-03 16:59:22","2020-11-03 16:59:22","INPAMT01","INPAMT01","Y","Y","Y","Y","Y","N","ENG  ","","","1-EJ2YO2","","                    ","                                        ","","","","","","","","1928727188","","","03 5029 9445","{BACKSPACE}john.blogg@abc.com","N",""
"D6EJ4OKJ","DMEJ4OXA","SERV ","John                ","Bloggs                             ","N","2020-11-04 14:24:37","2020-11-04 14:24:37","INPAMT01","INPAMT01","Y","Y","Y","Y","Y","N","ENG  ","","","D6EJ4OKL","","                    ","                                        ","","","","","","","","1928727188","","","03 5029 9445","{BACKSPACE}john.blogg@abc.com","N",""
"HFEJ773H","7VEJ783A","SERV ","James               ","Baker                              ","N","2020-11-06 00:22:21","2020-11-06 00:22:21","DANUSR01","DANUSR01","Y","Y","Y","Y","Y","N","ENG  ","","","HFEJ773K","","                    ","                                        ","","","","","","","","1928143143","","","03 5029 9445","{BACKSPACE}james.baker@abc.com","N",""
"HFEJ6RWQ","N.EJ823E","SERV ","John                ","Bloggs                             ","N","2020-11-06 10:07:58","2020-11-06 10:07:58","INPRON01","INPRON01","Y","Y","Y","Y","Y","N","ENG  ","","","HFEJ6RWT","","                    ","                                        ","","","","","","","","1928727188","","","03 5029 9445","{BACKSPACE}john.blogg@abc.com","N",""
"HFEJ8RUQ","BPEJ9N61","SERV ","James               ","Baker                              ","N","2020-11-07 06:15:41","2020-11-07 06:15:41","DANUSR01","DANUSR01","Y","Y","Y","Y","Y","N","ENG  ","","","HFEJ8RUT","","                    ","                                        ","","","","","","","","1928143143","","","03 5029 9445","{BACKSPACE}james.baker@abc.com","N",""
"HFEJ8RUQ","BPEJ9MP8","SERV ","John                ","Bloggs                             ","N","2020-11-07 06:11:15","2020-11-07 06:11:15","DANUSR01","DANUSR01","Y","Y","Y","Y","Y","N","ENG  ","","","HFEJ8RUT","","                    ","                                        ","","","","","","","","1928727188","","","03 5029 9445","{BACKSPACE}john.blogg@abc.com","N",""
"HFEJ8UE1","#FEJ8ZBH","SERV ","John                ","Bloggs                             ","N","2020-11-06 23:00:20","2020-11-06 23:00:20","INPAMT02","INPAMT02","Y","Y","Y","Y","Y","N","ENG  ","","","HFEJ8UE4","","                    ","                                        ","","","","","","","","1928727188","","","03 5029 9445","{BACKSPACE}john.blogg@abc.com","N",""
"HFEJDN2Y",":(EJDZVT","SERV ","John                ","Bloggs                             ","N","2020-11-09 16:16:21","2020-11-09 16:16:21","INPRON02","INPRON02","Y","Y","Y","Y","Y","N","ENG  ","","","HFEJDN31","","                    ","                                        ","","","","","","","","1928727188","","","03 5029 9445","{BACKSPACE}john.blogg@abc.com","N",""
"HFEJ4FCF","GTEJFM2C","SERV ","CBA                 ","London                             ","N","2020-11-10 09:22:34","2020-11-10 09:22:34","FOULISTR","FOULISTR","Y","Y","Y","Y","Y","N","ENG  ","","","HFEJ4FCI","","                    ","                                        ","","","","","","",""," ","","","","london@cba.com.au","N",""
"J6EI07VT","ZUEJHS0O","SERV ","Cargill             ","PVT                                ","N","2020-11-11 14:04:16","2020-11-11 14:04:16","FOULISTR","FOULISTR","Y","Y","Y","Y","Y","N","ENG  ","","","J6EI07VW","","                    ","                                        ","","","","","","",""," ","","","","cargill@pvt.com.au","N",""
"2!EJV2PU","2!EJV2QF","SERV ","Lender              ","Short                              ","N","2020-11-18 21:12:51","2020-11-18 21:12:51","DANUSR01","DANUSR01","Y","Y","Y","Y","Y","N","ENG  ","","","2!EJV2PW","2!EJV2PW","S                   ","Mr                                      ","","","","","","",""," ","","","","lender333@ym.com","N",""
"HFEJ6T46","7CEJ6XPX","SERV ","John                ","Bloggs                             ","N","2020-11-05 20:48:14","2020-11-05 20:48:14","INPAMT01","INPAMT01","Y","Y","Y","Y","Y","N","ENG  ","","","HFEJ6T49","","                    ","                                        ","","","","","","","","1928727188","","","1928143144","{BACKSPACE}john.blogg@abc.com","N",""
"M.EJQR6A","M8EJQRV8","SERV ","John                ","Bloggs                             ","N","2020-11-16 12:32:49","2020-11-16 12:32:49","INPAMT01","INPAMT01","Y","Y","Y","Y","Y","N","ENG  ","","","M.EJQR6C","","                    ","                                        ","","","","","","","","1928727188","","","03 5029 9445","{BACKSPACE}john.blogg@abc.com","N",""
