"DEA_PID_DEAL","DEA_NME_DEAL","DEA_NME_ALIAS_NAME","DEA_NUM_DEAL_CNTL","DEA_AMT_GLO_PRECLO","DEA_IND_CNSL_BILL","DEA_IND_CRA","DEA_IND_HLT","DEA_IND_RESTRICT","DEA_IND_NATNL_CRDT","DEA_XID_NATNL_CRDT","DEA_IND_RSRV_ADJ","DEA_CDE_BANK","DEA_TSP_REC_CREATE","DEA_TSP_REC_UPDATE","DEA_UID_REC_CREATE","DEA_UID_REC_UPDATE","DEA_CDE_DEPT","DEA_CDE_PERFORMING","DEA_IND_OUTSD_DEAL","DEA_CDE_SELL_STAGE","DEA_IND_GUAR_DEAL","DEA_IND_ACTIVE","DEA_IND_EARLY_DISC","DEA_XID_ANSI_ID","DEA_RTO_FCT_SALDIF","DEA_XID_ALT_DEALID","DEA_IND_ACTUAL","DEA_IND_SOLE_LENDR","DEA_CDE_BRANCH","DEA_NUM_GRACE_PER","DEA_CDE_PROC_AREA","DEA_IND_FUND","DEA_NUM_MATCH_DRAW","DEA_NUM_MAX_DRAW","DEA_NUM_EURO_INTRM","DEA_CDE_DEAL_CLASS","DEA_DTE_PROJ_CLOSE","DEA_DTE_AGREEMENT","DEA_CDE_EXPENSE","DEA_DTE_TERM_EFF","DEA_CDE_ORIG_CCY","DEA_CDE_TERM_REASN","DEA_CDE_CR_ASN","DEA_CDE_CR_PARTIC","DEA_DTE_SBLC_ISSUE","DEA_DTE_SBLC_EXP","DEA_CDE_DEAL_STAT","DEA_DTE_COMMIT_LTR","DEA_DTE_DEAL_CLSD","DEA_CDE_REASON_NFS","DEA_DTE_CANCEL_EFF","DEA_DTE_APPROVED","DEA_DTE_LAST_REVWD","DEA_UID_LAST_REVWR","DEA_UID_ADMNSTRATR","DEA_UID_ORIGINATOR","DEA_UID_REL_MANAGR","DEA_IND_ACCT_ENABL","DEA_IND_AUTO_GEN","DEA_IND_AUTO_REL","DEA_RID_COLLAT_DEF","DEA_TXT_CUSIP_NUM","DEA_TXT_ISIN_NUM","DEA_IND_CUSIP_LST","DEA_IND_AUTO_PREPF","DEA_IND_AUTO_NONP","DEA_AMT_NACR_TLRNC","DEA_PCT_NACR_TLRNC","DEA_IND_PAST_DUEB","DEA_CDE_INPAL_RULE","DEA_CDE_PDLGC_RULE","DEA_DTE_FAC_CUTOFF","DEA_CDE_DEP_SUBTYP","DEA_IND_INC_XMLBIL","DEA_IND_DONT_MAIL","DEA_IND_DONT_PRNT","DEA_CDE_UNSCHP_MTH","DEA_NUM_INV_INDEX","DEA_IND_CARE_OF","DEA_IND_VAT_MN_SVC","DEA_IND_AUTO_PSPD","DEA_IND_PSPD_GD","DEA_IND_MASS_SALE","DEA_AMT_GRS_CAP","DEA_CDE_CN_GOV_LAW","DEA_CDE_CON_BIL_OP","DEA_DTE_FATCA_GFLT","DEA_DTE_FUNDING","DEA_DTE_LAST_SENT","DEA_IND_AUTO_RTF","DEA_IND_EXT_ASSOC","DEA_IND_FATCA_GFST","DEA_IND_INC_COL_BB","DEA_IND_INVENTORY","DEA_IND_QFN_ELGBL","DEA_IND_RECONCIL","DEA_IND_REDC_FAC","DEA_IND_TERM_FAC","DEA_IND_TRADECLS","DEA_RID_SECURITY","DEA_RID_SLM_LNDR","DEA_TXT_SLM_AL_INT","DEA_TXT_SLM_PRM_CN","DEA_NUM_CRN_INDEX","DEA_IND_ABL","DEA_IND_ABL_DSP","DEA_CDE_ORIG_COST","DEA_OID_DEAL"
"?.EBVNFE","CBANLD_TESTDEAL_600M                    ","CBANLD_TESTDEAL_600M                    ","1000237     ","600000000","Y","N","N","N","N","        ","N","CBA  ","2020-06-16 16:21:22","2020-06-16 20:48:00","RPTINPAM","RPTSUPAM","GLB  ","ACCR ","N","BOTH ","Y","Y","N","?.EBVNFE ","1","?.EBVNFE  ","Y","Y","CG852","0","EUOPS","Y","0","0","15","GCP  ","","","BG_COL         ","","EUR","     ","SIL  ","SIL  ","","","AGENT","","2020-05-27 00:00:00","","","2020-05-27 00:00:00","","","","","","Y","N","N","","","","Y","N","N","0","0","N","IPFLERN   ","O         ","","","N","N","N","LAST ","0","N","N","N","Y","N","","NL   ","NONE ","","","","N","N","N","N","Y","N","N","Y","Y","Y","","","ProRataShare    ","","0","N","N","","2e722762320b9f3c14e6828"
"SUEBXL0I","CBANLD_TESTDEAL_500M                    ","CBANLD_TESTDEAL_500M                    ","1000239     ","500000000","Y","N","N","N","N","        ","N","CBA  ","2020-06-17 17:36:54","2020-06-17 19:19:44","RPTINPAM","RPTSUPAM","GLB  ","ACCR ","N","BOTH ","Y","Y","N","SUEBXL0I ","1","SUEBXL0I  ","Y","Y","CG852","0","EUOPS","Y","0","0","15","GCP  ","","","BG_COL         ","","EUR","     ","SIL  ","SIL  ","","","AGENT","","2020-05-19 00:00:00","","","2020-05-19 00:00:00","","","","","","Y","N","N","","","","Y","N","N","0","0","N","IPFLERN   ","O         ","","","N","N","N","LAST ","0","N","N","N","Y","N","","NL   ","NONE ","","","","N","N","N","N","Y","N","N","Y","Y","Y","","","ProRataShare    ","","0","N","N","","2e885b57144b01ac74e6831"
"BYEDA56Z","RPA INTERNAL 100M EURO13072020222130LAH ","RPA1_13072020222133J                    ","1000248     ","0","Y","N","N","Y","N","        ","N","CBA  ","2020-07-13 23:05:44","2020-07-13 23:05:44","FJUSRAM ","FJUSRAM ","GLB  ","ACCR ","N","BOTH ","Y","Y","Y","BYEDA56Z ","1","BYEDA56Z  ","Y","N","CG852","0","EUOPS","Y","0","0","15","     ","","","               ","","EUR","     ","SIL  ","SIL  ","","","PEND ","","","","","","","","","","","Y","N","N","","","","Y","N","N","0","0","N","IPFLERN   ","O         ","","","N","N","N","LAST ","0","N","","N","Y","N","","NL   ","NONE ","","","","N","","N","N","Y","N","N","Y","Y","Y","","","ProRataShare    ","","0","N","N","","30b19b7cf37ebcd58f871f7"
":@EDDZTB","RPA INTERNAL 100M EURO15072020235629XUY ","R1_15072020235632GDO                    ","1000253     ","100000000","Y","N","N","N","N","        ","N","CBA  ","2020-07-16 00:04:25","2020-07-17 00:32:45","FJUSRAM ","FJUSRAM ","GLB  ","ACCR ","N","BOTH ","Y","Y","N",":@EDDZTB ","1",":@EDDZTB  ","Y","N","CG852","0","EUOPS","Y","0","0","15","GCP  ","","2020-05-27 00:00:00","IT_SAF         ","","EUR","     ","SIL  ","SIL  ","","","PEND ","","","","","","","","","","","Y","N","N","","","","Y","N","N","0","0","N","IPFLERN   ","O         ","","","N","N","N","LAST ","0","N","N","N","Y","N","","NL   ","NONE ","","","","N","N","N","N","Y","N","N","Y","Y","Y","","","ProRataShare    ","","0","N","N","","30dca796e44105be3f87206"
"40EDZTD7","S4NA_27072020182922XBJ                  ","S427072020182924NAL                     ","1000319     ","500000000","Y","N","N","N","N","        ","N","CBA  ","2020-07-27 18:38:53","2020-10-14 15:27:56","INPCHER ","MANZANOS","GLB  ","ACCR ","N","BOTH ","Y","Y","N","40EDZTD7 ","1","40EDZTD7  ","Y","N","CG852","0","EUOPS","Y","0","0","15","GCP  ","","2020-06-02 00:00:00","BG_COL         ","","AUD","     ","SIL  ","SIL  ","","","CLOSE","","2020-06-02 00:00:00","","","2020-06-02 00:00:00","2020-06-02 00:00:00","JCAPR02 ","","","","Y","N","N","","","","Y","N","N","0","0","N","IPFLERN   ","O         ","","","N","N","N","LAST ","0","N","N","N","Y","N","","AU   ","NONE ","","","","N","N","N","N","Y","N","N","Y","Y","Y","","","ProRataShare    ","","0","N","N","","31d502bd0bd1fac30f872d3"
"Q+EDKVCZ","RPA INTERNAL 100M EURO19072020171734BVP ","R1_19072020171737KCK                    ","1000272     ","100000000","Y","N","N","N","N","        ","N","CBA  ","2020-07-19 17:26:58","2020-07-19 19:04:24","FJUSRAM ","FJMGRAM ","GLB  ","ACCR ","N","BOTH ","Y","Y","N","Q+EDKVCZ ","1","Q+EDKVCZ  ","Y","N","CG852","0","EUOPS","Y","0","0","15","GCP  ","","2020-05-27 00:00:00","IT_SAF         ","","EUR","     ","SIL  ","SIL  ","","","AGENT","","2020-05-27 00:00:00","","","2020-05-27 00:00:00","","","","","","Y","N","N","","","","Y","N","N","0","0","N","IPFLERN   ","O         ","","","N","N","N","LAST ","0","N","N","N","Y","N","","NL   ","NONE ","","","","N","N","N","N","Y","N","N","Y","Y","Y","","","ProRataShare    ","","0","N","N","","312b33f2a58eb4915f8722f"
":*EDFXA8","RPA INTERNAL 100M EURO17072020015240DJS ","R1_17072020015244ZPD                    ","1000261     ","100000000","Y","N","N","N","N","        ","N","CBA  ","2020-07-17 02:00:39","2020-07-17 02:43:16","FJUSRAM ","FJUSRAM ","GLB  ","ACCR ","N","BOTH ","Y","Y","N",":*EDFXA8 ","1",":*EDFXA8  ","Y","N","CG852","0","EUOPS","Y","0","0","15","GCP  ","","2020-05-27 00:00:00","IT_SAF         ","","EUR","     ","SIL  ","SIL  ","","","PEND ","","","","","","","","","","","Y","N","N","","","","Y","N","N","0","0","N","IPFLERN   ","O         ","","","N","N","N","LAST ","0","N","","N","Y","N","","NL   ","NONE ","","","","N","","N","N","Y","N","N","Y","Y","Y","","","ProRataShare    ","","0","N","N","","30f373bb1396bff42f87210"
":*EDG12Y","RPA INTERNAL 100M EURO17072020031445IMF ","R1_17072020031448KRP                    ","1000262     ","100000000","Y","N","N","N","N","        ","N","CBA  ","2020-07-17 03:22:33","2020-07-19 16:59:12","FJUSRAM ","FJMGRAM ","GLB  ","ACCR ","N","BOTH ","Y","Y","N",":*EDG12Y ","1",":*EDG12Y  ","Y","N","CG852","0","EUOPS","Y","0","0","15","GCP  ","","2020-05-27 00:00:00","IT_SAF         ","","EUR","     ","SIL  ","SIL  ","","","AGENT","","2020-05-27 00:00:00","","","2020-05-27 00:00:00","","","","","","Y","N","N","","","","Y","N","N","0","0","N","IPFLERN   ","O         ","","","N","N","N","LAST ","0","N","N","N","Y","N","","NL   ","NONE ","","","","N","N","N","N","Y","N","N","Y","Y","Y","","","ProRataShare    ","","0","N","N","","30f4a76052d6a47d5f87211"
".FEF9QSQ","TEST DEAL MANUAL CP 4 - IGNORE          ","TESTDEALMANUALCP4IGN                    ","1000442     ","10000000","Y","N","N","N","N","        ","N","CBA  ","2020-08-21 14:35:26","2020-08-24 12:07:53","LIQUSR03","LIQUSR03","GLB  ","ACCR ","N","BOTH ","Y","Y","N",".FEF9QSQ ","1",".FEF9QSQ  ","Y","Y","CG852","0","EUOPS","Y","0","0","15","GCP  ","","","BG_COL         ","","EUR","     ","SIL  ","SIL  ","","","AGENT","","2020-05-27 00:00:00","","","2020-05-27 00:00:00","","","","","","Y","N","N","","","","Y","N","N","0","0","N","IPFLERN   ","O         ","","","N","N","N","LAST ","0","N","N","N","Y","N","","NL   ","NONE ","","","","N","N","N","N","Y","N","N","Y","Y","Y","","","ProRataShare    ","","0","N","N","","33e0cad56cf4ffac57923df"
"3MEFH2AH","TEST DEAL MANUAL CP 4 - IGNORE 3        ","TESTDEALMANUALCP4IG3                    ","1000471     ","10000000","Y","N","N","N","N","        ","N","CBA  ","2020-08-25 13:50:12","2020-08-26 12:56:06","LIQUSR03","LIQUSR03","GLB  ","ACCR ","N","BOTH ","Y","Y","N","3MEFH2AH ","1","3MEFH2AH  ","Y","N","CG852","0","EUOPS","Y","0","0","15","GCP  ","","","BG_COL         ","","EUR","     ","SIL  ","SIL  ","","","AGENT","","2020-05-27 00:00:00","","","2020-05-27 00:00:00","","","","","","Y","N","N","","","","Y","N","N","0","0","N","IPFLERN   ","O         ","","","N","N","N","LAST ","0","N","N","N","Y","N","","NL   ","NONE ","","","","N","N","N","N","Y","N","N","Y","Y","Y","","","ProRataShare    ","","0","N","N","","3434813d4893e65bf792716"
"S#EESVPY","AMSTER BILAT DEAL1                      ","AMSTER BILAT DEAL1                      ","1000397     ","15000000","Y","N","N","N","N","        ","N","CBA  ","2020-08-12 11:30:26","2020-11-24 13:13:22","CMARTILL","RPTSUP01","GLB  ","ACCR ","N","BOTH ","Y","Y","N","S#EESVPY ","1","S#EESVPY  ","Y","Y","CG852","0","EUOPS","Y","0","0","15","GCP  ","","","BG_COL         ","","EUR","     ","SIL  ","SIL  ","","","AGENT","","2020-05-27 00:00:00","","","2020-05-27 00:00:00","","","","","","Y","N","N","","","","Y","N","N","0","0","N","IPFLERN   ","O         ","","","N","N","N","LAST ","0","N","N","N","Y","N","","AU   ","NONE ","","","","N","N","N","N","Y","N","N","Y","Y","Y","","","ProRataShare    ","","0","N","N","","33203cb669fb5a3f4499207"
"YZEFEWH5","AMS_DEAL3                               ","AMS_DEAL3                               ","1000443     ","100000000","Y","N","N","N","N","        ","N","CBA  ","2020-08-24 08:48:53","2020-09-25 16:36:28","SMANZANO","SMANZANO","GLB  ","ACCR ","N","BOTH ","Y","Y","N","YZEFEWH5 ","1","YZEFEWH5  ","Y","Y","CG852","0","EUOPS","Y","0","0","15","GCP  ","","","BG_COL         ","","EUR","     ","SIL  ","SIL  ","","","AGENT","","2020-05-27 00:00:00","","","2020-05-27 00:00:00","","","","","","Y","N","N","","","","Y","N","N","0","0","N","IPFLERN   ","O         ","","","N","N","N","LAST ","0","N","N","N","Y","N","","NL   ","NONE ","","","","N","N","N","N","Y","N","N","Y","Y","Y","","","ProRataShare    ","","0","N","N","","341afe6da68adbc13792562"
"Y5EFF54H","TEST DEAL MANUAL CP 4                   ","TESTDEALMANUALCP4                       ","1000445     ","10000000","Y","N","N","N","N","        ","N","CBA  ","2020-08-24 12:23:36","2020-08-26 12:56:29","LIQUSR03","LIQUSR03","GLB  ","ACCR ","N","BOTH ","Y","Y","N","Y5EFF54H ","1","Y5EFF54H  ","Y","N","CG852","0","EUOPS","Y","0","0","15","GCP  ","","","BG_COL         ","","EUR","     ","SIL  ","SIL  ","","","AGENT","","2020-05-27 00:00:00","","","2020-05-27 00:00:00","","","","","","Y","N","N","","","","Y","N","N","0","0","N","IPFLERN   ","O         ","","","N","N","N","LAST ","0","N","N","N","Y","N","","NL   ","NONE ","","","","N","N","N","N","Y","N","N","Y","Y","Y","","","ProRataShare    ","","0","N","N","","341e2481fb25ecb767925c5"
"3.EFFDYP","WSS_JATEST_IN_DEAL2                     ","WSS_JATEST_IN_DEAL2                     ","1000453     ","100000000","Y","N","N","N","N","        ","N","CBA  ","2020-08-24 14:58:17","2020-08-24 15:11:25","JAQUITAN","JANICEA1","GLB  ","ACCR ","N","BOTH ","Y","Y","N","3.EFFDYP ","1","3.EFFDYP  ","Y","Y","CG852","0","EUOPS","Y","0","0","15","GCP  ","","","BG_COL         ","","EUR","     ","SIL  ","SIL  ","","","AGENT","","2020-05-27 00:00:00","","","2020-05-27 00:00:00","","","","","","Y","N","N","","","","Y","N","N","0","0","N","IPFLERN   ","O         ","","","N","N","N","LAST ","0","N","N","N","Y","N","","NL   ","NONE ","","","","N","N","N","N","Y","N","N","Y","Y","Y","","","ProRataShare    ","","0","N","N","","3420689b1f2341ff8792660"
"0REF4EYL","TEST DEAL MANUAL CP 2                   ","TESTDEALMANUALCP2                       ","1000435     ","10000000","Y","N","N","N","N","        ","N","CBA  ","2020-08-18 15:46:55","2020-10-07 14:03:06","LIQUSR03","LIQUSR03","GLB  ","ACCR ","N","BOTH ","Y","Y","N","0REF4EYL ","1","0REF4EYL  ","Y","Y","CG852","0","EUOPS","Y","0","0","15","GCP  ","","2020-05-27 00:00:00","BG_COL         ","","EUR","     ","SIL  ","SIL  ","","","AGENT","","2020-05-27 00:00:00","","","2020-05-27 00:00:00","","","","","","Y","N","N","","","","Y","N","N","0","0","N","IPFLERN   ","O         ","","","N","N","N","LAST ","0","N","N","N","Y","N","","NL   ","NONE ","","","","N","N","N","N","Y","N","N","Y","Y","Y","","","ProRataShare    ","","0","N","N","","33a28e153e033dc2a18ea44"
"@EEFGXO8","AMS_DEAL5_SOLE_LENDER_UNTICKED          ","AMS_SLENDER_UNTICKED                    ","1000465     ","100000000","Y","N","N","N","N","        ","N","CBA  ","2020-08-25 11:57:45","2020-08-25 16:41:18","SMANZANO","MANZANOS","GLB  ","ACCR ","N","BOTH ","Y","Y","N","@EEFGXO8 ","1","@EEFGXO8  ","Y","N","CG852","0","EUOPS","Y","0","0","15","GCP  ","","","BG_COL         ","","EUR","     ","SIL  ","SIL  ","","","AGENT","","2020-05-27 00:00:00","","","2020-05-27 00:00:00","","","","","","Y","N","N","","","","Y","N","N","0","0","N","IPFLERN   ","O         ","","","N","N","N","LAST ","0","N","N","N","Y","N","","NL   ","NONE ","","","","N","N","N","N","Y","N","N","Y","Y","Y","","","ProRataShare    ","","0","N","N","","3432d98ad79fa3be97926f9"
"V8EF4706","5MDEAL                                  ","5MDEAL                                  ","1000433     ","5000000","Y","N","N","N","N","        ","N","CBA  ","2020-08-18 12:11:45","2020-10-15 10:42:15","LIQUSR05","LIQUSR05","GLB  ","ACCR ","N","BOTH ","Y","Y","N","V8EF4706 ","1","V8EF4706  ","Y","N","CG852","0","EUOPS","Y","0","0","15","GCP  ","","","BG_COL         ","","EUR","     ","SIL  ","SIL  ","","","AGENT","","2020-05-27 00:00:00","","","2020-05-27 00:00:00","","","","","","Y","N","N","","","","Y","N","N","0","0","N","IPFLERN   ","O         ","","","N","N","N","LAST ","0","N","N","N","Y","N","","NL   ","NONE ","","","","N","N","N","N","Y","N","N","Y","Y","Y","","","ProRataShare    ","","0","N","N","","339f66f6d68f650bc4996f6"
"3ZEFFD20","WSS_JATEST_IN_DEAL1                     ","WSS_JATEST_IN_DEAL1                     ","1000451     ","100000000","Y","N","N","N","N","        ","N","CBA  ","2020-08-24 14:22:58","2020-08-24 14:53:17","JAQUITAN","JANICEA1","GLB  ","ACCR ","N","BOTH ","Y","Y","N","3ZEFFD20 ","1","3ZEFFD20  ","Y","Y","CG852","0","EUOPS","Y","0","0","15","GCP  ","","","BG_COL         ","","EUR","     ","SIL  ","SIL  ","","","AGENT","","2020-05-27 00:00:00","","","2020-05-27 00:00:00","","","","","","Y","N","N","","","","Y","N","N","0","0","N","IPFLERN   ","O         ","","","N","N","N","LAST ","0","N","N","N","Y","N","","NL   ","NONE ","","","","N","N","N","N","Y","N","N","Y","Y","Y","","","ProRataShare    ","","0","N","N","","341fe41faab4ac1fc792635"
"(7EFGUDN","AMSTER MNLCP DEAL2 5M                   ","AMSTER MNLCP DEAL2 5                    ","1000459     ","5000000","Y","N","N","N","N","        ","N","CBA  ","2020-08-25 10:03:23","2020-08-26 12:11:50","CMARTILL","CMARTILL","GLB  ","ACCR ","N","BOTH ","Y","Y","N","(7EFGUDN ","1","(7EFGUDN  ","Y","Y","CG852","0","EUOPS","Y","0","0","15","GCP  ","","","BG_COL         ","","EUR","     ","SIL  ","SIL  ","","","AGENT","","2019-04-03 00:00:00","","","2019-04-03 00:00:00","","","","","","Y","N","N","","","","Y","N","N","0","0","N","IPFLERN   ","O         ","","","N","N","N","LAST ","0","N","N","N","Y","N","","NL   ","NONE ","","","","N","N","N","N","Y","N","N","Y","Y","Y","","","ProRataShare    ","","0","N","N","","34312e500d79b522c7926c8"
"9ZEF82FK","WSS_JATEST_OUT_DEAL5                    ","WSS_JATEST_OUT_DEAL5                    ","1000441     ","100000000","Y","N","N","N","N","        ","N","CBA  ","2020-08-20 16:37:35","2020-10-13 16:05:44","JAQUITAN","JANICEA1","GLB  ","ACCR ","N","BOTH ","Y","Y","N","9ZEF82FK ","1","9ZEF82FK  ","Y","Y","CG852","0","EUOPS","Y","0","0","15","GCP  ","","","BG_COL         ","","EUR","     ","SIL  ","SIL  ","","","AGENT","","2020-05-27 00:00:00","","","2020-05-27 00:00:00","","","","","","Y","N","N","","","","Y","N","N","0","0","N","IPFLERN   ","O         ","","","N","N","N","LAST ","0","N","N","N","Y","N","","NL   ","NONE ","","","","N","N","N","N","Y","N","N","Y","Y","Y","","","ProRataShare    ","","0","N","N","","33cd7c216839eeb9779221e"
"(7EFGXIA","AMSTER PYMNTS DEAL2                     ","AMSTER PYMNTS DEAL2                     ","1000466     ","2000000","Y","N","N","N","N","        ","N","CBA  ","2020-08-25 12:06:57","2020-09-17 12:26:17","CMARTILL","CMARTILL","GLB  ","ACCR ","N","BOTH ","Y","Y","N","(7EFGXIA ","1","(7EFGXIA  ","Y","Y","CG852","0","EUOPS","Y","0","0","15","GCP  ","","","BG_COL         ","","EUR","     ","SIL  ","SIL  ","","","AGENT","","2020-05-27 00:00:00","","","2020-05-27 00:00:00","","","","","","Y","N","N","","","","Y","N","N","0","0","N","IPFLERN   ","O         ","","","N","N","N","LAST ","0","N","N","N","Y","N","","NL   ","NONE ","","","","N","N","N","N","Y","N","N","Y","Y","Y","","","ProRataShare    ","","0","N","N","","3432fdd4e5d0648fa7926fc"
"@-EFH363","WSS_JATEST_IN_DEAL4                     ","WSS_JATEST_IN_DEAL4                     ","1000473     ","100000000","Y","N","N","N","N","        ","N","CBA  ","2020-08-25 14:02:21","2020-09-11 15:13:00","JAQUITAN","JANICEA1","GLB  ","ACCR ","N","BOTH ","Y","Y","N","@-EFH363 ","1","@-EFH363  ","Y","N","CG852","0","EUOPS","Y","0","0","15","GCP  ","","","BG_COL         ","","EUR","     ","SIL  ","SIL  ","","","CLOSE","","2020-05-27 00:00:00","","","2020-05-27 00:00:00","2020-05-27 00:00:00","JANICEA1","","","","Y","N","N","","","","Y","N","N","0","0","N","IPFLERN   ","O         ","","","N","N","N","LAST ","0","N","N","N","Y","N","","NL   ","NONE ","","","","N","N","N","N","Y","N","N","Y","Y","Y","","","ProRataShare    ","","0","N","N","","3434aec3a0ffa4b70792727"
"C6EFHAQ1","WSS_JATEST_OUT_DEAL6                    ","WSS_JATEST_OUT_DEAL6                    ","1000480     ","100000000","Y","N","N","N","N","        ","N","CBA  ","2020-08-25 16:13:24","2020-09-11 11:30:21","JAQUITAN","JAQUITAN","GLB  ","ACCR ","N","BOTH ","Y","Y","N","C6EFHAQ1 ","1","C6EFHAQ1  ","Y","N","CG852","0","EUOPS","Y","0","0","15","GCP  ","","","BG_COL         ","","EUR","     ","SIL  ","SIL  ","","","CLOSE","","2020-05-27 00:00:00","","","2020-05-27 00:00:00","2020-05-27 00:00:00","JANICEA1","","","","Y","N","N","","","","Y","N","N","0","0","N","IPFLERN   ","O         ","","","N","N","N","LAST ","0","N","N","N","Y","N","","NL   ","NONE ","","","","N","N","N","N","Y","N","N","Y","Y","Y","","","ProRataShare    ","","0","N","N","","34369a388e27674b2792759"
"IREFMCO3","AMS_RPA_DEAL_SOLE_LENDER_UNTICKED       ","AMS_RPA_DEAL                            ","1000576     ","100000000","Y","N","N","N","N","        ","N","CBA  ","2020-08-28 10:24:14","2020-10-08 09:45:15","SMANZANO","LIQUSR02","GLB  ","ACCR ","N","BOTH ","Y","Y","N","IREFMCO3 ","1","IREFMCO3  ","Y","N","CG852","0","EUOPS","Y","0","0","15","GCP  ","","","BG_COL         ","","EUR","     ","SIL  ","SIL  ","","","AGENT","","2020-05-29 00:00:00","","","2020-05-29 00:00:00","","","","","","Y","N","N","","","","Y","N","N","0","0","N","IPFLERN   ","O         ","","","N","N","N","LAST ","0","N","N","N","Y","N","","NL   ","NONE ","","","","N","N","N","N","Y","N","N","Y","Y","Y","","","ProRataShare    ","","0","N","N","","3470bf2a9d311549ee1c1a0"
"#!EFTRNS","AMSTR RPA 1M                            ","AMSTR RPA 1M                            ","1000602     ","0","Y","N","N","Y","N","        ","N","CBA  ","2020-09-01 09:25:09","2020-09-01 09:25:09","CMARTILL","CMARTILL","GLB  ","ACCR ","N","BOTH ","Y","Y","Y","#!EFTRNS ","1","#!EFTRNS  ","Y","N","CG852","0","EUOPS","Y","0","0","15","     ","","","               ","","EUR","     ","SIL  ","SIL  ","","","PEND ","","","","","","","","","","","Y","N","N","","","","Y","N","N","0","0","N","IPFLERN   ","O         ","","","N","N","N","LAST ","0","N","","N","Y","N","","NL   ","NONE ","","","","N","","N","N","Y","N","N","Y","Y","Y","","","ProRataShare    ","","0","N","N","","34c4473b8ca6cfce7e1c3c8"
"#!EFTROA","AMSTER RPA 1M CM                        ","AMSTER RPA 1M CM                        ","1000603     ","1000000","Y","N","N","N","N","        ","N","CBA  ","2020-09-01 09:27:06","2020-10-13 15:01:56","CMARTILL","SMANZANO","GLB  ","ACCR ","N","BOTH ","Y","Y","N","#!EFTROA ","1","#!EFTROA  ","Y","N","CG852","0","EUOPS","Y","0","0","15","GCP  ","","","BG_COL         ","","EUR","     ","SIL  ","SIL  ","","","AGENT","","2020-05-29 00:00:00","","","2020-05-29 00:00:00","","","","","","Y","N","N","","","","Y","N","N","0","0","N","IPFLERN   ","O         ","","","N","N","N","LAST ","0","N","N","N","Y","N","","NL   ","NONE ","","","","N","N","N","N","Y","N","N","Y","Y","Y","","","ProRataShare    ","","0","N","N","","34c44e49fc0a283f3e1c3cb"
"+TEHQI5Y","CBAEU_08102020122400NGT                 ","CE_08102020122403WJN                    ","1001012     ","0","Y","N","N","Y","N","        ","N","CBA  ","2020-10-08 12:33:20","2020-10-08 12:33:20","ARFELI01","ARFELI01","GLB  ","ACCR ","N","BOTH ","Y","Y","Y","+TEHQI5Y ","1","+TEHQI5Y  ","Y","N","CG852","0","EUOPS","Y","0","0","15","     ","","","               ","","EUR","     ","SIL  ","SIL  ","","","PEND ","","","","","","","","","","","Y","N","N","","","","Y","N","N","0","0","N","IPFLERN   ","O         ","","","N","N","N","LAST ","0","N","","N","Y","N","","NL   ","NONE ","","","","N","","N","N","Y","N","N","Y","Y","Y","","","ProRataShare    ","","0","N","N","","37d3810509ed19881b717d2"
"+TEHQI6F","CBAEU_08102020123003RYC                 ","CE_08102020123007HOQ                    ","1001014     ","0","Y","N","N","Y","N","        ","N","CBA  ","2020-10-08 12:39:33","2020-10-08 12:39:33","ARFELI01","ARFELI01","GLB  ","ACCR ","N","BOTH ","Y","Y","Y","+TEHQI6F ","1","+TEHQI6F  ","Y","N","CG852","0","EUOPS","Y","0","0","15","     ","","","               ","","EUR","     ","SIL  ","SIL  ","","","PEND ","","","","","","","","","","","Y","N","N","","","","Y","N","N","0","0","N","IPFLERN   ","O         ","","","N","N","N","LAST ","0","N","","N","Y","N","","NL   ","NONE ","","","","N","","N","N","Y","N","N","Y","Y","Y","","","ProRataShare    ","","0","N","N","","37d3985a7020aba30b717e8"
"+TEHQI6W","CBAEU_08102020123850KVM                 ","CE_08102020123853CTA                    ","1001015     ","0","Y","N","N","Y","N","        ","N","CBA  ","2020-10-08 12:48:13","2020-10-08 12:49:56","ARFELI01","ARFELI01","GLB  ","ACCR ","N","BOTH ","Y","Y","Y","+TEHQI6W ","1","+TEHQI6W  ","Y","Y","CG852","0","EUOPS","Y","0","0","15","GCP  ","","","               ","","EUR","     ","SIL  ","SIL  ","","","PEND ","","","","","","","","","","","Y","N","N","","","","Y","N","N","0","0","N","IPFLERN   ","O         ","","","N","N","N","LAST ","0","N","","N","Y","N","","NL   ","NONE ","","","","N","","N","N","Y","N","N","Y","Y","Y","","","ProRataShare    ","","0","N","N","","37d3b8dfe5babc436b717ea"
"+TEHQI7N","CBAEU_08102020125415ZWW                 ","CE_08102020125418YNH                    ","1001016     ","10","Y","N","N","N","N","        ","N","CBA  ","2020-10-08 13:03:35","2020-10-08 13:05:55","ARFELI01","ARFELI01","GLB  ","ACCR ","N","BOTH ","Y","Y","Y","+TEHQI7N ","1","+TEHQI7N  ","Y","Y","CG852","0","EUOPS","Y","0","0","15","GCP  ","","2020-07-10 00:00:00","               ","","EUR","     ","SIL  ","SIL  ","","","PEND ","","","","","","","","","","","Y","N","N","","","","Y","N","N","0","0","N","IPFLERN   ","O         ","","","N","N","N","LAST ","0","N","","N","Y","N","","NL   ","NONE ","","","","N","","N","N","Y","N","N","Y","Y","Y","","","ProRataShare    ","","0","N","N","","37d3f272a121141e2b717ef"
"+TEHQI9O","CBAEU_08102020130551LDU                 ","CE_08102020130553XXL                    ","1001017     ","10","Y","N","N","N","N","        ","N","CBA  ","2020-10-08 13:15:07","2020-10-08 13:19:44","ARFELI01","ARFELI01","GLB  ","ACCR ","N","BOTH ","Y","Y","N","+TEHQI9O ","1","+TEHQI9O  ","Y","Y","CG852","0","EUOPS","Y","0","0","15","GCP  ","","2020-07-10 00:00:00","BP_CML         ","","EUR","     ","SIL  ","SIL  ","","","PEND ","","","","","","","","","","","Y","N","N","","","","Y","N","N","0","0","N","IPFLERN   ","O         ","","","N","N","N","LAST ","0","N","","N","Y","N","","NL   ","NONE ","","","","N","","N","N","Y","N","N","Y","Y","Y","","","ProRataShare    ","","0","N","N","","37d41db5643f94ef2b717f0"
"+TEHQIIH","CBAEU_08102020132201QBE                 ","CE_08102020132204PQP                    ","1001018     ","100","Y","N","N","N","N","        ","N","CBA  ","2020-10-08 13:31:24","2020-10-08 13:37:32","ARFELI01","ARFELI01","GLB  ","ACCR ","N","BOTH ","Y","Y","N","+TEHQIIH ","1","+TEHQIIH  ","Y","Y","CG852","0","EUOPS","Y","0","0","15","GCP  ","","2020-07-10 00:00:00","BP_CML         ","","EUR","     ","SIL  ","SIL  ","","","PEND ","","","","","","","","","","","Y","N","N","","","","Y","N","N","0","0","N","IPFLERN   ","O         ","","","N","N","N","LAST ","0","N","","N","Y","N","","NL   ","NONE ","","","","N","","N","N","Y","N","N","Y","Y","Y","","","ProRataShare    ","","0","N","N","","37d45ac284de39ae6b717f1"
"AREHQR3F","CBAEU_08102020151354MZX                 ","CE_08102020151358GBC                    ","1001019     ","100","Y","N","N","N","N","        ","N","CBA  ","2020-10-08 15:23:44","2020-10-08 15:40:29","ARFELI01","ARFELI01","GLB  ","ACCR ","N","BOTH ","Y","Y","N","AREHQR3F ","1","AREHQR3F  ","Y","Y","CG852","0","EUOPS","Y","0","0","15","GCP  ","","2020-07-10 00:00:00","BP_CML         ","","EUR","     ","SIL  ","SIL  ","","","PEND ","","","","","","","","","","","Y","N","N","","","","Y","N","N","0","0","N","IPFLERN   ","O         ","","","N","N","N","LAST ","0","N","","N","Y","N","","NL   ","NONE ","","","","N","","N","N","Y","N","N","Y","Y","Y","","","ProRataShare    ","","0","N","N","","37d5ffe41616c89ddb71821"
"AREHQR5W","CBAEU_08102020155053EHM                 ","CE_08102020155056FOD                    ","1001021     ","100","Y","N","N","N","N","        ","N","CBA  ","2020-10-08 16:00:43","2020-10-08 16:10:25","ARFELI01","ARFELI01","GLB  ","ACCR ","N","BOTH ","Y","Y","N","AREHQR5W ","1","AREHQR5W  ","Y","Y","CG852","0","EUOPS","Y","0","0","15","GCP  ","","2020-07-10 00:00:00","BP_CML         ","","EUR","     ","SIL  ","SIL  ","","","PEND ","","","","","","","","","","","Y","N","N","","","","Y","N","N","0","0","N","IPFLERN   ","O         ","","","N","N","N","LAST ","0","N","","N","Y","N","","NL   ","NONE ","","","","N","","N","N","Y","N","N","Y","Y","Y","","","ProRataShare    ","","0","N","N","","37d68aa5e045d3781b7183c"
"#XEHOQ6X","RPA 100M DEAL                           ","RPA 100M DEAL                           ","1000989     ","100000000","Y","N","N","N","N","        ","N","CBA  ","2020-10-07 11:21:58","2020-10-07 11:51:13","LIQSVR04","LIQSVR05","GLB  ","ACCR ","N","BOTH ","Y","Y","N","#XEHOQ6X ","1","#XEHOQ6X  ","Y","N","CG852","0","EUOPS","Y","0","0","15","GCP  ","","","BG_COL         ","","EUR","     ","SIL  ","SIL  ","","","AGENT","","2020-07-09 00:00:00","","","2020-07-09 00:00:00","","","","","","Y","N","N","","","","Y","N","N","0","0","N","IPFLERN   ","O         ","","","N","N","N","LAST ","0","N","N","N","Y","N","","NL   ","NONE ","","","","N","N","N","N","Y","N","N","Y","Y","Y","","","ProRataShare    ","","0","N","N","","37bd5d4ba0b3e0d92b7161b"
"+OEH9ZC4","WSS_JATEST_RPA_DEAL_SOLE_LENDER_UNTICKED","WSS_JATEST_RPA_DEAL_                    ","1000904     ","100000000","Y","N","N","N","N","        ","N","CBA  ","2020-09-29 14:20:02","2020-09-29 14:29:06","JAQUITAN","JANICEA1","GLB  ","ACCR ","N","BOTH ","Y","Y","N","+OEH9ZC4 ","1","+OEH9ZC4  ","Y","N","CG852","0","EUOPS","Y","0","0","15","GCP  ","","","BG_COL         ","","EUR","     ","SIL  ","SIL  ","","","AGENT","","2020-07-08 00:00:00","","","2020-07-08 00:00:00","","","","","","Y","N","N","","","","Y","N","N","0","0","N","IPFLERN   ","O         ","","","N","N","N","LAST ","0","N","N","N","Y","N","","NL   ","NONE ","","","","N","N","N","N","Y","N","N","Y","Y","Y","","","ProRataShare    ","","0","N","N","","371739079f0b7e696466951"
"G5EHQFJW","CBAEU_08102020110227SWA                 ","CE_08102020110230VQU                    ","1001005     ","0","Y","N","N","Y","N","        ","N","CBA  ","2020-10-08 11:12:11","2020-10-08 11:12:11","ARFELI01","ARFELI01","GLB  ","ACCR ","N","BOTH ","Y","Y","Y","G5EHQFJW ","1","G5EHQFJW  ","Y","N","CG852","0","EUOPS","Y","0","0","15","     ","","","               ","","EUR","     ","SIL  ","SIL  ","","","PEND ","","","","","","","","","","","Y","N","N","","","","Y","N","N","0","0","N","IPFLERN   ","O         ","","","N","N","N","LAST ","0","N","","N","Y","N","","NL   ","NONE ","","","","N","","N","N","Y","N","N","Y","Y","Y","","","ProRataShare    ","","0","N","N","","37d250815f9b21a71b71761"
"G5EHQFKC","CBAEU_08102020111503TNP                 ","CE_08102020111507ROT                    ","1001007     ","0","Y","N","N","Y","N","        ","N","CBA  ","2020-10-08 11:24:53","2020-10-08 11:30:14","ARFELI01","ARFELI01","GLB  ","ACCR ","N","BOTH ","Y","Y","Y","G5EHQFKC ","1","G5EHQFKC  ","Y","N","CG852","0","EUOPS","Y","0","0","15","     ","","","               ","","EUR","     ","SIL  ","SIL  ","","","PEND ","","","","","","","","","","","Y","N","N","","","","Y","N","N","0","0","N","IPFLERN   ","O         ","","","N","N","N","LAST ","0","N","","N","Y","N","","NL   ","NONE ","","","","N","","N","N","Y","N","N","Y","Y","Y","","","ProRataShare    ","","0","N","N","","37d2805d53d85de90b71784"
"+TEHQI55","CBAEU_08102020120432VQU                 ","CE_08102020120434TTY                    ","1001010     ","0","Y","N","N","Y","N","        ","N","CBA  ","2020-10-08 12:14:01","2020-10-08 12:14:01","ARFELI01","ARFELI01","GLB  ","ACCR ","N","BOTH ","Y","Y","Y","+TEHQI55 ","1","+TEHQI55  ","Y","N","CG852","0","EUOPS","Y","0","0","15","     ","","","               ","","EUR","     ","SIL  ","SIL  ","","","PEND ","","","","","","","","","","","Y","N","N","","","","Y","N","N","0","0","N","IPFLERN   ","O         ","","","N","N","N","LAST ","0","N","","N","Y","N","","NL   ","NONE ","","","","N","","N","N","Y","N","N","Y","Y","Y","","","ProRataShare    ","","0","N","N","","37d3388eb053dc6d5b717ce"
"+TEHQI5K","CBAEU_08102020121731JHP                 ","CE_08102020121735EGJ                    ","1001011     ","0","Y","N","N","Y","N","        ","N","CBA  ","2020-10-08 12:27:02","2020-10-08 12:27:02","ARFELI01","ARFELI01","GLB  ","ACCR ","N","BOTH ","Y","Y","Y","+TEHQI5K ","1","+TEHQI5K  ","Y","N","CG852","0","EUOPS","Y","0","0","15","     ","","","               ","","EUR","     ","SIL  ","SIL  ","","","PEND ","","","","","","","","","","","Y","N","N","","","","Y","N","N","0","0","N","IPFLERN   ","O         ","","","N","N","N","LAST ","0","N","","N","Y","N","","NL   ","NONE ","","","","N","","N","N","Y","N","N","Y","Y","Y","","","ProRataShare    ","","0","N","N","","37d36966ed55967aab717d1"
"XGEI24BO","CBANLD_14102020185442MBE                ","CBA14102020185446XGM                    ","1001131     ","300000000","Y","N","N","N","N","        ","N","CBA  ","2020-10-14 19:05:44","2020-10-14 19:23:22","CESSINP1","CESSINP1","GLB  ","ACCR ","N","BOTH ","Y","Y","N","XGEI24BO ","1","XGEI24BO  ","Y","N","CG852","0","EUOPS","Y","0","0","15","GCP  ","","2021-03-05 00:00:00","BG_COL         ","","EUR","     ","SIL  ","SIL  ","","","PEND ","","","","","","","","","","","Y","N","N","","","","Y","N","N","0","0","N","IPFLERN   ","O         ","","","N","N","N","LAST ","0","N","","N","Y","N","","NL   ","NONE ","","","","N","","N","N","Y","N","N","Y","Y","Y","","","ProRataShare    ","","0","N","N","","3857cf490517a46c6f9eeaa"
"I1EI277T","CBANLD_14102020201046TYU                ","CBA14102020201048ABP                    ","1001133     ","300000000","Y","N","N","N","N","        ","N","CBA  ","2020-10-14 20:21:08","2020-10-14 21:31:30","CESSINP1","CESSINP1","GLB  ","ACCR ","N","BOTH ","Y","Y","N","I1EI277T ","1","I1EI277T  ","Y","N","CG852","0","EUOPS","Y","0","0","15","GCP  ","","2021-03-05 00:00:00","BG_COL         ","","EUR","     ","SIL  ","SIL  ","","","PEND ","","","","","","","","","","","Y","N","N","","","","Y","N","N","0","0","N","IPFLERN   ","O         ","","","N","N","N","LAST ","0","N","","N","Y","N","","NL   ","NONE ","","","","N","","N","N","Y","N","N","Y","Y","Y","","","ProRataShare    ","","0","N","N","","3858e9c759e522656f9eee2"
"$QEI1OJW","WSS SAMPLE NON HB SYNDICATED DEAL AUD 1B","WSSNHBSYNDAUD1B                         ","1001119     ","1000000000","Y","N","N","N","N","        ","N","CBA  ","2020-10-14 13:02:12","2020-10-15 11:15:43","LIQUSR03","LIQUSR03","GLB  ","ACCR ","N","BOTH ","Y","Y","N","$QEI1OJW ","1","$QEI1OJW  ","Y","N","CG852","0","EUOPS","Y","0","0","15","GCP  ","","","BG_COL         ","","AUD","     ","SIL  ","SIL  ","","","CLOSE","","2021-03-03 00:00:00","","","2021-03-03 00:00:00","2021-03-03 00:00:00","LIQAPCP3","","","","Y","N","N","","","","Y","N","N","0","0","N","IPFLERN   ","O         ","","","N","N","N","LAST ","0","N","N","N","Y","N","","NL   ","NONE ","","","","N","N","N","N","Y","N","N","Y","Y","Y","","","ProRataShare    ","","0","N","N","","38527d46a8726a659f9ee29"
"$VEI1OYA","CBANLD_14102020130613NFW                ","CBA14102020130615EMD                    ","1001120     ","300000000","Y","N","N","N","N","        ","N","CBA  ","2020-10-14 13:17:19","2020-10-14 13:34:04","CESSINP1","CESSINP1","GLB  ","ACCR ","N","BOTH ","Y","Y","N","$VEI1OYA ","1","$VEI1OYA  ","Y","N","CG852","0","EUOPS","Y","0","0","15","GCP  ","","2021-03-03 00:00:00","BG_COL         ","","EUR","     ","SIL  ","SIL  ","","","PEND ","","","","","","","","","","","Y","N","N","","","","Y","N","N","0","0","N","IPFLERN   ","O         ","","","N","N","N","LAST ","0","N","","N","Y","N","","NL   ","NONE ","","","","N","","N","N","Y","N","N","Y","Y","Y","","","ProRataShare    ","","0","N","N","","3852b362b0a524aa6f9ee35"
"#+EI35Q6","SYNDICATED_DEAL_USD                     ","SYNDICATED_DEAL_USD                     ","1001143     ","10000000","Y","N","N","N","N","        ","N","CBA  ","2020-10-15 08:34:34","2020-10-15 09:32:20","SMANZANO","MANZANOS","GLB  ","ACCR ","N","BOTH ","Y","Y","N","#+EI35Q6 ","1","#+EI35Q6  ","Y","N","CG852","0","EUOPS","Y","0","0","15","GCP  ","","","BG_COL         ","","USD","     ","SIL  ","SIL  ","","","CLOSE","","2021-03-05 00:00:00","","","2021-03-05 00:00:00","2021-03-05 00:00:00","MANZANOS","","","","Y","N","N","","","","Y","N","N","0","0","N","IPFLERN   ","O         ","","","N","N","N","LAST ","0","N","N","N","Y","N","","NL   ","NONE ","","","","N","N","N","N","Y","N","N","Y","Y","Y","","","ProRataShare    ","","0","N","N","","3863a91a178708c33f9ef27"
":YEI3DT4","CBANLD_15102020111737CLX                ","CBA15102020111741CEE                    ","1001145     ","300000000","Y","N","N","N","N","        ","N","CBA  ","2020-10-15 11:28:07","2020-10-15 11:50:08","CESSINP1","CESSINP1","GLB  ","ACCR ","N","BOTH ","Y","Y","N",":YEI3DT4 ","1",":YEI3DT4  ","Y","N","CG852","0","EUOPS","Y","0","0","15","GCP  ","","2021-03-08 00:00:00","BG_COL         ","","EUR","     ","SIL  ","SIL  ","","","PEND ","","","","","","","","","","","Y","N","N","","","","Y","N","N","0","0","N","IPFLERN   ","O         ","","","N","N","N","LAST ","0","N","","N","Y","N","","NL   ","NONE ","","","","N","","N","N","Y","N","N","Y","Y","Y","","","ProRataShare    ","","0","N","N","","3866332ec6bb222eff9ef49"
"4GEHSB63","CBAEU_09102020122656AUT                 ","CE_09102020122701IYN                    ","1001044     ","100","Y","N","N","N","N","        ","N","CBA  ","2020-10-09 12:37:14","2020-10-09 12:44:57","ARFELI01","ARFELI01","GLB  ","ACCR ","N","BOTH ","Y","Y","N","4GEHSB63 ","1","4GEHSB63  ","Y","Y","CG852","0","EUOPS","Y","0","0","15","GCP  ","","2020-07-10 00:00:00","BP_CML         ","","EUR","     ","SIL  ","SIL  ","","","PEND ","","","","","","","","","","","Y","N","N","","","","Y","N","N","0","0","N","IPFLERN   ","O         ","","","N","N","N","LAST ","0","N","","N","Y","N","","NL   ","NONE ","","","","N","","N","N","Y","N","N","Y","Y","Y","","","ProRataShare    ","","0","N","N","","37e8a79d7a6039a56b71927"
"FYEHSEG7","CBAEU_09102020134914IEG                 ","CE_09102020134917PGM                    ","1001048     ","100","Y","N","N","N","N","        ","N","CBA  ","2020-10-09 13:58:58","2020-10-09 14:09:06","ARFELI01","ARFELI01","GLB  ","ACCR ","N","BOTH ","Y","Y","N","FYEHSEG7 ","1","FYEHSEG7  ","Y","Y","CG852","0","EUOPS","Y","0","0","15","GCP  ","","2020-07-13 00:00:00","BP_CML         ","","EUR","     ","SIL  ","SIL  ","","","PEND ","","","","","","","","","","","Y","N","N","","","","Y","N","N","0","0","N","IPFLERN   ","O         ","","","N","N","N","LAST ","0","N","","N","Y","N","","NL   ","NONE ","","","","N","","N","N","Y","N","N","Y","Y","Y","","","ProRataShare    ","","0","N","N","","37e9da00622073595b7194d"
"F*EHSKAE","CBAEU_09102020153627PYE                 ","CE_09102020153630HWK                    ","1001051     ","100","Y","N","N","N","N","        ","N","CBA  ","2020-10-09 15:46:22","2020-10-09 15:57:30","ARFELI01","ARFELI01","GLB  ","ACCR ","N","BOTH ","Y","Y","N","F*EHSKAE ","1","F*EHSKAE  ","Y","Y","CG852","0","EUOPS","Y","0","0","15","GCP  ","","2020-07-13 00:00:00","BP_CML         ","","EUR","     ","SIL  ","SIL  ","","","PEND ","","","","","","","","","","","Y","N","N","","","","Y","N","N","0","0","N","IPFLERN   ","O         ","","","N","N","N","LAST ","0","N","","N","Y","N","","NL   ","NONE ","","","","N","","N","N","Y","N","N","Y","Y","Y","","","ProRataShare    ","","0","N","N","","37eb6cb60101c9fd7b719a8"
"4GEHSAYO","CBAEU_09102020111708ULX                 ","CE_09102020111712FMP                    ","1001038     ","100","Y","N","N","N","N","        ","N","CBA  ","2020-10-09 11:27:29","2020-10-09 11:35:50","ARFELI01","ARFELI01","GLB  ","ACCR ","N","BOTH ","Y","Y","N","4GEHSAYO ","1","4GEHSAYO  ","Y","Y","CG852","0","EUOPS","Y","0","0","15","GCP  ","","2020-07-10 00:00:00","BP_CML         ","","EUR","     ","SIL  ","SIL  ","","","PEND ","","","","","","","","","","","Y","N","N","","","","Y","N","N","0","0","N","IPFLERN   ","O         ","","","N","N","N","LAST ","0","N","","N","Y","N","","NL   ","NONE ","","","","N","","N","N","Y","N","N","Y","Y","Y","","","ProRataShare    ","","0","N","N","","37e7a1fc3d7736004b7190d"
"4GEHSB15","CBAEU_09102020114152XNO                 ","CE_09102020114158QXS                    ","1001039     ","100","Y","N","N","N","N","        ","N","CBA  ","2020-10-09 11:52:30","2020-10-09 12:01:32","ARFELI01","ARFELI01","GLB  ","ACCR ","N","BOTH ","Y","Y","N","4GEHSB15 ","1","4GEHSB15  ","Y","Y","CG852","0","EUOPS","Y","0","0","15","GCP  ","","2020-07-10 00:00:00","BP_CML         ","","EUR","     ","SIL  ","SIL  ","","","PEND ","","","","","","","","","","","Y","N","N","","","","Y","N","N","0","0","N","IPFLERN   ","O         ","","","N","N","N","LAST ","0","N","","N","Y","N","","NL   ","NONE ","","","","N","","N","N","Y","N","N","Y","Y","Y","","","ProRataShare    ","","0","N","N","","37e7ffdf3c101805fb71915"
"4GEHSB3M","CBAEU_09102020120012BLG                 ","CE_09102020120018ZEA                    ","1001041     ","100","Y","N","N","N","N","        ","N","CBA  ","2020-10-09 12:10:56","2020-10-09 12:20:41","ARFELI01","ARFELI01","GLB  ","ACCR ","N","BOTH ","Y","Y","N","4GEHSB3M ","1","4GEHSB3M  ","Y","Y","CG852","0","EUOPS","Y","0","0","15","GCP  ","","2020-07-10 00:00:00","BP_CML         ","","EUR","     ","SIL  ","SIL  ","","","PEND ","","","","","","","","","","","Y","N","N","","","","Y","N","N","0","0","N","IPFLERN   ","O         ","","","N","N","N","LAST ","0","N","","N","Y","N","","NL   ","NONE ","","","","N","","N","N","Y","N","N","Y","Y","Y","","","ProRataShare    ","","0","N","N","","37e844f3ef32af254b7191c"
"9TEHSZ2Y","CBANLDNASYND_09102020200617DJL          ","CBANLDNASYND09102020                    ","1001059     ","0","Y","N","N","N","N","        ","N","CBA  ","2020-10-09 20:17:52","2020-10-09 20:23:57","CESSINP1","CESSINP1","GLB  ","ACCR ","N","BOTH ","Y","Y","Y","9TEHSZ2Y ","1","9TEHSZ2Y  ","Y","N","CG852","0","EUOPS","Y","0","0","15","GCP  ","","","               ","","EUR","     ","SIL  ","SIL  ","","","PEND ","","","","","","","","","","","Y","N","N","","","","Y","N","N","0","0","N","IPFLERN   ","O         ","","","N","N","N","LAST ","0","N","","N","Y","N","","NL   ","NONE ","","","","N","","N","N","Y","N","N","Y","Y","Y","","","ProRataShare    ","","0","N","N","","37ef652ca909e4af6b719d2"
")YEHXS7X","CBANLDNASYND_12102020105318IHF          ","CBANLDNASYND12102020                    ","1001062     ","100000000","Y","N","N","N","N","        ","N","CBA  ","2020-10-12 11:04:56","2020-10-13 16:51:26","CESSINP1","RPTMGR01","GLB  ","ACCR ","N","BOTH ","Y","Y","N",")YEHXS7X ","1",")YEHXS7X  ","Y","N","CG852","0","EUOPS","Y","0","0","15","GCP  ","","","BG_COL         ","","EUR","     ","SIL  ","SIL  ","","","CLOSE","","2021-03-01 00:00:00","","","2021-03-01 00:00:00","2021-03-01 00:00:00","RPTMGR01","","","","Y","N","N","","","","Y","N","N","0","0","N","IPFLERN   ","O         ","","","N","N","N","LAST ","0","N","N","N","Y","N","","NL   ","NONE ","","","","N","N","N","N","Y","N","N","Y","Y","Y","","","ProRataShare    ","","0","N","N","","382693425f11b2e15b719e1"
"ENEHXW2F","CBANLD_12102020125226VXI                ","CBANLD12102020125228                    ","1001065     ","0","Y","N","N","N","N","        ","N","CBA  ","2020-10-12 13:02:50","2020-10-12 13:08:07","CESSINP1","CESSINP1","GLB  ","ACCR ","N","BOTH ","Y","Y","Y","ENEHXW2F ","1","ENEHXW2F  ","Y","N","CG852","0","EUOPS","Y","0","0","15","GCP  ","","","               ","","EUR","     ","SIL  ","SIL  ","","","PEND ","","","","","","","","","","","Y","N","N","","","","Y","N","N","0","0","N","IPFLERN   ","O         ","","","N","N","N","LAST ","0","N","","N","Y","N","","NL   ","NONE ","","","","N","","N","N","Y","N","N","Y","Y","Y","","","ProRataShare    ","","0","N","N","","38284df9d32f8533cb719e6"
"EXEHXWXY","CBANLD_12102020131123ULH                ","CBANLD12102020131126                    ","1001066     ","0","Y","N","N","N","N","        ","N","CBA  ","2020-10-12 13:21:38","2020-10-12 13:26:58","CESSINP1","CESSINP1","GLB  ","ACCR ","N","BOTH ","Y","Y","Y","EXEHXWXY ","1","EXEHXWXY  ","Y","N","CG852","0","EUOPS","Y","0","0","15","GCP  ","","","               ","","EUR","     ","SIL  ","SIL  ","","","PEND ","","","","","","","","","","","Y","N","N","","","","Y","N","N","0","0","N","IPFLERN   ","O         ","","","N","N","N","LAST ","0","N","","N","Y","N","","NL   ","NONE ","","","","N","","N","N","Y","N","N","Y","Y","Y","","","ProRataShare    ","","0","N","N","","38289492ff4e1cd05b719e7"
"EIEHXY7V","CBANLD_12102020133911KJB                ","CBA12102020133913VIG                    ","1001067     ","300","Y","N","N","N","N","        ","N","CBA  ","2020-10-12 13:49:56","2020-10-12 14:02:52","CESSINP1","CESSINP1","GLB  ","ACCR ","N","BOTH ","Y","Y","N","EIEHXY7V ","1","EIEHXY7V  ","Y","N","CG852","0","EUOPS","Y","0","0","15","GCP  ","","2020-07-13 00:00:00","BG_COL         ","","EUR","     ","SIL  ","SIL  ","","","PEND ","","","","","","","","","","","Y","N","N","","","","Y","N","N","0","0","N","IPFLERN   ","O         ","","","N","N","N","LAST ","0","N","","N","Y","N","","NL   ","NONE ","","","","N","","N","N","Y","N","N","Y","Y","Y","","","ProRataShare    ","","0","N","N","","3828fd7d55d13f2bcb719e8"
"E0EHXZOW","CBANLD_12102020141100VGR                ","CBA12102020141103EEQ                    ","1001068     ","30000000000","Y","N","N","N","N","        ","N","CBA  ","2020-10-12 14:21:24","2020-10-12 14:34:27","CESSINP1","CESSINP1","GLB  ","ACCR ","N","BOTH ","Y","Y","N","E0EHXZOW ","1","E0EHXZOW  ","Y","N","CG852","0","EUOPS","Y","0","0","15","GCP  ","","2020-07-13 00:00:00","BG_COL         ","","EUR","     ","SIL  ","SIL  ","","","PEND ","","","","","","","","","","","Y","N","N","","","","Y","N","N","0","0","N","IPFLERN   ","O         ","","","N","N","N","LAST ","0","N","","N","Y","N","","NL   ","NONE ","","","","N","","N","N","Y","N","N","Y","Y","Y","","","ProRataShare    ","","0","N","N","","3829742b802ff4520b719e9"
"TAEHY1D2","CBANLD_12102020144657LTC                ","CBA12102020144704LGW                    ","1001069     ","0","Y","N","N","N","N","        ","N","CBA  ","2020-10-12 14:58:32","2020-10-12 15:05:52","CESSINP1","CESSINP1","GLB  ","ACCR ","N","BOTH ","Y","Y","Y","TAEHY1D2 ","1","TAEHY1D2  ","Y","N","CG852","0","EUOPS","Y","0","0","15","GCP  ","","","               ","","EUR","     ","SIL  ","SIL  ","","","PEND ","","","","","","","","","","","Y","N","N","","","","Y","N","N","0","0","N","IPFLERN   ","O         ","","","N","N","N","LAST ","0","N","","N","Y","N","","NL   ","NONE ","","","","N","","N","N","Y","N","N","Y","Y","Y","","","ProRataShare    ","","0","N","N","","3829ff8a2ef12b3ddb719ea"
"TZEHY290","CBANLD_12102020150615WGD                ","CBA12102020150618QWT                    ","1001070     ","0","Y","N","N","N","N","        ","N","CBA  ","2020-10-12 15:16:37","2020-10-12 15:22:00","CESSINP1","CESSINP1","GLB  ","ACCR ","N","BOTH ","Y","Y","Y","TZEHY290 ","1","TZEHY290  ","Y","N","CG852","0","EUOPS","Y","0","0","15","GCP  ","","","               ","","EUR","     ","SIL  ","SIL  ","","","PEND ","","","","","","","","","","","Y","N","N","","","","Y","N","N","0","0","N","IPFLERN   ","O         ","","","N","N","N","LAST ","0","N","","N","Y","N","","NL   ","NONE ","","","","N","","N","N","Y","N","N","Y","Y","Y","","","ProRataShare    ","","0","N","N","","382a43a63a523c27ab719eb"
".KEHY3KB","RPA INTERNAL 100M EURO12102020150839XBL ","R1_12102020150842QKH                    ","1001071     ","100","Y","N","N","N","N","        ","N","CBA  ","2020-10-12 15:17:30","2020-10-12 15:21:22","DELINP01","DELINP01","GLB  ","ACCR ","N","BOTH ","Y","Y","Y",".KEHY3KB ","1",".KEHY3KB  ","Y","N","CG852","0","EUOPS","Y","0","0","15","GCP  ","","2020-07-13 00:00:00","               ","","EUR","     ","SIL  ","SIL  ","","","PEND ","","","","","","","","","","","Y","N","N","","","","Y","N","N","0","0","N","IPFLERN   ","O         ","","","N","N","N","LAST ","0","N","","N","Y","N","","NL   ","NONE ","","","","N","","N","N","Y","N","N","Y","Y","Y","","","ProRataShare    ","","0","N","N","","382a486a933a4573fb719ec"
"T@EHY3MK","CBANLD_12102020153533QWE                ","CBA12102020153535LNG                    ","1001074     ","300000000","Y","N","N","N","N","        ","N","CBA  ","2020-10-12 15:46:03","2020-10-12 16:29:16","CESSINP1","CESSINP1","GLB  ","ACCR ","N","BOTH ","Y","Y","N","T@EHY3MK ","1","T@EHY3MK  ","Y","N","CG852","0","EUOPS","Y","0","0","15","GCP  ","","2020-07-13 00:00:00","BG_COL         ","","EUR","     ","SIL  ","SIL  ","","","PEND ","","","","","","","","","","","Y","N","N","","","","Y","N","N","0","0","N","IPFLERN   ","O         ","","","N","N","N","LAST ","0","N","N","N","Y","N","","NL   ","NONE ","","","","N","N","N","N","Y","N","N","Y","Y","Y","","","ProRataShare    ","","0","N","N","","382ab1a8924fe1464b719ef"
"@EEI01UV","TESTDEAL_AGNCY_AUD                      ","TESTDEAL_AGNCY_AUD                      ","1001092     ","10000000","Y","N","N","N","N","        ","N","CBA  ","2020-10-13 14:04:50","2020-10-13 14:53:53","LIQUSR05","LIQSVR05","GLB  ","ACCR ","N","BOTH ","Y","Y","N","@EEI01UV ","1","@EEI01UV  ","Y","N","CG852","0","EUOPS","Y","0","0","15","GCP  ","","","BG_COL         ","","AUD","     ","SIL  ","SIL  ","","","AGENT","","2021-03-01 00:00:00","","","2021-03-01 00:00:00","","","","","","Y","N","N","","","","Y","N","N","0","0","N","IPFLERN   ","O         ","","","N","N","N","LAST ","0","N","N","N","Y","N","","NL   ","NONE ","","","","N","N","N","N","Y","N","N","Y","Y","Y","","","ProRataShare    ","","0","N","N","","383e4fdeaec566ab967d496"
"42EHS9YE","TEST DEAL MANUAL CP 3                   ","TEST DEAL MANUAL CP                     ","1001037     ","1000000000","Y","N","N","N","N","        ","N","CBA  ","2020-10-09 11:04:23","2020-10-09 13:20:59","LIQUSR03","LIQAPCP3","GLB  ","ACCR ","N","BOTH ","Y","Y","N","42EHS9YE ","1","42EHS9YE  ","Y","Y","CG852","0","EUOPS","Y","0","0","15","GCP  ","","2020-07-10 00:00:00","BG_COL         ","","EUR","     ","SIL  ","SIL  ","","","AGENT","","2020-07-10 00:00:00","","","2020-07-10 00:00:00","","","","","","Y","N","N","","","","Y","N","N","0","0","N","IPFLERN   ","O         ","","","N","N","N","LAST ","0","N","N","N","Y","N","","NL   ","NONE ","","","","N","N","N","N","Y","N","N","Y","Y","Y","","","ProRataShare    ","","0","N","N","","37e74b643f11afc47b71906"
"F$EHSHQV","CBAEU_09102020143554NVD                 ","CE_09102020143557KEO                    ","1001049     ","100","Y","N","N","N","N","        ","N","CBA  ","2020-10-09 14:45:39","2020-10-09 14:56:39","ARFELI01","ARFELI01","GLB  ","ACCR ","N","BOTH ","Y","Y","N","F$EHSHQV ","1","F$EHSHQV  ","Y","Y","CG852","0","EUOPS","Y","0","0","15","GCP  ","","2020-07-13 00:00:00","BP_CML         ","","EUR","     ","SIL  ","SIL  ","","","PEND ","","","","","","","","","","","Y","N","N","","","","Y","N","N","0","0","N","IPFLERN   ","O         ","","","N","N","N","LAST ","0","N","","N","Y","N","","NL   ","NONE ","","","","N","","N","N","Y","N","N","Y","Y","Y","","","ProRataShare    ","","0","N","N","","37ea891e6196559d5b71957"
".XEHY4LC","WSS SAMPLE SYNDICATED DEAL AUD 1B       ","WSSSYNDAUD1B                            ","1001073     ","1000000000","Y","N","N","N","N","        ","N","CBA  ","2020-10-12 15:24:50","2020-10-12 15:44:02","LIQUSR03","LIQAPCP3","GLB  ","ACCR ","N","BOTH ","Y","Y","N",".XEHY4LC ","1",".XEHY4LC  ","Y","N","CG852","0","EUOPS","Y","0","0","15","GCP  ","","","BG_COL         ","","AUD","     ","SIL  ","SIL  ","","","AGENT","","2020-07-13 00:00:00","","","2020-07-13 00:00:00","","","","","","Y","N","N","","","","Y","N","N","0","0","N","IPFLERN   ","O         ","","","N","N","N","LAST ","0","N","N","N","Y","N","","NL   ","NONE ","","","","N","N","N","N","Y","N","N","Y","Y","Y","","","ProRataShare    ","","0","N","N","","382a641670edc5920b719ed"
"D3EI1MRL","SYNDICATED_NOK_OTHER_AGENT              ","SYNDICATED_NOK_OTHER                    ","1001121     ","20000000","Y","N","N","N","N","        ","N","CBA  ","2020-10-14 13:37:12","2020-10-23 18:09:41","JAQUITAN","MANZANOS","GLB  ","ACCR ","N","BOTH ","Y","Y","N","D3EI1MRL ","1","D3EI1MRL  ","Y","N","CG852","0","EUOPS","Y","0","0","15","GCP  ","","","BG_COL         ","","NOK","     ","SIL  ","SIL  ","","","CLOSE","","2021-03-03 00:00:00","","","2021-03-10 00:00:00","2021-03-10 00:00:00","JANICEA1","","","","Y","N","N","","","","Y","N","N","0","0","N","IPFLERN   ","O         ","","","N","N","N","LAST ","0","N","N","N","Y","N","","AU   ","NONE ","","","","N","N","N","N","Y","N","N","Y","Y","Y","","","ProRataShare    ","","0","N","N","","38530071d16f2dd89f9ee3d"
"I1EI2752","CBANLD_14102020194016DAX                ","CBA14102020194019FLW                    ","1001132     ","300000000","Y","N","N","N","N","        ","N","CBA  ","2020-10-14 19:50:51","2020-10-14 20:07:02","CESSINP1","CESSINP1","GLB  ","ACCR ","N","BOTH ","Y","Y","N","I1EI2752 ","1","I1EI2752  ","Y","N","CG852","0","EUOPS","Y","0","0","15","GCP  ","","2021-03-05 00:00:00","BG_COL         ","","EUR","     ","SIL  ","SIL  ","","","PEND ","","","","","","","","","","","Y","N","N","","","","Y","N","N","0","0","N","IPFLERN   ","O         ","","","N","N","N","LAST ","0","N","","N","Y","N","","NL   ","NONE ","","","","N","","N","N","Y","N","N","Y","Y","Y","","","ProRataShare    ","","0","N","N","","385877ea791426998f9eecd"
":6EI3GEF","WSS SAMPLE NON HB SYNDICATED DEAL AUD 2M","WSSNHBSYNDAUD2M                         ","1001147     ","2000000","Y","N","N","N","N","        ","N","CBA  ","2020-10-15 11:53:38","2020-10-15 12:20:25","LIQUSR03","LIQAPCP3","GLB  ","ACCR ","N","BOTH ","Y","Y","N",":6EI3GEF ","1",":6EI3GEF  ","Y","N","CG852","0","EUOPS","Y","0","0","15","GCP  ","","","BG_COL         ","","AUD","     ","SIL  ","SIL  ","","","CLOSE","","2021-03-08 00:00:00","","","2021-03-08 00:00:00","2021-03-08 00:00:00","LIQAPCP3","","","","Y","N","N","","","","Y","N","N","0","0","N","IPFLERN   ","O         ","","","N","N","N","LAST ","0","N","N","N","Y","N","","NL   ","NONE ","","","","N","N","N","N","Y","N","N","Y","Y","Y","","","ProRataShare    ","","0","N","N","","386694155080b674af9ef53"
":YEI3DWN","CBANLD_15102020115754PQJ                ","CBA15102020115759XZS                    ","1001149     ","300000000","Y","N","N","N","N","        ","N","CBA  ","2020-10-15 12:08:34","2020-10-15 12:27:48","CESSINP1","CESSINP1","GLB  ","ACCR ","N","BOTH ","Y","Y","N",":YEI3DWN ","1",":YEI3DWN  ","Y","N","CG852","0","EUOPS","Y","0","0","15","GCP  ","","2021-03-08 00:00:00","BG_COL         ","","EUR","     ","SIL  ","SIL  ","","","PEND ","","","","","","","","","","","Y","N","N","","","","Y","N","N","0","0","N","IPFLERN   ","O         ","","","N","N","N","LAST ","0","N","","N","Y","N","","NL   ","NONE ","","","","N","","N","N","Y","N","N","Y","Y","Y","","","ProRataShare    ","","0","N","N","","3866cb94bcf227f47f9ef62"
":YEI3F1E","CBANLD_15102020123523NBL                ","CBA15102020123525HWM                    ","1001150     ","300000000","Y","N","N","N","N","        ","N","CBA  ","2020-10-15 12:44:51","2020-10-15 13:00:59","CESSINP1","CESSINP1","GLB  ","ACCR ","N","BOTH ","Y","Y","N",":YEI3F1E ","1",":YEI3F1E  ","Y","N","CG852","0","EUOPS","Y","0","0","15","GCP  ","","2021-03-08 00:00:00","BG_COL         ","","EUR","     ","SIL  ","SIL  ","","","PEND ","","","","","","","","","","","Y","N","N","","","","Y","N","N","0","0","N","IPFLERN   ","O         ","","","N","N","N","LAST ","0","N","","N","Y","N","","NL   ","NONE ","","","","N","","N","N","Y","N","N","Y","Y","Y","","","ProRataShare    ","","0","N","N","","3867540e27d62526ff9ef70"
":YEI3G9Q","CBANLD_15102020130158YDJ                ","CBA15102020130201VCK                    ","1001152     ","300000000","Y","N","N","N","N","        ","N","CBA  ","2020-10-15 13:11:28","2020-10-15 13:27:52","CESSINP1","CESSINP1","GLB  ","ACCR ","N","BOTH ","Y","Y","N",":YEI3G9Q ","1",":YEI3G9Q  ","Y","N","CG852","0","EUOPS","Y","0","0","15","GCP  ","","2021-03-08 00:00:00","BG_COL         ","","EUR","     ","SIL  ","SIL  ","","","PEND ","","","","","","","","","","","Y","N","N","","","","Y","N","N","0","0","N","IPFLERN   ","O         ","","","N","N","N","LAST ","0","N","","N","Y","N","","NL   ","NONE ","","","","N","","N","N","Y","N","N","Y","Y","Y","","","ProRataShare    ","","0","N","N","","3867b7ca4da56addcf9ef85"
":YEI3LNB","CBANLD_15102020145810PHG                ","CBA15102020145812ARG                    ","1001155     ","300000000","Y","N","N","N","N","        ","N","CBA  ","2020-10-15 15:07:38","2020-10-15 15:26:54","CESSINP1","CESSINP1","GLB  ","ACCR ","N","BOTH ","Y","Y","N",":YEI3LNB ","1",":YEI3LNB  ","Y","N","CG852","0","EUOPS","Y","0","0","15","GCP  ","","2021-03-08 00:00:00","BG_COL         ","","EUR","     ","SIL  ","SIL  ","","","PEND ","","","","","","","","","","","Y","N","N","","","","Y","N","N","0","0","N","IPFLERN   ","O         ","","","N","N","N","LAST ","0","N","","N","Y","N","","NL   ","NONE ","","","","N","","N","N","Y","N","N","Y","Y","Y","","","ProRataShare    ","","0","N","N","","38696b6de03f972eff9efbf"
")=EIATZI","CBAEU_19102020121057ZRT                 ","CE_19102020121100YVE                    ","1001204     ","100000","Y","N","N","N","N","        ","N","CBA  ","2020-10-19 12:21:10","2020-10-19 12:55:34","ARFELI01","ARFELM01","GLB  ","ACCR ","N","BOTH ","Y","Y","N",")=EIATZI ","1",")=EIATZI  ","Y","Y","CG852","0","EUOPS","Y","0","0","15","GCP  ","","2021-03-08 00:00:00","BP_CML         ","","EUR","     ","SIL  ","SIL  ","","","AGENT","","2021-03-08 00:00:00","","","2021-03-08 00:00:00","","","","","","Y","N","N","","","","Y","N","N","0","0","N","IPFLERN   ","O         ","","","N","N","N","LAST ","0","N","N","N","Y","N","","NL   ","NONE ","","","","N","N","N","N","Y","N","N","Y","Y","Y","","","ProRataShare    ","","0","N","N","","38bb5b2924f3f90d0f9f08a"
")XEIRVR5","S6MR_28102020163354                     ","S628102020163355                        ","1001237     ","100000000","Y","N","N","N","N","        ","N","CBA  ","2020-10-28 16:37:12","2020-10-28 16:45:38","TESTINP ","TESTINP ","GLB  ","ACCR ","N","BOTH ","Y","Y","N",")XEIRVR5 ","1",")XEIRVR5  ","Y","Y","CG852","0","EUOPS","Y","0","0","15","GCP  ","","2017-03-16 00:00:00","BG_COL         ","","AUD","     ","SIL  ","SIL  ","","","PEND ","","","","","","","","","","","Y","N","N","","","","Y","N","N","0","0","N","IPFLERN   ","O         ","","","N","N","N","LAST ","0","N","","N","Y","N","","NL   ","NONE ","","","","N","","N","N","Y","N","N","Y","Y","Y","","","ProRataShare    ","","0","N","N","","397cf36fdf3a71587686a49"
")XEIRVS4","S6MR_28102020164620                     ","S628102020164620                        ","1001238     ","200000000","Y","N","N","N","N","        ","N","CBA  ","2020-10-28 16:49:28","2020-10-29 15:32:41","TESTINP ","TESTINP ","GLB  ","ACCR ","N","BOTH ","Y","Y","N",")XEIRVS4 ","1",")XEIRVS4  ","Y","Y","CG852","0","EUOPS","Y","0","0","15","GCP  ","","2017-03-16 00:00:00","BG_COL         ","","AUD","     ","SIL  ","SIL  ","","","AGENT","","2021-08-12 00:00:00","","","2021-08-12 00:00:00","","","","","","Y","N","N","","","","Y","N","N","0","0","N","IPFLERN   ","O         ","","","N","N","N","LAST ","0","N","N","N","Y","N","","NL   ","NONE ","","","","N","N","N","N","Y","N","N","Y","Y","Y","","","ProRataShare    ","","0","N","N","","397d218cdb8c5d29f686a4a"
"!OEI5XYB","RPA INTERNAL 100M EURO16102020200157AOB ","R1_16102020200159UBC                    ","1001183     ","100000000","Y","N","N","N","N","        ","N","CBA  ","2020-10-16 20:11:17","2020-10-19 08:29:56","DELINP01","INPDEL01","GLB  ","ACCR ","N","BOTH ","Y","Y","N","!OEI5XYB ","1","!OEI5XYB  ","Y","N","CG852","0","EUOPS","Y","0","0","15","GCP  ","","2021-03-08 00:00:00","IT_SAF         ","","EUR","     ","SIL  ","SIL  ","","","PEND ","","","","","","","","","","","Y","N","N","","","","Y","N","N","0","0","N","IPFLERN   ","O         ","","","N","N","N","LAST ","0","N","N","N","Y","N","","NL   ","NONE ","","","","N","N","N","N","Y","N","N","Y","Y","Y","","","ProRataShare    ","","0","N","N","","3882f622d017b576ff9f03f"
")UEIAL9R","RPA INTERNAL 100M EURO19102020082909MDQ ","R1_19102020082913SKM                    ","1001198     ","100000000","Y","N","N","N","N","        ","N","CBA  ","2020-10-19 08:39:06","2020-10-19 08:48:56","INPDEL01","INPDEL01","GLB  ","ACCR ","N","BOTH ","Y","Y","N",")UEIAL9R ","1",")UEIAL9R  ","Y","N","CG852","0","EUOPS","Y","0","0","15","GCP  ","","2021-04-19 00:00:00","IT_SAF         ","","EUR","     ","SIL  ","SIL  ","","","PEND ","","","","","","","","","","","Y","N","N","","","","Y","N","N","0","0","N","IPFLERN   ","O         ","","","N","N","N","LAST ","0","N","","N","Y","N","","NL   ","NONE ","","","","N","","N","N","Y","N","N","Y","Y","Y","","","ProRataShare    ","","0","N","N","","38b81a38a68aac202f9f07d"
")9EIAMDP","RPA INTERNAL 100M EURO19102020085027JWF ","R1_19102020085030CIS                    ","1001199     ","100000000","Y","N","N","N","N","        ","N","CBA  ","2020-10-19 09:00:33","2020-10-19 10:10:22","DELINP01","DELINP01","GLB  ","ACCR ","N","BOTH ","Y","Y","N",")9EIAMDP ","1",")9EIAMDP  ","Y","N","CG852","0","EUOPS","Y","0","0","15","GCP  ","","2021-03-08 00:00:00","IT_SAF         ","","EUR","     ","SIL  ","SIL  ","","","PEND ","","","","","","","","","","","Y","N","N","","","","Y","N","N","0","0","N","IPFLERN   ","O         ","","","N","N","N","LAST ","0","N","N","N","Y","N","","NL   ","NONE ","","","","N","N","N","N","Y","N","N","Y","Y","Y","","","ProRataShare    ","","0","N","N","","38b86adde2092d5ddf9f07f"
")JEIAQH2","RPA INTERNAL 100M EURO19102020100839MBU ","R1_19102020100841HON                    ","1001200     ","0","Y","N","N","Y","N","        ","N","CBA  ","2020-10-19 10:19:04","2020-10-19 10:19:04","DELINP01","DELINP01","GLB  ","ACCR ","N","BOTH ","Y","Y","Y",")JEIAQH2 ","1",")JEIAQH2  ","Y","N","CG852","0","EUOPS","Y","0","0","15","     ","","","               ","","EUR","     ","SIL  ","SIL  ","","","PEND ","","","","","","","","","","","Y","N","N","","","","Y","N","N","0","0","N","IPFLERN   ","O         ","","","N","N","N","LAST ","0","N","","N","Y","N","","NL   ","NONE ","","","","N","","N","N","Y","N","N","Y","Y","Y","","","ProRataShare    ","","0","N","N","","38b9916fc3259467ff9f085"
")(EIAR32","RPA INTERNAL 100M EURO19102020102205ATO ","R1_19102020102207RXK                    ","1001201     ","100000000","Y","N","N","N","N","        ","N","CBA  ","2020-10-19 10:31:33","2020-10-19 10:39:39","DELINP01","DELINP01","GLB  ","ACCR ","N","BOTH ","Y","Y","Y",")(EIAR32 ","1",")(EIAR32  ","Y","N","CG852","0","EUOPS","Y","0","0","15","GCP  ","","2021-03-08 00:00:00","               ","","EUR","     ","SIL  ","SIL  ","","","PEND ","","","","","","","","","","","Y","N","N","","","","Y","N","N","0","0","N","IPFLERN   ","O         ","","","N","N","N","LAST ","0","N","N","N","Y","N","","NL   ","NONE ","","","","N","N","N","N","Y","N","N","Y","Y","Y","","","ProRataShare    ","","0","N","N","","38b9c0109cd1809b6f9f086"
":YEI3J7H","CBANLD_15102020140517QKR                ","CBA15102020140520LSI                    ","1001154     ","300000000","Y","N","N","N","N","        ","N","CBA  ","2020-10-15 14:14:55","2020-10-15 14:35:01","CESSINP1","CESSINP1","GLB  ","ACCR ","N","BOTH ","Y","Y","N",":YEI3J7H ","1",":YEI3J7H  ","Y","N","CG852","0","EUOPS","Y","0","0","15","GCP  ","","2021-03-08 00:00:00","BG_COL         ","","EUR","     ","SIL  ","SIL  ","","","PEND ","","","","","","","","","","","Y","N","N","","","","Y","N","N","0","0","N","IPFLERN   ","O         ","","","N","N","N","LAST ","0","N","","N","Y","N","","NL   ","NONE ","","","","N","","N","N","Y","N","N","Y","Y","Y","","","ProRataShare    ","","0","N","N","","3868a5b5fbfc900f4f9efa9"
"*4EI53P2","CBAEU_16102020090715IPG                 ","CE_16102020090719AKM                    ","1001177     ","100000","Y","N","N","N","N","        ","N","CBA  ","2020-10-16 09:17:24","2020-10-16 09:32:55","ARFELI01","ARFELI01","GLB  ","ACCR ","N","BOTH ","Y","Y","N","*4EI53P2 ","1","*4EI53P2  ","Y","Y","CG852","0","EUOPS","Y","0","0","15","GCP  ","","2021-03-08 00:00:00","BP_CML         ","","EUR","     ","SIL  ","SIL  ","","","PEND ","","","","","","","","","","","Y","N","N","","","","Y","N","N","0","0","N","IPFLERN   ","O         ","","","N","N","N","LAST ","0","N","","N","Y","N","","NL   ","NONE ","","","","N","","N","N","Y","N","N","Y","Y","Y","","","ProRataShare    ","","0","N","N","","387961e6601b3e8b6f9f020"
"O#EIBD80","CBANLD_19102020183622WWK                ","CBA19102020183625GCD                    ","1001212     ","300000000","Y","N","N","N","N","        ","N","CBA  ","2020-10-19 18:46:40","2020-10-19 20:28:10","CESSINP1","CESSINP1","GLB  ","ACCR ","N","BOTH ","Y","Y","N","O#EIBD80 ","1","O#EIBD80  ","Y","N","CG852","0","EUOPS","Y","0","0","15","GCP  ","","2021-03-08 00:00:00","BG_COL         ","","EUR","     ","SIL  ","SIL  ","","","PEND ","","","","","","","","","","","Y","N","N","","","","Y","N","N","0","0","N","IPFLERN   ","O         ","","","N","N","N","LAST ","0","N","","N","Y","N","","NL   ","NONE ","","","","N","","N","N","Y","N","N","Y","Y","Y","","","ProRataShare    ","","0","N","N","","38c10091e8dc45156f9f164"
"Q.EJEGLJ","CBANLD_09112020213825NOO                ","CBA09112020213827HKM                    ","1001304     ","300000000","Y","N","N","N","N","        ","N","CBA  ","2020-11-09 21:42:55","2020-11-10 00:25:49","CESSINP1","CESSMNG1","GLB  ","ACCR ","N","BOTH ","Y","Y","N","Q.EJEGLJ ","1","Q.EJEGLJ  ","Y","N","CG852","0","EUOPS","Y","0","0","15","GCP  ","","2021-10-15 00:00:00","BG_COL         ","","EUR","     ","SIL  ","SIL  ","","","CLOSE","","2021-10-15 00:00:00","","","2021-10-15 00:00:00","2021-10-15 00:00:00","CESSSUP1","","","","Y","N","N","","","","Y","N","N","0","0","N","IPFLERN   ","O         ","","","N","N","N","LAST ","0","N","N","N","Y","N","","NL   ","NONE ","","","","N","N","N","N","Y","N","N","Y","Y","Y","","","ProRataShare    ","","0","N","N","","3a7e8dddd1b74e44b5b283a"
":VEJEE29","CBANLD_09112020202953LLU                ","CBA09112020202956XES                    ","1001301     ","0","Y","N","N","N","N","        ","N","CBA  ","2020-11-09 20:34:08","2020-11-09 20:37:52","CESSSUP1","CESSSUP1","GLB  ","ACCR ","N","BOTH ","Y","Y","Y",":VEJEE29 ","1",":VEJEE29  ","Y","N","CG852","0","EUOPS","Y","0","0","15","GCP  ","","","               ","","EUR","     ","SIL  ","SIL  ","","","PEND ","","","","","","","","","","","Y","N","N","","","","Y","N","N","0","0","N","IPFLERN   ","O         ","","","N","N","N","LAST ","0","N","","N","Y","N","","NL   ","NONE ","","","","N","","N","N","Y","N","N","Y","Y","Y","","","ProRataShare    ","","0","N","N","","3a7d8bdc5abbfe4a95b2832"
":+EJEFS6","CBANLD_09112020204718CXA                ","CBA09112020204721EEI                    ","1001303     ","300000000","Y","N","N","N","N","        ","N","CBA  ","2020-11-09 20:51:32","2020-11-09 21:08:59","CESSINP1","CESSINP1","GLB  ","ACCR ","N","BOTH ","Y","Y","N",":+EJEFS6 ","1",":+EJEFS6  ","Y","N","CG852","0","EUOPS","Y","0","0","15","GCP  ","","2021-10-15 00:00:00","BG_COL         ","","EUR","     ","SIL  ","SIL  ","","","PEND ","","","","","","","","","","","Y","N","N","","","","Y","N","N","0","0","N","IPFLERN   ","O         ","","","N","N","N","LAST ","0","N","","N","Y","N","","NL   ","NONE ","","","","N","","N","N","Y","N","N","Y","Y","Y","","","ProRataShare    ","","0","N","N","","3a7dcd254b95e48fb5b2834"
"ZUEJHS93","LONDON LIQ TI INTEGRATION               ","LONDON LIQ TI INTEGR                    ","1001339     ","100000","Y","N","N","N","N","        ","Y","CBA  ","2020-11-11 14:07:12","2020-11-12 07:30:47","FOULISTR","BRIANMOK","GLB  ","ACCR ","N","BOTH ","Y","Y","N","ZUEJHS93 ","1","ZUEJHS93  ","Y","N","CB141","0","LDNPA","Y","0","0","15","GCP  ","","","BG_COL         ","","GBP","     ","SIL  ","SIL  ","","","AGENT","","2021-10-18 00:00:00","","","2021-10-18 00:00:00","","","","","","Y","N","N","","","","Y","N","N","0","0","N","IPFLERN   ","O         ","","","N","N","N","LAST ","0","N","N","N","Y","N","","GB   ","NONE ","","","","N","N","N","N","Y","N","N","Y","Y","Y","","","ProRataShare    ","","0","N","N","","3aa21071d62a3c5805b28ef"
"E9EK76A5","AHBDE_25112020090654KKH                 ","S225112020090655UNF                     ","1001472     ","100000000","Y","N","N","N","N","        ","N","CBA  ","2020-11-25 09:08:47","2020-11-25 09:15:44","SKOUSR01","SKOUSR01","GLB  ","ACCR ","N","BOTH ","Y","Y","N","E9EK76A5 ","1","E9EK76A5  ","Y","N","CG852","0","EUOPS","Y","0","0","15","GCP  ","","2021-11-02 00:00:00","BP_CML         ","","AUD","     ","SIL  ","SIL  ","","","PEND ","","","","","","","","","","","Y","N","N","","","","Y","N","N","0","0","N","IPFLERN   ","O         ","","","N","N","N","LAST ","0","N","","N","Y","N","","NL   ","NONE ","","","","N","","N","N","Y","N","N","Y","Y","Y","","","ProRataShare    ","","0","N","N","","3bc501dee2754ee83b3cca2"
"E9EK76C6","AHBDE_25112020092001UQE                 ","S225112020092002VTK                     ","1001473     ","100000000","Y","N","N","N","N","        ","N","CBA  ","2020-11-25 09:21:49","2020-11-25 09:28:36","SKOUSR01","SKOUSR01","GLB  ","ACCR ","N","BOTH ","Y","Y","N","E9EK76C6 ","1","E9EK76C6  ","Y","N","CG852","0","EUOPS","Y","0","0","15","GCP  ","","2021-11-02 00:00:00","BP_CML         ","","AUD","     ","SIL  ","SIL  ","","","PEND ","","","","","","","","","","","Y","N","N","","","","Y","N","N","0","0","N","IPFLERN   ","O         ","","","N","N","N","LAST ","0","N","","N","Y","N","","NL   ","NONE ","","","","N","","N","N","Y","N","N","Y","Y","Y","","","ProRataShare    ","","0","N","N","","3bc532c4f7ce03cebb3cca3"
"E9EK7BRR","AHBDE_25112020122257KZN                 ","S225112020122258TXZ                     ","1001480     ","100000000","Y","N","N","N","N","        ","N","CBA  ","2020-11-25 12:24:47","2020-11-25 12:34:28","SKOUSR01","SKOUSR01","GLB  ","ACCR ","N","BOTH ","Y","Y","N","E9EK7BRR ","1","E9EK7BRR  ","Y","N","CG852","0","EUOPS","Y","0","0","15","GCP  ","","2021-11-02 00:00:00","BP_CML         ","","AUD","     ","SIL  ","SIL  ","","","PEND ","","","","","","","","","","","Y","N","N","","","","Y","N","N","0","0","N","IPFLERN   ","O         ","","","N","N","N","LAST ","0","N","","N","Y","N","","NL   ","NONE ","","","","N","","N","N","Y","N","N","Y","Y","Y","","","ProRataShare    ","","0","N","N","","3bc7e0fc15b244b6cb3ccb8"
"E9EK7CNE","AHBDE_25112020124156PBL                 ","S225112020124157CJG                     ","1001481     ","0","Y","N","N","N","N","        ","N","CBA  ","2020-11-25 12:43:46","2020-11-25 12:44:00","SKOUSR01","SKOUSR01","GLB  ","ACCR ","N","BOTH ","Y","Y","Y","E9EK7CNE ","1","E9EK7CNE  ","Y","N","CG852","0","EUOPS","Y","0","0","15","     ","","","               ","","AUD","     ","SIL  ","SIL  ","","","PEND ","","","","","","","","","","","Y","N","N","","","","Y","N","N","0","0","N","IPFLERN   ","O         ","","","N","N","N","LAST ","0","N","","N","Y","N","","NL   ","NONE ","","","","N","","N","N","Y","N","N","Y","Y","Y","","","ProRataShare    ","","0","N","N","","3bc828274de9535eeb3ccba"
"9EEK5YAZ","BNS2SYN_24112020182734TJH               ","S224112020182735CYO                     ","1001457     ","100000000","Y","N","N","N","N","        ","N","CBA  ","2020-11-24 18:29:18","2020-11-24 18:36:13","SKOUSR01","SKOUSR01","GLB  ","ACCR ","N","BOTH ","Y","Y","N","9EEK5YAZ ","1","9EEK5YAZ  ","Y","N","CG852","0","EUOPS","Y","0","0","15","GCP  ","","2021-11-02 00:00:00","BP_CML         ","","AUD","     ","SIL  ","SIL  ","","","PEND ","","","","","","","","","","","Y","N","N","","","","Y","N","N","0","0","N","IPFLERN   ","O         ","","","N","N","N","LAST ","0","N","","N","Y","N","","NL   ","NONE ","","","","N","","N","N","Y","N","N","Y","Y","Y","","","ProRataShare    ","","0","N","N","","3bb81fed3c6463f7db3cc7d"
"E9EK7AWV","AHBDE_25112020120431VHM                 ","S225112020120432ZZZ                     ","1001478     ","100000000","Y","N","N","N","N","        ","N","CBA  ","2020-11-25 12:06:15","2020-11-25 12:15:43","SKOUSR01","SKOUSR01","GLB  ","ACCR ","N","BOTH ","Y","Y","N","E9EK7AWV ","1","E9EK7AWV  ","Y","N","CG852","0","EUOPS","Y","0","0","15","GCP  ","","2021-11-02 00:00:00","BP_CML         ","","AUD","     ","SIL  ","SIL  ","","","PEND ","","","","","","","","","","","Y","N","N","","","","Y","N","N","0","0","N","IPFLERN   ","O         ","","","N","N","N","LAST ","0","N","","N","Y","N","","NL   ","NONE ","","","","N","","N","N","Y","N","N","Y","Y","Y","","","ProRataShare    ","","0","N","N","","3bc79b7245500a76bb3ccb5"
"UNEK5BS3","AHBDE_001_24112020093001PLL             ","CS24112020093002CYL                     ","1001437     ","0","Y","N","N","N","N","        ","N","CBA  ","2020-11-24 09:31:32","2020-11-24 09:31:48","SKOUSR01","SKOUSR01","GLB  ","ACCR ","N","BOTH ","Y","Y","Y","UNEK5BS3 ","1","UNEK5BS3  ","Y","N","CG852","0","EUOPS","Y","0","0","15","     ","","","               ","","AUD","     ","SIL  ","SIL  ","","","PEND ","","","","","","","","","","","Y","N","N","","","","Y","N","N","0","0","N","IPFLERN   ","O         ","","","N","N","N","LAST ","0","N","","N","Y","N","","NL   ","NONE ","","","","N","","N","N","Y","N","N","Y","Y","Y","","","ProRataShare    ","","0","N","N","","3bb03f28c05e47ed5b3cc14"
"9EEK5WDW","BNS2SYN_24112020175304MJM               ","S224112020175305UIA                     ","1001451     ","0","Y","N","N","N","N","        ","N","CBA  ","2020-11-24 17:54:47","2020-11-24 17:55:02","SKOUSR01","SKOUSR01","GLB  ","ACCR ","N","BOTH ","Y","Y","Y","9EEK5WDW ","1","9EEK5WDW  ","Y","N","CG852","0","EUOPS","Y","0","0","15","     ","","","               ","","AUD","     ","SIL  ","SIL  ","","","PEND ","","","","","","","","","","","Y","N","N","","","","Y","N","N","0","0","N","IPFLERN   ","O         ","","","N","N","N","LAST ","0","N","","N","Y","N","","NL   ","NONE ","","","","N","","N","N","Y","N","N","Y","Y","Y","","","ProRataShare    ","","0","N","N","","3bb79e69be717af6db3cc77"
