FAC_PID_FACILITY,FAC_PID_DEAL,FAC_NUM_FAC_CNTL,FAC_CDE_FAC_TYPE,FAC_CDE_PERFORMING,FAC_CDE_BRANCH,FAC_IND_SNGLE_DRAW,FAC_CDE_PROC_AREA,FAC_NUM_MAX_CUR_OT,FAC_IND_MULTI_CURR,FAC_IND_MAT_ADV_CH,FAC_CDE_BANK,FAC_XID_ANSI_ID,FAC_TSP_REC_CREATE,FAC_TSP_REC_UPDATE,FAC_UID_REC_CREATE,FAC_UID_REC_UPDATE,FAC_AMT_DC_GL_CURR,FAC_AMT_DC_GL_ORIG,FAC_PCT_EST_USAGE,FAC_PCT_DEAL_FXRTE,FAC_IND_CMPN_BAL_R,FAC_NME_FACILITY,FAC_PCT_TOL_FXRTE,FAC_PCT_PNLTY_SPRD,FAC_NUM_PNSPR_GRPR,FAC_CDE_PNLTY_STAT,FAC_DTE_PAST_DUE,FAC_IND_FLOAT_LOAN,FAC_CDE_AMRT_USED,FAC_CDE_SIC,FAC_DTE_FINAL_MAT,FAC_DTE_EXPIRY,FAC_AMT_GLOBL_ORIG,FAC_AMT_GLOBL_CURR,FAC_AMT_UNAVAIL,FAC_AMT_GLO_PRECLO,FAC_CDE_CURRENCY,FAC_DTE_EFFECTIVE,FAC_DTE_AGREEMENT,FAC_DTE_SBLC_ISSUE,FAC_DTE_SBLC_EXPRY,FAC_NUM_PRC_OUT_CN,FAC_DTE_TERM_FAC,FAC_PCT_USE_THRESH,FAC_CDE_RMT_AM_MTH,FAC_CDE_UNF_AM_MTH,FAC_CDE_FND_MTH_BF,FAC_CDE_FND_MTH_AF,FAC_CDE_FL_GL_MAP,FAC_DTE_FL_DRAWDWN,FAC_DTE_AMRT_MTRTY,FAC_CDE_SIC_CNTRY,FAC_RID_COLLAT_DEF,FAC_TXT_CUSIP_NUM,FAC_TXT_ISIN_NUM,FAC_IND_CUSIP_LST,FAC_CDE_LINE_BUSNS,FAC_CDE_SUBTYPE,FAC_CDE_PF_CUR_RUL,FAC_CDE_PF_CLAWBCK,FAC_IND_INC_XMLBIL,FAC_IND_DONT_MAIL,FAC_IND_DONT_PRNT,FAC_IND_NPERF_WVR,FAC_DTE_NPERF_EXP,FAC_NUM_NOF_NPERF,FAC_CDE_UNSCHP_MTH,FAC_IND_CARE_OF,FAC_IND_DEFER_ACCR,FAC_IND_DFR_ACR_PD,FAC_AMT_MIN_ASMT,FAC_AMT_MIN_HLDG,FAC_CDE_CDS_RTYPE,FAC_CDE_CON_BIL_OP,FAC_CDE_SNC_REPORT,FAC_CDE_STMT_TYPE,FAC_DTE_EARLY_DAYS,FAC_DTE_FATCA_GFLT,FAC_DTE_LAST_SENT,FAC_DTE_OD_EXPIRY,FAC_DTE_SVFEE,FAC_IND_ACNSNT_ALW,FAC_IND_ACNSNT_NVR,FAC_IND_ACTUA_RISK,FAC_IND_ASMT_ONLY,FAC_IND_AUTO_GEN,FAC_IND_AUTO_REL,FAC_IND_AUTO_RTF,FAC_IND_AUTO_SBLC,FAC_IND_CNST_AFF,FAC_IND_CNST_APF,FAC_IND_CNST_EXST,FAC_IND_CNST_ISS,FAC_IND_COMMITTED,FAC_IND_EXCL_WTH,FAC_IND_FATCA_GFST,FAC_IND_FX_REVAL,FAC_IND_INC_DTCCE,FAC_IND_LNDS_AVAIL,FAC_IND_MHA_CAP,FAC_IND_MHA_CNA,FAC_IND_MIN_ASMT,FAC_IND_MIN_SELOF,FAC_IND_MTA_CAP,FAC_IND_MTA_CNA,FAC_IND_NP_COL_IND,FAC_IND_PER_STA,FAC_IND_PRO_RATA,FAC_IND_PSTDUE_FAA,FAC_IND_QFN_ELGBL,FAC_IND_QFN_ELGSV,FAC_IND_REA_SBLC,FAC_IND_RFL_ALD,FAC_IND_RSK_BOR_LT,FAC_IND_SCNSNT_ALW,FAC_IND_SCNSNT_NVR,FAC_IND_SNC_OVERD,FAC_IND_STTX_WAIVE,FAC_PCT_SVFEE,FAC_RID_LCHG_RULE,FAC_TXT_CREDIT_ID,FAC_TXT_MINAS_CSNT,FAC_TXT_MINHL_CSNT,FAC_TXT_PRY_CSNT,FAC_CDE_IMP_STAGE,FAC_NUM_ARM_LEAD,FAC_OID_FACILITY
Q+EDKVL5,Q+EDKVCZ,"3000281        ","RST  ","ACCR ",CG852,N,EUOPS,1,N,N,"CBA  ","Q+EDKVL5     ",2020-07-19 18:12:08,2020-07-19 19:04:24,"FJUSRAM ","FJMGRAM ",30000000,30000000,1,1,N,"PARDRAW19072020180431GZX      ",0,0,0,"OFF  ",,N,,"4222      ",2025-05-26 00:00:00,2025-05-26 00:00:00,30000000,30000000,0,30000000,EUR,2020-05-27 00:00:00,2020-05-27 00:00:00,,,,,,,,,,,,,AU,,,,Y,,,,,N,N,N,N,,0,"LAST ",N,N,N,0,0,,"NONE ",,"LOAN ",,,,,,N,N,N,Y,,,N,N,N,N,N,N,Y,N,N,N,N,N,Y,N,N,N,Y,N,N,Y,N,N,N,N,N,N,N,N,N,N,N,,,,"TRADE             ","TRADE             ",,IMST1,0,312bdf1dd29a1c59ef87232
Q+EDKVFH,Q+EDKVCZ,"3000280        ","TAM  ","ACCR ",CG852,N,EUOPS,1,N,N,"CBA  ","Q+EDKVFH     ",2020-07-19 17:59:00,2020-07-19 19:04:24,"FJUSRAM ","FJMGRAM ",50000000,50000000,1,1,N,"INTFULDRAW19072020175128ZRS   ",0,0,0,"OFF  ",,N,,"4222      ",2025-05-26 00:00:00,2025-05-26 00:00:00,50000000,50000000,0,50000000,EUR,2020-05-27 00:00:00,2020-05-27 00:00:00,,,,,,,,,,,,,AU,,,,Y,,,,,N,N,N,N,,0,"LAST ",N,N,N,0,0,,"NONE ",,"LOAN ",,,,,,N,N,N,Y,,,N,N,N,N,N,N,Y,N,N,N,N,N,Y,N,N,N,Y,N,N,Y,N,N,N,N,N,N,N,N,N,N,N,,,,"TRADE             ","TRADE             ",,IMST1,0,312badce9ff075d0af87231
Q+EDKW7K,Q+EDKVCZ,"3000282        ","RST  ","ACCR ",CG852,N,EUOPS,1,N,N,"CBA  ","Q+EDKW7K     ",2020-07-19 18:25:37,2020-07-19 19:04:24,"FJUSRAM ","FJMGRAM ",20000000,20000000,1,1,N,"INTUND19072020181758HRH       ",0,0,0,"OFF  ",,N,,"4222      ",2025-05-26 00:00:00,2025-05-26 00:00:00,20000000,20000000,0,20000000,EUR,2020-05-27 00:00:00,2020-05-27 00:00:00,,,,,,,,,,,,,AU,,,,Y,,,,,N,N,N,N,,0,"LAST ",N,N,N,0,0,,"NONE ",,"LOAN ",,,,,,N,N,N,Y,,,N,N,N,N,N,N,Y,N,N,N,N,N,Y,N,N,N,Y,N,N,Y,N,N,N,N,N,N,N,N,N,N,N,,,,"TRADE             ","TRADE             ",,IMST1,0,312c11803592ba085f87233
QFEDH1QH,:*EDG12Y,"3000274        ","RST  ","ACCR ",CG852,N,EUOPS,1,N,N,"CBA  ","QFEDH1QH     ",2020-07-17 16:28:38,2020-07-19 16:59:12,"FJUSRAM ","FJMGRAM ",20000000,20000000,1,1,N,"INTUND17072020162113DYT       ",0,0,0,"OFF  ",,N,,"4222      ",2025-05-26 00:00:00,2025-05-26 00:00:00,20000000,20000000,0,20000000,EUR,2020-05-27 00:00:00,2020-05-27 00:00:00,,,,,,,,,,,,,AU,,,,Y,,,,,N,N,N,N,,0,"LAST ",N,N,N,0,0,,"NONE ",,"LOAN ",,,,,,N,N,N,Y,,,N,N,N,N,N,N,Y,N,N,N,N,N,Y,N,N,N,Y,N,N,Y,N,N,N,N,N,N,N,N,N,N,N,,,,"TRADE             ","TRADE             ",,IMST1,0,31002afcc7ce5b663f87218
?REBVOYO,?.EBVNFE,"3000260        ","RST  ","ACCR ",CG852,N,EUOPS,1,N,N,"CBA  ","?REBVOYO     ",2020-06-16 17:05:50,2020-11-17 19:40:53,RPTINPAM,LS2BATCH,400000000,400000000,1,1,N,"CBANLD_FACTEST_400M           ",0,0,0,"OFF  ",2020-05-28 00:00:00,N,,"0420      ",2025-05-27 00:00:00,2025-05-27 00:00:00,400000000,400000000,0,400000000,EUR,2020-05-27 00:00:00,2020-05-19 00:00:00,,,,,,,,,,OTHER,2020-05-27 00:00:00,,AU,,,,Y,,,,,N,N,N,N,,0,"LAST ",N,N,N,0,0,,"NONE ",,"LOAN ",,,,,,N,N,N,Y,,,N,N,N,N,N,N,Y,N,N,N,N,N,Y,N,N,N,Y,N,N,Y,N,N,N,N,N,N,N,N,N,N,N,,,,"TRADE             ","TRADE             ",,IMST1,0,2e72ce5ecfd63a7264e6829
?XEBVXIH,?.EBVNFE,"3000261        ","TAM  ","ACCR ",CG852,N,EUOPS,1,N,N,"CBA  ","?XEBVXIH     ",2020-06-16 20:17:40,2020-11-17 19:40:54,RPTINPAM,LS2BATCH,200000000,200000000,1,1,N,"CBANLD_FACTEST_200M           ",0,0,0,"OFF  ",2020-08-27 00:00:00,N,,"0420      ",2025-05-27 00:00:00,2025-05-27 00:00:00,200000000,200000000,0,200000000,EUR,2020-05-27 00:00:00,2020-05-19 00:00:00,,,,,,,,,,FIXED,2020-05-27 00:00:00,,AU,,,,Y,,,,,N,N,N,N,,0,"LAST ",N,N,N,0,0,,"NONE ",,"LOAN ",,,,,,N,N,N,Y,,,N,N,N,N,N,N,Y,N,N,N,N,N,Y,N,N,N,Y,N,N,Y,N,N,N,N,N,N,N,N,N,N,N,,,,"TRADE             ","TRADE             ",,IMST1,0,2e759d4313c7b9cc94e682b
SUEBXL18,SUEBXL0I,"3000262        ","TAM  ","ACCR ",CG852,N,EUOPS,1,N,N,"CBA  ","SUEBXL18     ",2020-06-17 17:36:55,2020-08-26 10:45:50,RPTINPAM,LS2BATCH,200000000,200000000,1,1,N,"CBANLD_FACTEST_200M           ",0,0,0,"OFF  ",,N,UNFND,"0420      ",2025-05-27 00:00:00,2025-05-27 00:00:00,200000000,200000000,0,200000000,EUR,2020-05-19 00:00:00,2020-04-01 00:00:00,,,,,,,,,,,,,AU,,,,Y,,,,,N,N,N,N,,0,"LAST ",N,N,N,0,0,,"NONE ",,"LOAN ",,,,,,N,N,N,Y,,,N,N,N,N,N,N,Y,N,N,N,N,N,Y,N,N,N,Y,N,N,Y,N,N,N,N,N,N,N,N,N,N,N,,,,"TRADE             ","TRADE             ",,IMST1,0,2e885b7daa83988684e6832
SUEBXL2B,SUEBXL0I,"3000263        ","RST  ","ACCR ",CG852,N,EUOPS,1,N,N,"CBA  ","SUEBXL2B     ",2020-06-17 17:36:56,2020-11-17 19:40:52,RPTINPAM,LS2BATCH,300000000,300000000,1,1,N,"CBANLD_FACTEST_300M           ",0,0,0,"OFF  ",2020-05-22 00:00:00,N,FBEXP,"0420      ",2025-05-19 00:00:00,2025-05-19 00:00:00,300000000,300000000,0,300000000,EUR,2020-05-19 00:00:00,2020-04-01 00:00:00,,,,,,,,,,OTHER,2020-05-21 00:00:00,,AU,,,,Y,,,,,N,N,N,N,,0,"LAST ",N,N,N,0,0,,"NONE ",,"LOAN ",,,,,,N,N,N,Y,,,N,N,N,N,N,N,Y,N,N,N,N,N,Y,N,N,N,Y,N,N,Y,N,N,N,N,N,N,N,N,N,N,N,,,,"TRADE             ","TRADE             ",,IMST1,0,2e885b8cc2244ee834e6833
:*EDFUUO,:@EDDZTB,"3000268        ","TAM  ","ACCR ",CG852,N,EUOPS,1,N,N,"CBA  ",":*EDFUUO     ",2020-07-17 00:25:06,2020-07-17 00:47:05,"FJUSRAM ","FJUSRAM ",50000000,50000000,1,1,N,"FACILITY INTERNAL FULLY DRAWN ",0,0,0,"OFF  ",,N,,"4222      ",2025-05-27 00:00:00,2025-05-27 00:00:00,50000000,50000000,0,50000000,EUR,2020-05-27 00:00:00,2020-05-27 00:00:00,,,,,,,,,,,,,AU,,,,Y,,,,,N,N,N,N,,0,"LAST ",N,N,N,0,0,,"NONE ",,"LOAN ",,,,,,N,N,N,Y,,,N,N,N,N,N,N,Y,N,N,N,N,N,Y,N,N,N,Y,N,N,Y,N,N,N,N,N,N,N,N,N,N,N,,,,"TRADE             ","TRADE             ",,IMST1,0,30f20d19527b0c775f8720f
Q4EDGQL9,:*EDG12Y,"3000269        ","TAM  ","ACCR ",CG852,N,EUOPS,1,N,N,"CBA  ","Q4EDGQL9     ",2020-07-17 11:30:34,2020-07-19 16:59:12,"FJUSRAM ","FJMGRAM ",50000000,50000000,1,1,N,INTERNAL FULLY DRAWN1707202011,0,0,0,"OFF  ",,N,,"4222      ",2025-05-26 00:00:00,2025-05-26 00:00:00,50000000,50000000,0,50000000,EUR,2020-05-27 00:00:00,2020-05-27 00:00:00,,,,,,,,,,,,,AU,,,,Y,,,,,N,N,N,N,,0,"LAST ",N,N,N,0,0,,"NONE ",,"LOAN ",,,,,,N,N,N,Y,,,N,N,N,N,N,N,Y,N,N,N,N,N,Y,N,N,N,Y,N,N,Y,N,N,N,N,N,N,N,N,N,N,N,,,,"TRADE             ","TRADE             ",,IMST1,0,30fbcce01dac3e3e3f87212
QFEDH1MI,:*EDG12Y,"3000273        ","RST  ","ACCR ",CG852,N,EUOPS,1,N,N,"CBA  ","QFEDH1MI     ",2020-07-17 16:04:33,2020-07-19 16:59:12,"FJUSRAM ","FJMGRAM ",30000000,30000000,1,1,N,"PARDRAW17072020155700OXM      ",0,0,0,"OFF  ",,N,,"4222      ",2025-05-26 00:00:00,2025-05-26 00:00:00,30000000,30000000,0,30000000,EUR,2020-05-27 00:00:00,2020-05-27 00:00:00,,,,,,,,,,,,,AU,,,,Y,,,,,N,N,N,N,,0,"LAST ",N,N,N,0,0,,"NONE ",,"LOAN ",,,,,,N,N,N,Y,,,N,N,N,N,N,N,Y,N,N,N,N,N,Y,N,N,N,Y,N,N,Y,N,N,N,N,N,N,N,N,N,N,N,,,,"TRADE             ","TRADE             ",,IMST1,0,30ffd029d4ef81133f87216
YZEFEXAM,YZEFEWH5,"3000406        ","RST  ","ACCR ",CG852,N,EUOPS,5,Y,N,"CBA  ","YZEFEXAM     ",2020-08-24 10:07:07,2020-11-17 19:40:24,SMANZANO,LS2BATCH,100000000,100000000,1,1,N,"AMS_FACILITY                  ",0,0,0,"OFF  ",2020-05-29 00:00:00,N,,"2161      ",2025-05-27 00:00:00,2025-05-27 00:00:00,100000000,100000000,0,100000000,EUR,2020-05-27 00:00:00,2020-05-20 00:00:00,,,,,,,,,,OTHER,2020-05-27 00:00:00,,AU,,,,Y,,,,,N,N,N,N,,0,"LAST ",N,N,N,0,0,,"NONE ",,"LOAN ",,,,,,N,N,N,Y,,,N,N,N,N,N,N,Y,N,N,N,N,N,Y,N,N,N,Y,N,N,Y,N,N,N,N,N,N,N,N,N,N,N,,,,"TRADE             ","TRADE             ",,IMST1,0,341c241713d7d05fd79258b
S#EESVR1,S#EESVPY,"3000373        ","RST  ","ACCR ",CG852,N,EUOPS,6,Y,N,"CBA  ","S#EESVR1     ",2020-08-12 11:37:18,2020-11-17 19:40:02,CMARTILL,LS2BATCH,15000000,15000000,1,1,N,"AMSTER BILAT DEAL1 FAC1       ",0,0,0,"OFF  ",2020-05-28 00:00:00,N,,"0124      ",2025-05-27 00:00:00,2025-05-27 00:00:00,15000000,15000000,0,15000000,EUR,2020-05-27 00:00:00,2020-04-29 00:00:00,,,,,,,,,,OTHER,2020-05-27 00:00:00,,AU,,,,Y,,,,,N,N,N,N,,0,"LAST ",N,N,N,0,0,,"NONE ",,"LOAN ",,,,,,N,N,N,Y,,,N,N,N,N,N,N,Y,N,N,N,N,N,Y,N,N,N,Y,N,N,Y,N,N,N,N,N,N,N,N,N,N,N,,,,"TRADE             ","TRADE             ",,IMST1,0,33205696b2b73ca2d499208
.FEF9QTS,.FEF9QSQ,"3000404        ","RST  ","ACCR ",CG852,N,EUOPS,1,N,N,"CBA  ",".FEF9QTS     ",2020-08-21 14:40:39,2020-11-17 19:40:06,LIQUSR03,LS2BATCH,10000000,10000000,1,1,N,"FACILITY A                    ",0,0,0,"OFF  ",2020-11-27 00:00:00,N,,"0124      ",2022-05-27 00:00:00,2022-05-27 00:00:00,10000000,10000000,0,10000000,EUR,2020-05-27 00:00:00,2020-05-27 00:00:00,,,,,,,,,,OTHER,2020-05-27 00:00:00,,AU,,,,Y,,,,,N,N,N,N,,0,"LAST ",N,N,N,0,0,,"NONE ",,"LOAN ",,,,,,N,N,N,Y,,,N,N,N,N,N,N,Y,N,N,N,N,N,Y,N,N,N,Y,N,N,Y,N,N,N,N,N,N,N,N,N,N,N,,,,"TRADE             ","TRADE             ",,IMST1,0,33e0de7f4c415720b7923e0
3.EFFDZL,3.EFFDYP,"3000416        ","RST  ","ACCR ",CG852,N,EUOPS,1,N,N,"CBA  ","3.EFFDZL     ",2020-08-24 15:01:25,2020-08-27 15:29:05,JAQUITAN,LS2BATCH,100000000,100000000,1,1,N,"WSS_JATEST_IN_FAC2            ",0,0,0,"OFF  ",,N,,"2161      ",2025-05-27 00:00:00,2025-05-27 00:00:00,100000000,100000000,0,100000000,EUR,2020-05-27 00:00:00,2020-05-20 00:00:00,,,,,,,,,,OTHER,2020-05-27 00:00:00,,AU,,,,Y,,,,,N,N,N,N,,0,"LAST ",N,N,N,0,0,,"NONE ",,"LOAN ",,,,,,N,N,N,Y,,,N,N,N,N,N,N,Y,N,N,N,N,N,Y,N,N,N,Y,N,N,Y,N,N,N,N,N,N,N,N,N,N,N,,,,"TRADE             ","TRADE             ",,IMST1,0,3420744df1edaa669792665
C6EFHAR6,C6EFHAQ1,"3000436        ","RST  ","ACCR ",CG852,N,EUOPS,1,N,N,"CBA  ","C6EFHAR6     ",2020-08-25 16:19:40,2020-11-17 19:40:22,JAQUITAN,LS2BATCH,100000000,100000000,1,1,N,"WSS_JATEST_OUT_FAC6           ",0,0,0,"OFF  ",2020-06-22 00:00:00,N,,"2161      ",2025-05-28 00:00:00,2025-05-28 00:00:00,100000000,100000000,0,100000000,EUR,2020-05-27 00:00:00,2020-05-20 00:00:00,,,,,,,,,,OTHER,2020-06-19 00:00:00,,AU,,,,Y,,,,,N,N,N,N,,0,"LAST ",N,N,N,0,0,,"NONE ",,"LOAN ",,,,,,N,N,N,Y,,,N,N,N,N,N,N,Y,N,N,N,N,N,Y,N,N,N,Y,N,N,Y,N,N,N,N,N,N,N,N,N,N,N,,,,"TRADE             ","TRADE             ",,IMST1,0,3436b1b1a519cfaeb79275b
V8EF471U,V8EF4706,"3000387        ","RST  ","ACCR ",CG852,N,EUOPS,1,Y,N,"CBA  ","V8EF471U     ",2020-08-18 12:31:12,2020-11-17 19:39:51,LIQUSR05,LS2BATCH,5000000,5000000,1,1,N,"5MFACILITY                    ",0,0,0,"OFF  ",2020-06-03 00:00:00,N,,"0130      ",2027-06-25 00:00:00,2027-05-27 00:00:00,5000000,5000000,0,5000000,EUR,2020-05-27 00:00:00,2020-05-15 00:00:00,,,,,,,,,,OTHER,2020-05-27 00:00:00,,AU,,,,Y,,,,,N,N,N,N,,0,"LAST ",N,N,N,0,0,,"NONE ",,"LOAN ",,,,,,N,N,N,Y,,,N,N,N,N,N,N,Y,N,N,N,N,N,Y,N,N,N,Y,N,N,Y,N,N,N,N,N,N,N,N,N,N,N,,,,"TRADE             ","TRADE             ",,IMST1,0,339fb03c89f2f24db4996f9
Y5EFF559,Y5EFF54H,"3000409        ","RST  ","ACCR ",CG852,N,EUOPS,1,Y,N,"CBA  ","Y5EFF559     ",2020-08-24 12:28:22,2020-11-17 19:40:06,LIQUSR03,LS2BATCH,10000000,10000000,1,1,N,"FACILITY A                    ",0,0,0,"OFF  ",2020-11-27 00:00:00,N,FBEXP,"0124      ",2024-05-27 00:00:00,2024-05-27 00:00:00,10000000,10000000,0,10000000,EUR,2020-05-27 00:00:00,2020-05-27 00:00:00,,,,,,,,,,OTHER,2020-05-27 00:00:00,,AU,,,,Y,,,,,N,N,N,N,,0,"LAST ",N,N,N,0,0,,"NONE ",,"LOAN ",,,,,,N,N,N,Y,,,N,N,N,N,N,N,Y,N,N,N,N,N,Y,N,N,N,Y,N,N,Y,N,N,N,N,N,N,N,N,N,N,N,,,,"TRADE             ","TRADE             ",,IMST1,0,341e366c369d0e1a87925cd
9ZEF82GL,9ZEF82FK,"3000403        ","RST  ","ACCR ",CG852,N,EUOPS,2,Y,N,"CBA  ","9ZEF82GL     ",2020-08-20 17:04:23,2020-11-17 19:40:12,JAQUITAN,LS2BATCH,100000000,100000000,1,1,N,"WSS_JATEST_FAC1               ",0,0,0,"OFF  ",2020-05-29 00:00:00,N,,"2161      ",2025-05-27 00:00:00,2025-05-27 00:00:00,100000000,100000000,0,100000000,EUR,2020-05-27 00:00:00,2020-05-20 00:00:00,,,,,,,,,,OTHER,2020-05-27 00:00:00,,AU,,,,Y,,,,,N,N,N,N,,0,"LAST ",N,N,N,0,0,,"NONE ",,"LOAN ",,,,,,N,N,N,Y,,,N,N,N,N,N,N,Y,N,N,N,N,N,Y,N,N,N,Y,N,N,Y,N,N,N,N,N,N,N,N,N,N,N,,,,"TRADE             ","TRADE             ",,IMST1,0,33cde00d58b4a9eb9792242
3ZEFFD2W,3ZEFFD20,"3000414        ","RST  ","ACCR ",CG852,N,EUOPS,1,N,N,"CBA  ","3ZEFFD2W     ",2020-08-24 14:36:54,2020-11-17 19:40:08,JAQUITAN,LS2BATCH,100000000,100000000,1,1,N,"WSS_JATEST_IN_FAC1            ",0,0,0,"OFF  ",2020-05-29 00:00:00,N,,"2161      ",2025-05-27 00:00:00,2025-05-27 00:00:00,100000000,100000000,0,100000000,EUR,2020-05-27 00:00:00,2020-05-20 00:00:00,,,,,,,,,,OTHER,2020-05-27 00:00:00,,AU,,,,Y,,,,,N,N,N,N,,0,"LAST ",N,N,N,0,0,,"NONE ",,"LOAN ",,,,,,N,N,N,Y,,,N,N,N,N,N,N,Y,N,N,N,N,N,Y,N,N,N,Y,N,N,Y,N,N,N,N,N,N,N,N,N,N,N,,,,"TRADE             ","TRADE             ",,IMST1,0,34201851f1e35ccbf79264a
(7EFGUEQ,(7EFGUDN,"3000424        ","RST  ","ACCR ",CG852,N,EUOPS,1,N,N,"CBA  ","(7EFGUEQ     ",2020-08-25 10:22:35,2020-11-17 19:40:10,CMARTILL,LS2BATCH,5000000,5000000,1,1,N,"MNLCP DEAL2 FAC1              ",0,0,0,"OFF  ",2020-04-07 00:00:00,N,FBEXP,"0124      ",2024-04-03 00:00:00,2024-04-03 00:00:00,5000000,5000000,0,5000000,EUR,2019-04-03 00:00:00,2019-04-03 00:00:00,,,,,,,,,,OTHER,2020-04-03 00:00:00,,AU,,,,Y,,,,,N,N,N,N,,0,"LAST ",N,N,N,0,0,,"NONE ",,"LOAN ",,,,,,N,N,N,Y,,,N,N,N,N,N,N,Y,N,N,N,N,N,Y,N,N,N,Y,N,N,Y,N,N,N,N,N,N,N,N,N,N,N,,,,"TRADE             ","TRADE             ",,IMST1,0,343176735a32dee577926ce
0REF4FMA,0REF4EYL,"3000389        ","RST  ","ACCR ",CG852,N,EUOPS,1,Y,N,"CBA  ","0REF4FMA     ",2020-08-18 16:08:34,2020-11-17 19:40:02,LIQUSR03,LS2BATCH,10000000,10000000,1,1,N,"FACILITY A                    ",0,0,0,"OFF  ",2020-05-29 00:00:00,N,,"0124      ",2022-05-27 00:00:00,2022-05-27 00:00:00,10000000,10000000,0,10000000,EUR,2020-05-27 00:00:00,2020-05-27 00:00:00,,,,,,,,,,FIXED,2020-05-27 00:00:00,,AU,,,,Y,,,,,N,N,N,N,,0,"LAST ",N,N,N,0,0,,"NONE ",,"LOAN ",,,,,,N,N,N,Y,,,N,N,N,N,N,N,Y,N,N,N,N,N,Y,N,N,N,Y,N,N,Y,N,N,N,N,N,N,N,N,N,N,N,,,,"TRADE             ","TRADE             ",,IMST1,0,33a2dfc23c8549f8418ea4e
(7EFGXST,(7EFGXIA,"3000426        ","RST  ","ACCR ",CG852,N,EUOPS,9,Y,N,"CBA  ","(7EFGXST     ",2020-08-25 12:13:15,2020-11-17 19:40:13,CMARTILL,LS2BATCH,2000000,2000000,1,1,N,"AMSTER PYMNTS DEAL2 FAC1      ",0,0,0,"OFF  ",2020-05-29 00:00:00,N,,"0124      ",2025-05-27 00:00:00,2025-05-27 00:00:00,2000000,2000000,0,2000000,EUR,2020-05-27 00:00:00,2020-05-13 00:00:00,,,,,,,,,,FIXED,2020-05-27 00:00:00,,AU,,,,Y,,,,,N,N,N,N,,0,"LAST ",N,N,N,0,0,,"NONE ",,"LOAN ",,,,,,N,N,N,Y,,,N,N,N,N,N,N,Y,N,N,N,N,N,Y,N,N,N,Y,N,N,Y,N,N,N,N,N,N,N,N,N,N,N,,,,"TRADE             ","TRADE             ",,IMST1,0,34331582a73fa27917926fd
@EEFH10F,@EEFGXO8,"3000429        ","RST  ","ACCR ",CG852,N,EUOPS,1,N,N,"CBA  ","@EEFH10F     ",2020-08-25 13:23:31,2020-11-17 19:40:38,SMANZANO,LS2BATCH,100000000,100000000,1,1,N,"AMS_FACILITY_OF_DEAL5         ",0,0,0,"OFF  ",2020-05-29 00:00:00,N,,"2161      ",2025-05-27 00:00:00,2025-05-27 00:00:00,100000000,100000000,0,100000000,EUR,2020-05-27 00:00:00,2020-05-20 00:00:00,,,,,,,,,,OTHER,2020-05-28 00:00:00,,AU,,,,Y,,,,,N,N,N,N,,0,"LAST ",N,N,N,0,0,,"NONE ",,"LOAN ",,,,,,N,N,N,Y,,,N,N,N,N,N,N,Y,N,N,N,N,N,Y,N,N,N,Y,N,N,Y,N,N,N,N,N,N,N,N,N,N,N,,,,"TRADE             ","TRADE             ",,IMST1,0,343419ac9b8c4fa3a792709
@+EFH6WT,3MEFH2AH,"3000431        ","RST  ","ACCR ",CG852,N,EUOPS,1,N,N,"CBA  ","@+EFH6WT     ",2020-08-25 14:50:44,2020-08-25 14:58:30,LIQUSR03,LIQUSR03,10000000,10000000,1,1,N,"FACILITY A                    ",0,0,0,"OFF  ",,N,,"0124      ",2024-05-27 00:00:00,2024-05-27 00:00:00,10000000,10000000,0,10000000,EUR,2020-05-27 00:00:00,2020-05-27 00:00:00,,,,,,,,,,,,,AU,,,,Y,,,,,N,N,N,N,,0,"LAST ",N,N,N,0,0,,"NONE ",,"LOAN ",,,,,,N,N,N,Y,,,N,N,N,N,N,N,Y,N,N,N,N,N,Y,N,N,N,Y,N,N,Y,N,N,N,N,N,N,N,N,N,N,N,,,,"TRADE             ","TRADE             ",,IMST1,0,343564497fae3c92a792731
@-EFH76E,@-EFH363,"3000434        ","RST  ","ACCR ",CG852,N,EUOPS,1,N,N,"CBA  ","@-EFH76E     ",2020-08-25 15:35:46,2020-11-17 19:40:10,JAQUITAN,LS2BATCH,100000000,100000000,1,1,N,"WSS_JATEST_IN_FAC4            ",0,0,0,"OFF  ",2020-05-29 00:00:00,N,,"2161      ",2025-05-28 00:00:00,2025-05-28 00:00:00,100000000,100000000,0,100000000,EUR,2020-05-27 00:00:00,2020-05-20 00:00:00,,,,,,,,,,OTHER,2020-05-27 00:00:00,,AU,,,,Y,,,,,N,N,N,N,,0,"LAST ",N,N,N,0,0,,"NONE ",,"LOAN ",,,,,,N,N,N,Y,,,N,N,N,N,N,N,Y,N,N,N,N,N,Y,N,N,N,Y,N,N,Y,N,N,N,N,N,N,N,N,N,N,N,,,,"TRADE             ","TRADE             ",,IMST1,0,34360d145082497d679273c
I:EFMEGK,IREFMCO3,"3000496        ","RST  ","ACCR ",CG852,N,EUOPS,2,Y,N,"CBA  ","I:EFMEGK     ",2020-08-28 11:00:37,2020-11-17 19:40:39,SMANZANO,LS2BATCH,100000000,100000000,1,1,N,"AMS_RPA_FACILITY              ",0,0,0,"OFF  ",2020-06-08 00:00:00,N,,"2161      ",2025-05-29 00:00:00,2025-05-29 00:00:00,100000000,100000000,0,100000000,EUR,2020-05-29 00:00:00,2020-05-22 00:00:00,,,,,,,,,,OTHER,2020-05-29 00:00:00,,AU,,,,Y,,,,,N,N,N,N,,0,"LAST ",N,N,N,0,0,,"NONE ",,"LOAN ",,,,,,N,N,N,Y,,,N,N,N,N,N,N,Y,N,N,N,N,N,Y,N,N,N,Y,N,N,Y,N,N,N,N,N,N,N,N,N,N,N,,,,"TRADE             ","TRADE             ",,IMST1,0,34714c841cb877c12e1c1c6
"#!EFTRT9","#!EFTROA","3000538        ","RST  ","ACCR ",CG852,N,EUOPS,1,Y,N,"CBA  ","#!EFTRT9     ",2020-09-01 09:54:01,2020-11-17 19:40:18,CMARTILL,LS2BATCH,1000000,1000000,1,1,N,"FAC1 AMSTER RPA 1M CM         ",0,0,0,"OFF  ",2020-05-29 00:00:00,N,,"0124      ",2024-05-28 00:00:00,2024-05-28 00:00:00,1000000,1000000,0,1000000,EUR,2020-05-29 00:00:00,2020-05-08 00:00:00,,,,,,,,,,OTHER,2020-05-29 00:00:00,,AU,,,,Y,,,,,N,N,N,N,,0,"LAST ",N,N,N,0,0,,"NONE ",,"LOAN ",,,,,,N,N,N,Y,,,N,N,N,N,N,N,Y,N,N,N,N,N,Y,N,N,N,Y,N,N,Y,N,N,N,N,N,N,N,N,N,N,N,,,,"TRADE             ","TRADE             ",,IMST1,0,34c4b35bc97de1f7ee1c3cd
G$EGNIUB,9ZEF82FK,"3000699        ","RST  ","ACCR ",CG852,N,EUOPS,1,Y,N,"CBA  ","G$EGNIUB     ",2020-09-17 11:45:56,2020-09-17 12:04:09,JAQUITAN,JANICEA1,55446203.32,0,1,1.80355,N,"WSS_JATEST_OUT_FAC_NZD5       ",0,0,0,"OFF  ",,N,,"2161      ",2025-06-25 00:00:00,2025-06-25 00:00:00,0,100000000,0,0,NZD,2020-06-25 00:00:00,2020-06-18 00:00:00,,,,,,,,,,,,,AU,,,,Y,,,,,N,N,N,N,,0,"LAST ",N,N,N,0,0,,"NONE ",,"LOAN ",,,,,,N,N,N,Y,,,N,N,N,N,N,N,Y,N,N,N,N,N,Y,N,N,N,Y,N,N,Y,N,N,N,N,N,N,N,N,N,N,N,,,,"TRADE             ","TRADE             ",,IMST1,0,3617d74dde2b287c2e1d000
GREGNHU7,9ZEF82FK,"3000695        ","RST  ","ACCR ",CG852,N,EUOPS,1,Y,N,"CBA  ","GREGNHU7     ",2020-09-17 11:18:51,2020-11-17 19:40:21,JAQUITAN,LS2BATCH,114893665.91,0,1,0.87037,N,"WSS_JATEST_OUT_FAC_GBP5       ",0,0,0,"OFF  ",2020-06-25 00:00:00,N,,"2161      ",2025-06-25 00:00:00,2025-06-25 00:00:00,0,100000000,0,0,GBP,2020-06-25 00:00:00,2020-06-18 00:00:00,,,,,,,,,,OTHER,2020-06-26 00:00:00,,AU,,,,Y,,,,,N,N,N,N,,0,"LAST ",N,N,N,0,0,,"NONE ",,"LOAN ",,,,,,N,N,N,Y,,,N,N,N,N,N,N,Y,N,N,N,N,N,Y,N,N,N,Y,N,N,Y,N,N,N,N,N,N,N,N,N,N,N,,,,"TRADE             ","TRADE             ",,IMST1,0,361771a7dd832be0be1cff5
0JEGNPY5,YZEFEWH5,"3000705        ","RST  ","ACCR ",CG852,N,EUOPS,1,Y,N,"CBA  ","0JEGNPY5     ",2020-09-17 13:07:05,2020-09-17 13:17:38,SMANZANO,MANZANOS,91996320.15,0,1,1.087,N,"AMS_FACILITY_USD              ",0,0,0,"OFF  ",,N,,"2161      ",2025-06-25 00:00:00,2025-06-25 00:00:00,0,100000000,0,0,USD,2020-06-25 00:00:00,2020-06-18 00:00:00,,,,,,,,,,,,,AU,,,,Y,,,,,N,N,N,N,,0,"LAST ",N,N,N,0,0,,"NONE ",,"LOAN ",,,,,,N,N,N,Y,,,N,N,N,N,N,N,Y,N,N,N,N,N,Y,N,N,N,Y,N,N,Y,N,N,N,N,N,N,N,N,N,N,N,,,,"TRADE             ","TRADE             ",,IMST1,0,36190786630234bc4e1d030
4GEHSB5Y,4GEHSB3M,"3000849        ","TAM  ","ACCR ",CG852,N,EUOPS,1,N,N,"CBA  ","4GEHSB5Y     ",2020-10-09 12:20:41,2020-10-09 12:20:41,ARFELI01,ARFELI01,100,100,1,1,N,"CEU_FAC_09102020121034JVM     ",0,0,0,"OFF  ",,N,,,,,100,100,0,100,EUR,,,,,,,,,,,,,,,,,,,Y,,,,,N,N,N,N,,0,"LAST ",N,N,N,0,0,,"NONE ",,"LOAN ",,,,,,N,N,N,Y,,,N,N,N,N,N,N,Y,N,N,N,N,N,Y,N,N,N,Y,N,N,Y,N,N,N,N,N,N,N,N,N,N,N,,,,"TRADE             ","TRADE             ",,IMST1,0,37e8698048386d230b7191d
4GEHSB8F,4GEHSB63,"3000850        ","TAM  ","ACCR ",CG852,N,EUOPS,1,N,N,"CBA  ","4GEHSB8F     ",2020-10-09 12:44:57,2020-10-09 12:48:13,ARFELI01,ARFELI01,100,100,1,1,N,"CEU_FAC_09102020123520WLL     ",0,0,0,"OFF  ",,N,,,2021-08-10 00:00:00,2021-07-12 00:00:00,100,100,0,100,EUR,2020-07-10 00:00:00,2020-07-10 00:00:00,,,,,,,,,,,,,,,,,Y,,,,,N,N,N,N,,0,"LAST ",N,N,N,0,0,,"NONE ",,"LOAN ",,,,,,N,N,N,Y,,,N,N,N,N,N,N,Y,N,N,N,N,N,Y,N,N,N,Y,N,N,Y,N,N,N,N,N,N,N,N,N,N,N,,,,"TRADE             ","TRADE             ",,IMST1,0,37e8c4928e321bddeb7192a
FYEHSERL,FYEHSEG7,"3000851        ","TAM  ","ACCR ",CG852,N,EUOPS,1,N,N,"CBA  ","FYEHSERL     ",2020-10-09 14:05:47,2020-10-09 14:09:06,ARFELI01,ARFELI01,100,100,1,1,N,"CEU_FAC_09102020135624DXQ     ",0,0,0,"OFF  ",,N,,,2021-08-13 00:00:00,2021-07-13 00:00:00,100,100,0,100,EUR,2020-07-13 00:00:00,2020-07-13 00:00:00,,,,,,,,,,,,,,,,,Y,,,,,N,N,N,N,,0,"LAST ",N,N,N,0,0,,"NONE ",,"LOAN ",,,,,,N,N,N,Y,,,N,N,N,N,N,N,Y,N,N,N,N,N,Y,N,N,N,Y,N,N,Y,N,N,N,N,N,N,N,N,N,N,N,,,,"TRADE             ","TRADE             ",,IMST1,0,37e9f3aa13eb1cccfb7194e
F$EHSHT7,F$EHSHQV,"3000852        ","TAM  ","ACCR ",CG852,N,EUOPS,1,N,N,"CBA  ","F$EHSHT7     ",2020-10-09 14:53:12,2020-10-09 14:56:39,ARFELI01,ARFELI01,100,100,1,1,N,"CEU_FAC_09102020144343NDW     ",0,0,0,"OFF  ",,N,,,2021-08-13 00:00:00,2021-07-13 00:00:00,100,100,0,100,EUR,2020-07-13 00:00:00,2020-07-13 00:00:00,,,,,,,,,,,,,,,,,Y,,,,,N,N,N,N,,0,"LAST ",N,N,N,0,0,,"NONE ",,"LOAN ",,,,,,N,N,N,Y,,,N,N,N,N,N,N,Y,N,N,N,N,N,Y,N,N,N,Y,N,N,Y,N,N,N,N,N,N,N,N,N,N,N,,,,"TRADE             ","TRADE             ",,IMST1,0,37eaa57db0b183ecab71976
F*EHSKCQ,F*EHSKAE,"3000854        ","TAM  ","ACCR ",CG852,N,EUOPS,1,N,N,"CBA  ","F*EHSKCQ     ",2020-10-09 15:54:01,2020-10-09 15:58:21,ARFELI01,ARFELI01,100,100,1,1,N,"CEU_FAC_09102020154436BUD     ",0,0,0,"OFF  ",,N,,"8431      ",2021-08-13 00:00:00,2021-07-13 00:00:00,100,100,0,100,EUR,2020-07-13 00:00:00,2020-07-13 00:00:00,,,,,,,,,,,,,AU,,,,Y,,,,,N,N,N,N,,0,"LAST ",N,N,N,0,0,,"NONE ",,"LOAN ",,,,,,N,N,N,Y,,,N,N,N,N,N,N,Y,N,N,N,N,N,Y,N,N,N,Y,N,N,Y,N,N,N,N,N,N,N,N,N,N,N,,,,"TRADE             ","TRADE             ",,IMST1,0,37eb8992d999014e7b719ab
"#XEHOQ7N","#XEHOQ6X","3000813        ","RST  ","ACCR ",CG852,N,EUOPS,1,Y,N,"CBA  ","#XEHOQ7N     ",2020-10-07 11:22:12,2020-10-07 15:47:38,LIQSVR04,LS2BATCH,100000000,100000000,1,1,N,"RPA 100M FACILITY             ",0,0,0,"OFF  ",,N,,"0130      ",2027-08-09 00:00:00,2027-07-09 00:00:00,100000000,100000000,0,100000000,EUR,2020-07-09 00:00:00,2020-07-01 00:00:00,,,,,,,,,,,,,AU,,,,Y,,,,,N,N,N,N,,0,"LAST ",N,N,N,0,0,,"NONE ",,"LOAN ",,,,,,N,N,N,Y,,,N,N,N,N,N,N,Y,N,N,N,N,N,Y,N,N,N,Y,N,N,Y,N,N,N,N,N,N,N,N,N,N,N,,,,"TRADE             ","TRADE             ",,IMST1,0,37bd5e2e0d9bad647b7161c
+OEH9ZD0,+OEH9ZC4,"3000759        ","RST  ","ACCR ",CG852,N,EUOPS,1,N,N,"CBA  ","+OEH9ZD0     ",2020-09-29 14:20:06,2020-11-17 19:40:28,JAQUITAN,LS2BATCH,100000000,100000000,1,1,N,"AMS_RPA_FACILITY              ",0,0,0,"OFF  ",2020-07-13 00:00:00,N,,"2161      ",2025-07-08 00:00:00,2025-07-08 00:00:00,100000000,100000000,0,100000000,EUR,2020-07-08 00:00:00,2020-07-01 00:00:00,,,,,,,,,,OTHER,2020-07-10 00:00:00,,AU,,,,Y,,,,,N,N,N,N,,0,"LAST ",N,N,N,0,0,,"NONE ",,"LOAN ",,,,,,N,N,N,Y,,,N,N,N,N,N,N,Y,N,N,N,N,N,Y,N,N,N,Y,N,N,Y,N,N,N,N,N,N,N,N,N,N,N,,,,"TRADE             ","TRADE             ",,IMST1,0,37173956d98b7d16b466952
:IEHOPBI,0REF4EYL,"3000819        ","RST  ","ACCR ",CG852,N,EUOPS,1,N,N,"CBA  ",":IEHOPBI     ",2020-10-07 14:03:06,2020-10-07 14:03:06,LIQUSR03,LIQUSR03,0,0,1,1,N,"FACILITY B                    ",0,0,0,"OFF  ",,N,,,,,0,0,0,0,EUR,,,,,,,,,,,,,,,,,,,Y,,,,,N,N,N,N,,0,"LAST ",N,N,N,0,0,,"NONE ",,"LOAN ",,,,,,N,N,N,Y,,,N,N,N,N,N,N,Y,N,N,N,N,N,Y,N,N,N,Y,N,N,Y,N,N,N,N,N,N,N,N,N,N,N,,,,"TRADE             ","TRADE             ",,IMST1,0,37bfb9a412ffaa1efb71667
+TEHQISO,+TEHQIIH,"3000830        ","TAM  ","ACCR ",CG852,N,EUOPS,1,N,N,"CBA  ","+TEHQISO     ",2020-10-08 13:37:32,2020-10-08 13:37:32,ARFELI01,ARFELI01,100,100,1,1,N,"CEU_FAC_08102020132812BAC     ",0,0,0,"OFF  ",,N,,,,,100,100,0,100,EUR,,,,,,,,,,,,,,,,,,,Y,,,,,N,N,N,N,,0,"LAST ",N,N,N,0,0,,"NONE ",,"LOAN ",,,,,,N,N,N,Y,,,N,N,N,N,N,N,Y,N,N,N,N,N,Y,N,N,N,Y,N,N,Y,N,N,N,N,N,N,N,N,N,N,N,,,,"TRADE             ","TRADE             ",,IMST1,0,37d471b3056c09c84b717f2
AREHQR5R,AREHQR3F,"3000831        ","TAM  ","ACCR ",CG852,N,EUOPS,1,N,N,"CBA  ","AREHQR5R     ",2020-10-08 15:40:29,2020-10-08 15:40:29,ARFELI01,ARFELI01,100,100,1,1,N,"CEU_FAC_08102020153058YJT     ",0,0,0,"OFF  ",,N,,,,,100,100,0,100,EUR,,,,,,,,,,,,,,,,,,,Y,,,,,N,N,N,N,,0,"LAST ",N,N,N,0,0,,"NONE ",,"LOAN ",,,,,,N,N,N,Y,,,N,N,N,N,N,N,Y,N,N,N,N,N,Y,N,N,N,Y,N,N,Y,N,N,N,N,N,N,N,N,N,N,N,,,,"TRADE             ","TRADE             ",,IMST1,0,37d63ec70b9d200aab7182a
AREHQR88,AREHQR5W,"3000833        ","TAM  ","ACCR ",CG852,N,EUOPS,1,N,N,"CBA  ","AREHQR88     ",2020-10-08 16:10:25,2020-10-08 16:10:25,ARFELI01,ARFELI01,100,100,1,1,N,"CEU_FAC_08102020160058SVY     ",0,0,0,"OFF  ",,N,,,,,100,100,0,100,EUR,,,,,,,,,,,,,,,,,,,Y,,,,,N,N,N,N,,0,"LAST ",N,N,N,0,0,,"NONE ",,"LOAN ",,,,,,N,N,N,Y,,,N,N,N,N,N,N,Y,N,N,N,N,N,Y,N,N,N,Y,N,N,Y,N,N,N,N,N,N,N,N,N,N,N,,,,"TRADE             ","TRADE             ",,IMST1,0,37d6af006c515846ab71851
42EHSA2A,42EHS9YE,"3000845        ","RST  ","ACCR ",CG852,N,EUOPS,1,N,N,"CBA  ","42EHSA2A     ",2020-10-09 11:12:46,2020-10-09 13:29:36,LIQUSR03,LIQAPCP3,1000000000,1000000000,1,1,N,"FACILITY A                    ",0,0,0,"OFF  ",,N,,"0124      ",2025-07-10 00:00:00,2025-07-10 00:00:00,1000000000,1000000000,0,1000000000,EUR,2020-07-10 00:00:00,2020-07-10 00:00:00,,,,,,,,,,,,,AU,,,,Y,,,,,N,N,N,N,,0,"LAST ",N,N,N,0,0,,"NONE ",,"LOAN ",,,,,,N,N,N,Y,,,N,N,N,N,N,N,Y,N,N,N,N,N,Y,N,N,N,Y,N,N,Y,N,N,N,N,N,N,N,N,N,N,N,,,,"TRADE             ","TRADE             ",,IMST1,0,37e76ae9d361836bab71907
4GEHSB10,4GEHSAYO,"3000846        ","TAM  ","ACCR ",CG852,N,EUOPS,1,N,N,"CBA  ","4GEHSB10     ",2020-10-09 11:35:50,2020-10-09 11:35:50,ARFELI01,ARFELI01,100,100,1,1,N,"CEU_FAC_09102020112611VAG     ",0,0,0,"OFF  ",,N,,,,,100,100,0,100,EUR,,,,,,,,,,,,,,,,,,,Y,,,,,N,N,N,N,,0,"LAST ",N,N,N,0,0,,"NONE ",,"LOAN ",,,,,,N,N,N,Y,,,N,N,N,N,N,N,Y,N,N,N,N,N,Y,N,N,N,Y,N,N,Y,N,N,N,N,N,N,N,N,N,N,N,,,,"TRADE             ","TRADE             ",,IMST1,0,37e7c165888523f49b71911
4GEHSB3H,4GEHSB15,"3000847        ","TAM  ","ACCR ",CG852,N,EUOPS,1,N,N,"CBA  ","4GEHSB3H     ",2020-10-09 12:01:32,2020-10-09 12:01:32,ARFELI01,ARFELI01,100,100,1,1,N,"CEU_FAC_09102020115140BAJ     ",0,0,0,"OFF  ",,N,,,,,100,100,0,100,EUR,,,,,,,,,,,,,,,,,,,Y,,,,,N,N,N,N,,0,"LAST ",N,N,N,0,0,,"NONE ",,"LOAN ",,,,,,N,N,N,Y,,,N,N,N,N,N,N,Y,N,N,N,N,N,Y,N,N,N,Y,N,N,Y,N,N,N,N,N,N,N,N,N,N,N,,,,"TRADE             ","TRADE             ",,IMST1,0,37e821c2e38444788b7191a
X-EI206K,D3EI1MRL,"3000916        ","RST  ","ACCR ",CG852,N,EUOPS,1,Y,N,"CBA  ","X-EI206K     ",2020-10-14 18:23:18,2020-10-21 17:24:37,SMANZANO,JAQUITAN,905970294.41,0,1,0.110378895,N,"SYNDICATED_USD_FAC1           ",0,0,0,"OFF  ",,N,,"0420      ",2026-03-05 00:00:00,2026-03-05 00:00:00,0,100000000,0,0,USD,2021-03-04 00:00:00,2021-02-26 00:00:00,,,,,,,,,,,,,AU,,,,Y,,,,,N,N,N,N,,0,"LAST ",N,N,N,0,0,,"NONE ",,"LOAN ",,,,,,N,N,N,Y,,,N,N,N,N,N,N,Y,N,N,N,N,N,Y,N,N,N,Y,N,N,Y,N,N,N,N,N,N,N,N,N,N,N,,,,"TRADE             ","TRADE             ",,IMST1,0,38573148fc95def21f9ee7e
I-EI259A,D3EI1MRL,"3000920        ","RST  ","ACCR ",CG852,N,EUOPS,1,Y,N,"CBA  ","I-EI259A     ",2020-10-14 19:57:58,2020-10-20 16:52:19,SMANZANO,JAQUITAN,90596960.5,0,1,0.110378979,N,"SYNDICATED_USD_FAC3           ",0,0,0,"OFF  ",,N,,"0420      ",2021-03-05 00:00:00,2021-03-05 00:00:00,0,10000000,0,0,USD,2021-03-04 00:00:00,2021-02-26 00:00:00,,,,,,,,,,,,,AU,,,,Y,,,,,N,N,N,N,,0,"LAST ",N,N,N,0,0,,"NONE ",,"LOAN ",,,,,,N,N,N,Y,,,N,N,N,N,N,N,Y,N,N,N,N,N,Y,N,N,N,Y,N,N,Y,N,N,N,N,N,N,N,N,N,N,N,,,,"TRADE             ","TRADE             ",,IMST1,0,385894603a2e85fc1f9eed2
B4EI393N,D3EI1MRL,"3000929        ","RST  ","ACCR ",CG852,N,EUOPS,1,Y,N,"CBA  ","B4EI393N     ",2020-10-15 10:07:10,2020-10-26 09:02:08,LIQUSR03,LS2BATCH,2989698.83,0,1,0.334481851471306,N,"SDYNDICATED_AUD_FAC1          ",0,0,0,"OFF  ",,N,,"0420      ",2021-03-05 00:00:00,2021-03-05 00:00:00,0,1000000,0,0,AUD,2021-03-04 00:00:00,2021-03-04 00:00:00,,,,,,,,,,,,,AU,,,,Y,,,,,N,N,N,N,,0,"LAST ",N,N,N,0,0,,"NONE ",,"LOAN ",,,,,,N,N,N,Y,,,N,N,N,N,N,N,Y,N,N,N,N,N,Y,N,N,N,Y,N,N,Y,N,N,N,N,N,N,N,N,N,N,N,,,,"TRADE             ","TRADE             ",,IMST1,0,386504e37fe320976f9ef35
BPEI37NY,"#+EI35Q6","3000928        ","RST  ","ACCR ",CG852,N,EUOPS,1,N,N,"CBA  ","BPEI37NY     ",2020-10-15 09:20:19,2020-10-15 09:32:20,JAQUITAN,MANZANOS,10000000,10000000,1,1,N,"FAC_USD                       ",0,0,0,"OFF  ",,N,,"0420      ",2026-03-05 00:00:00,2026-03-05 00:00:00,10000000,10000000,0,10000000,USD,2021-03-05 00:00:00,2021-02-26 00:00:00,,,,,,,,,,,,,AU,,,,Y,,,,,N,N,N,N,,0,"LAST ",N,N,N,0,0,,"NONE ",,"LOAN ",,,,,,N,N,N,Y,,,N,N,N,N,N,N,Y,N,N,N,N,N,Y,N,N,N,Y,N,N,Y,N,N,N,N,N,N,N,N,N,N,N,,,,"TRADE             ","TRADE             ",,IMST1,0,386455363a714da5ff9ef2d
:6EI3G1H,$QEI1OJW,"3000930        ","RST  ","ACCR ",CG852,N,EUOPS,1,N,N,"CBA  ",":6EI3G1H     ",2020-10-15 11:15:43,2020-10-15 11:21:40,LIQUSR03,LIQUSR03,0,0,1,1,N,"FACILITY B                    ",0,0,0,"OFF  ",,N,,"0124      ",2025-03-07 00:00:00,2025-03-07 00:00:00,0,0,0,0,AUD,,2021-03-08 00:00:00,,,,,,,,,,,,,AU,,,,Y,,,,,N,N,N,N,,0,"LAST ",N,N,N,0,0,,"NONE ",,"LOAN ",,,,,,N,N,N,Y,,,N,N,N,N,N,N,Y,N,N,N,N,N,Y,N,N,N,Y,N,N,Y,N,N,N,N,N,N,N,N,N,N,N,,,,"TRADE             ","TRADE             ",,IMST1,0,386605fd9bfe56bc9f9ef44
:YEI3DVV,:YEI3DT4,"3000932        ","RST  ","ACCR ",CG852,N,EUOPS,1,Y,N,"CBA  ",":YEI3DVV     ",2020-10-15 11:50:08,2020-10-15 11:55:27,CESSINP1,CESSINP1,49748768.72,49748768.72,1,6.0303,N,"CBANLDNAFAC15102020114041     ",0,0,0,"OFF  ",,N,,,2024-04-06 00:00:00,2024-03-07 00:00:00,300000000,300000000,0,300000000,AUD,2021-03-08 00:00:00,2021-03-08 00:00:00,,,,,,,,,,,,,,,,,Y,,,,,N,N,N,N,,0,"LAST ",N,N,N,0,0,,"NONE ",,"LOAN ",,,,,,N,N,N,Y,,,N,N,N,N,N,N,Y,N,N,N,N,N,Y,N,N,N,Y,N,N,Y,N,N,N,N,N,N,N,N,N,N,N,,,,"TRADE             ","TRADE             ",,IMST1,0,386685662d03ad865f9ef52
:6EI3GFB,:6EI3GEF,"3000933        ","RST  ","ACCR ",CG852,N,EUOPS,1,N,N,"CBA  ",":6EI3GFB     ",2020-10-15 12:04:42,2020-10-15 12:20:25,LIQUSR03,LIQAPCP3,1000000,1000000,1,1,N,"FACILITY A                    ",0,0,0,"OFF  ",,N,,"0124      ",2026-03-06 00:00:00,2026-03-06 00:00:00,1000000,1000000,0,1000000,AUD,2021-03-08 00:00:00,2021-03-08 00:00:00,,,,,,,,,,,,,AU,,,,Y,,,,,N,N,N,N,,0,"LAST ",N,N,N,0,0,,"NONE ",,"LOAN ",,,,,,N,N,N,Y,,,N,N,N,N,N,N,Y,N,N,N,N,N,Y,N,N,N,Y,N,N,Y,N,N,N,N,N,N,N,N,N,N,N,,,,"TRADE             ","TRADE             ",,IMST1,0,3866bda9f8e100e28f9ef5c
:6EI3GI8,:6EI3GEF,"3000935        ","RST  ","ACCR ",CG852,N,EUOPS,1,N,N,"CBA  ",":6EI3GI8     ",2020-10-15 12:09:23,2020-11-17 19:40:07,LIQUSR03,LS2BATCH,1000000,1000000,1,1,N,"FACILITY B                    ",0,0,0,"OFF  ",2021-05-10 00:00:00,N,,"0124      ",2026-03-06 00:00:00,2026-03-06 00:00:00,1000000,1000000,0,1000000,AUD,2021-03-08 00:00:00,2021-03-08 00:00:00,,,,,,,,,,OTHER,2021-03-08 00:00:00,,AU,,,,Y,,,,,N,N,N,N,,0,"LAST ",N,N,N,0,0,,"NONE ",,"LOAN ",,,,,,N,N,N,Y,,,N,N,N,N,N,N,Y,N,N,N,N,N,Y,N,N,N,Y,N,N,Y,N,N,N,N,N,N,N,N,N,N,N,,,,"TRADE             ","TRADE             ",,IMST1,0,3866cf300a3f3d285f9ef63
NPEI1VIS,D3EI1MRL,"3000913        ","RST  ","ACCR ",CG852,N,EUOPS,1,N,N,"CBA  ","NPEI1VIS     ",2020-10-14 16:46:19,2020-10-14 16:56:52,JAQUITAN,JANICEA1,40000000,0,1,1,N,"SYNDICATED_NOK_FAC2_OA        ",0,0,0,"OFF  ",,N,,"0420      ",2025-03-04 00:00:00,2025-03-04 00:00:00,0,40000000,0,0,NOK,2021-03-04 00:00:00,2021-02-25 00:00:00,,,,,,,,,,,,,AU,,,,Y,,,,,N,N,N,N,,0,"LAST ",N,N,N,0,0,,"NONE ",,"LOAN ",,,,,,N,N,N,Y,,,N,N,N,N,N,N,Y,N,N,N,N,N,Y,N,N,N,Y,N,N,Y,N,N,N,N,N,N,N,N,N,N,N,,,,"TRADE             ","TRADE             ",,IMST1,0,3855c5bed5096222af9ee73
IKEI224J,D3EI1MRL,"3000918        ","RST  ","ACCR ",CG852,N,EUOPS,1,Y,N,"CBA  ","IKEI224J     ",2020-10-14 19:08:09,2020-10-23 18:09:41,SMANZANO,MANZANOS,0,0,1,0.110378979,N,"SYNDICATED_USD_FAC2           ",0,0,0,"OFF  ",,N,,"0420      ",2021-03-08 00:00:00,2021-03-05 00:00:00,0,0,0,0,USD,2021-03-04 00:00:00,2021-02-26 00:00:00,,,,2021-03-08 00:00:00,,,,,,,,,AU,,,,Y,,,,,N,N,N,N,,0,"LAST ",N,N,N,0,0,,"NONE ",,"LOAN ",,,,,,N,N,N,Y,,,N,N,N,N,N,N,Y,N,N,N,N,Y,Y,N,N,N,Y,N,N,Y,N,N,N,N,N,N,N,N,N,N,N,,,,"TRADE             ","TRADE             ",,IMST1,0,3857d99995addb878f9eeab
:YEI3FS1,:YEI3F1E,"3000937        ","RST  ","ACCR ",CG852,N,EUOPS,1,Y,N,"CBA  ",":YEI3FS1     ",2020-10-15 13:00:59,2020-10-15 13:04:25,CESSINP1,CESSINP1,49748768.72,49748768.72,1,6.0303,N,"CBANLDNAFAC15102020125201     ",0,0,0,"OFF  ",,N,,,2024-04-06 00:00:00,2024-03-07 00:00:00,300000000,300000000,0,300000000,AUD,2021-03-08 00:00:00,2021-03-08 00:00:00,,,,,,,,,,,,,,,,,Y,,,,,N,N,N,N,,0,"LAST ",N,N,N,0,0,,"NONE ",,"LOAN ",,,,,,N,N,N,Y,,,N,N,N,N,N,N,Y,N,N,N,N,N,Y,N,N,N,Y,N,N,Y,N,N,N,N,N,N,N,N,N,N,N,,,,"TRADE             ","TRADE             ",,IMST1,0,3867900415b790c6ef9ef7f
:YEI3H0U,:YEI3G9Q,"3000938        ","RST  ","ACCR ",CG852,N,EUOPS,1,Y,N,"CBA  ",":YEI3H0U     ",2020-10-15 13:27:52,2020-10-15 13:47:19,CESSINP1,CESSINP1,49748768.72,49748768.72,1,6.0303,N,"CBANLDNAFAC15102020131852     ",0,0,0,"OFF  ",,N,,"4222      ",2024-04-06 00:00:00,2024-03-07 00:00:00,300000000,300000000,0,300000000,AUD,2021-03-08 00:00:00,2021-03-08 00:00:00,,,,,,,,,,,,,AU,,,,Y,,,,,N,N,N,N,,0,"LAST ",N,N,N,0,0,,"NONE ",,"LOAN ",,,,,,N,N,N,Y,,,N,N,N,N,N,N,Y,N,N,N,N,N,Y,N,N,N,Y,N,N,Y,N,N,N,N,N,N,N,N,N,N,N,,,,"TRADE             ","TRADE             ",,IMST1,0,3867f4d972cb47722f9ef8a
:YEI3JZ1,:YEI3J7H,"3000940        ","RST  ","ACCR ",CG852,N,EUOPS,1,N,N,"CBA  ",":YEI3JZ1     ",2020-10-15 14:31:33,2020-10-15 14:50:29,CESSINP1,CESSINP1,300000000,300000000,1,1,N,"CBANLDNAFAC15102020142236     ",0,0,0,"OFF  ",,N,,"4222      ",2024-04-06 00:00:00,2024-03-07 00:00:00,300000000,300000000,0,300000000,EUR,2021-03-08 00:00:00,2021-03-08 00:00:00,,,,,,,,,,,,,AU,,,,Y,,,,,N,N,N,N,,0,"LAST ",N,N,N,0,0,,"NONE ",,"LOAN ",,,,,,N,N,N,Y,,,N,N,N,N,N,N,Y,N,N,N,N,N,Y,N,N,N,Y,N,N,Y,N,N,N,N,N,N,N,N,N,N,N,,,,"TRADE             ","TRADE             ",,IMST1,0,3868e3b0d05648837f9efaa
.XEHY4PA,.XEHY4LC,"3000863        ","RST  ","ACCR ",CG852,N,EUOPS,1,N,N,"CBA  ",".XEHY4PA     ",2020-10-12 15:27:35,2020-10-12 15:44:02,LIQUSR03,LIQAPCP3,1000000000,1000000000,1,1,N,"FACILITY A                    ",0,0,0,"OFF  ",,N,,"0124      ",2023-07-13 00:00:00,2023-07-13 00:00:00,1000000000,1000000000,0,1000000000,AUD,2020-07-13 00:00:00,2020-07-13 00:00:00,,,,,,,,,,,,,AU,,,,Y,,,,,N,N,N,N,,0,"LAST ",N,N,N,0,0,,"NONE ",,"LOAN ",,,,,,N,N,N,Y,,,N,N,N,N,N,N,Y,N,N,N,N,N,Y,N,N,N,Y,N,N,Y,N,N,N,N,N,N,N,N,N,N,N,,,,"TRADE             ","TRADE             ",,IMST1,0,382a6e76e0947dccab719ee
T@EHY5FQ,T@EHY3MK,"3000865        ","RST  ","ACCR ",CG852,N,EUOPS,1,N,N,"CBA  ","T@EHY5FQ     ",2020-10-12 16:29:16,2020-10-12 16:29:16,CESSINP1,CESSINP1,100000000,100000000,1,1,N,"FACILITY A                    ",0,0,0,"OFF  ",,N,,,,,100000000,100000000,0,100000000,EUR,,,,,,,,,,,,,,,,,,,Y,,,,,N,N,N,N,,0,"LAST ",N,N,N,0,0,,"NONE ",,"LOAN ",,,,,,N,N,N,Y,,,N,N,N,N,N,N,Y,N,N,N,N,N,Y,N,N,N,Y,N,N,Y,N,N,N,N,N,N,N,N,N,N,N,,,,"TRADE             ","TRADE             ",,IMST1,0,382b54991755b317bb719f5
=+EI1JPZ,40EDZTD7,"3000898        ","RST  ","ACCR ",CG852,N,EUOPS,1,Y,N,"CBA  ","=+EI1JPZ     ",2020-10-14 11:16:28,2020-10-15 10:09:14,SMANZANO,LS2BATCH,16231921.7,0,1,6.1607,N,"FAC_USD                       ",0,0,0,"OFF  ",,N,,"0420      ",2026-03-09 00:00:00,2026-03-09 00:00:00,0,100000000,0,0,USD,2021-03-03 00:00:00,2021-03-02 00:00:00,,,,,,,,,,,,,AU,,,,Y,,,,,N,N,N,N,,0,"LAST ",N,N,N,0,0,,"NONE ",,"LOAN ",,,,,,N,N,N,Y,,,N,N,N,N,N,N,Y,N,N,N,N,N,Y,N,N,N,Y,N,N,Y,N,N,N,N,N,N,N,N,N,N,N,,,,"TRADE             ","TRADE             ",,IMST1,0,3850f0cf3f558e2f2f9ee01
$QEI1OLY,$QEI1OJW,"3000907        ","RST  ","ACCR ",CG852,N,EUOPS,1,N,N,"CBA  ","$QEI1OLY     ",2020-10-14 13:04:28,2020-10-14 13:13:08,LIQUSR03,LIQAPCP3,1000000000,1000000000,1,1,N,"FACILITY A                    ",0,0,0,"OFF  ",,N,,"0124      ",2025-03-03 00:00:00,2025-03-03 00:00:00,1000000000,1000000000,0,1000000000,AUD,2021-03-03 00:00:00,2021-03-03 00:00:00,,,,,,,,,,,,,AU,,,,Y,,,,,N,N,N,N,,0,"LAST ",N,N,N,0,0,,"NONE ",,"LOAN ",,,,,,N,N,N,Y,,,N,N,N,N,N,N,Y,N,N,N,N,N,Y,N,N,N,Y,N,N,Y,N,N,N,N,N,N,N,N,N,N,N,,,,"TRADE             ","TRADE             ",,IMST1,0,385285bbe23f42353f9ee2b
*4EI53R8,*4EI53P2,"3000953        ","TAM  ","ACCR ",CG852,N,EUOPS,1,N,N,"CBA  ","*4EI53R8     ",2020-10-16 09:28:18,2020-10-16 09:36:24,ARFELI01,ARFELI01,100000,100000,1,1,N,"CEU_FAC_16102020091820FAW     ",0,0,0,"OFF  ",,N,,"8431      ",2022-04-08 00:00:00,2022-03-08 00:00:00,100000,100000,0,100000,EUR,2021-03-08 00:00:00,2021-03-08 00:00:00,,,,,,,,,,,,,AU,,,,Y,,,,,N,N,N,N,,0,"LAST ",N,N,N,0,0,,"NONE ",,"LOAN ",,,,,,N,N,N,Y,,,N,N,N,N,N,N,Y,N,N,N,N,N,Y,N,N,N,Y,N,N,Y,N,N,N,N,N,N,N,N,N,N,N,,,,"TRADE             ","TRADE             ",,IMST1,0,38798b22a5ccd988bf9f021
CKEHZVC2,9ZEF82FK,"3000884        ","RST  ","ACCR ",CG852,N,EUOPS,1,Y,N,"CBA  ","CKEHZVC2     ",2020-10-13 14:30:49,2020-10-13 14:40:22,JAQUITAN,JANICEA1,57341422.3,0,1,0.87197,N,WSS_JATEST_OUT__FAC4_GBP_DEAL5,0,0,0,"OFF  ",,N,,"2161      ",2025-03-07 00:00:00,2025-03-07 00:00:00,0,50000000,0,0,GBP,2021-03-01 00:00:00,2021-02-22 00:00:00,,,,,,,,,,,,,AU,,,,Y,,,,,N,N,N,N,,0,"LAST ",N,N,N,0,0,,"NONE ",,"LOAN ",,,,,,N,N,N,Y,,,N,N,N,N,N,N,Y,N,N,N,N,N,Y,N,N,N,Y,N,N,Y,N,N,N,N,N,N,N,N,N,N,N,,,,"TRADE             ","TRADE             ",,IMST1,0,383eb18650dab50d467d49d
C6EHZZZO,9ZEF82FK,"3000887        ","RST  ","ACCR ",CG852,N,EUOPS,1,Y,N,"CBA  ","C6EHZZZO     ",2020-10-13 15:49:23,2020-10-13 16:05:44,JAQUITAN,JANICEA1,22936568.92,0,1,0.87197,N,"WSS_JATEST_FAC_GBP5           ",0,0,0,"OFF  ",,N,,"2161      ",2025-03-03 00:00:00,2025-03-03 00:00:00,0,20000000,0,0,GBP,2021-03-01 00:00:00,2021-02-22 00:00:00,,,,,,,,,,,,,AU,,,,Y,,,,,N,N,N,N,,0,"LAST ",N,N,N,0,0,,"NONE ",,"LOAN ",,,,,,N,N,N,Y,,,N,N,N,N,N,N,Y,N,N,N,N,N,Y,N,N,N,Y,N,N,Y,N,N,N,N,N,N,N,N,N,N,N,,,,"TRADE             ","TRADE             ",,IMST1,0,383fd8325e2ad9c5267d4ae
)UEIAL9L,"!OEI5XYB","3000965        ","TAM  ","ACCR ",CG852,N,EUOPS,1,N,N,"CBA  ",")UEIAL9L     ",2020-10-19 08:29:56,2020-10-19 08:29:56,INPDEL01,INPDEL01,50000000,50000000,1,1,N,"INTFULDRAW19102020082031JAG   ",0,0,0,"OFF  ",,N,,,,,50000000,50000000,0,50000000,EUR,,,,,,,,,,,,,,,,,,,Y,,,,,N,N,N,N,,0,"LAST ",N,N,N,0,0,,"NONE ",,"LOAN ",,,,,,N,N,N,Y,,,N,N,N,N,N,N,Y,N,N,N,N,N,Y,N,N,N,Y,N,N,Y,N,N,N,N,N,N,N,N,N,N,N,,,,"TRADE             ","TRADE             ",,IMST1,0,38b7f7fb6c1521c39f9f07c
)UEIALCP,)UEIAL9R,"3000966        ","TAM  ","ACCR ",CG852,N,EUOPS,1,N,N,"CBA  ",")UEIALCP     ",2020-10-19 08:48:56,2020-10-19 08:48:56,INPDEL01,INPDEL01,50000000,50000000,1,1,N,"INTFULDRAW19102020083928CEC   ",0,0,0,"OFF  ",,N,,,,,50000000,50000000,0,50000000,EUR,,,,,,,,,,,,,,,,,,,Y,,,,,N,N,N,N,,0,"LAST ",N,N,N,0,0,,"NONE ",,"LOAN ",,,,,,N,N,N,Y,,,N,N,N,N,N,N,Y,N,N,N,N,N,Y,N,N,N,Y,N,N,Y,N,N,N,N,N,N,N,N,N,N,N,,,,"TRADE             ","TRADE             ",,IMST1,0,38b83f736200603d2f9f07e
)=EIAU1O,)=EIATZI,"3000974        ","TAM  ","ACCR ",CG852,N,EUOPS,1,N,N,"CBA  ",")=EIAU1O     ",2020-10-19 12:31:42,2020-10-26 09:04:09,ARFELI01,LS2BATCH,100000,100000,1,1,N,"CEU_FAC_19102020122130NHJ     ",0,0,0,"OFF  ",,N,UNFND,"8431      ",2022-04-08 00:00:00,2022-03-08 00:00:00,100000,100000,0,100000,EUR,2021-03-08 00:00:00,2021-03-08 00:00:00,,,,,,,,,,,,,AU,,,,Y,,,,,N,N,N,N,,0,"LAST ",N,N,N,0,0,,"NONE ",,"LOAN ",,,,,,N,N,N,Y,,,N,N,N,N,N,N,Y,N,N,N,N,N,Y,N,N,N,Y,N,N,Y,N,N,N,N,N,N,N,N,N,N,N,,,,"TRADE             ","TRADE             ",,IMST1,0,38bb82ea5e0004921f9f08c
)JEIAQGM,)9EIAMDP,"3000971        ","RST  ","ACCR ",CG852,N,EUOPS,1,N,N,"CBA  ",")JEIAQGM     ",2020-10-19 10:10:22,2020-10-19 10:10:22,DELINP01,DELINP01,30000000,30000000,1,1,N,"PARDRAW19102020100110VUC      ",0,0,0,"OFF  ",,N,,,,,30000000,30000000,0,30000000,EUR,,,,,,,,,,,,,,,,,,,Y,,,,,N,N,N,N,,0,"LAST ",N,N,N,0,0,,"NONE ",,"LOAN ",,,,,,N,N,N,Y,,,N,N,N,N,N,N,Y,N,N,N,N,N,Y,N,N,N,Y,N,N,Y,N,N,N,N,N,N,N,N,N,N,N,,,,"TRADE             ","TRADE             ",,IMST1,0,38b970cfd60730029f9f084
@5EI038S,@EEI01UV,"3000885        ","RST  ","ACCR ",CG852,N,EUOPS,1,N,N,"CBA  ","@5EI038S     ",2020-10-13 14:36:58,2020-10-13 14:51:53,LIQUSR05,LIQSVR04,10000000,10000000,1,1,N,"10M_FAC_AGNCY_AUD             ",0,0,0,"OFF  ",,N,,"0130      ",2027-03-11 00:00:00,2027-03-01 00:00:00,10000000,10000000,0,10000000,AUD,2021-03-01 00:00:00,2021-02-01 00:00:00,,,,,,,,,,,,,AU,,,,Y,,,,,N,N,N,N,,0,"LAST ",N,N,N,0,0,,"NONE ",,"LOAN ",,,,,,N,N,N,Y,,,N,N,N,N,N,N,Y,N,N,N,N,N,Y,N,N,N,Y,N,N,Y,N,N,N,N,N,N,N,N,N,N,N,,,,"TRADE             ","TRADE             ",,IMST1,0,383ec877996bc648467d49e
T*EHY77J,)YEHXS7X,"3000867        ","RST  ","ACCR ",CG852,N,EUOPS,1,Y,N,"CBA  ","T*EHY77J     ",2020-10-12 17:07:26,2020-10-13 16:14:27,CESSINP1,RPTMGR01,100000000,100000000,1,1,N,"FACILITY B                    ",0,0,0,"OFF  ",,N,,"4222      ",2025-07-14 00:00:00,2025-07-14 00:00:00,100000000,100000000,0,100000000,EUR,2021-03-01 00:00:00,2020-06-12 00:00:00,,,,,,,,,,,,,AU,,,,Y,,,,,N,N,N,N,,0,"LAST ",N,N,N,0,0,,"NONE ",,"LOAN ",,,,,,N,N,N,Y,,,N,N,N,N,N,N,Y,N,N,N,N,N,Y,N,N,N,Y,N,N,Y,N,N,N,N,N,N,N,N,N,N,N,,,,"TRADE             ","TRADE             ",,IMST1,0,382be413a7ae88399b719fe
CNEHZZU5,)YEHXS7X,"3000888        ","RST  ","ACCR ",CG852,N,EUOPS,1,N,N,"CBA  ","CNEHZZU5     ",2020-10-13 16:21:24,2020-10-13 16:51:26,RPTINP01,RPTMGR01,50000000,0,1,1,N,"ADD_FACILITY_C                ",0,0,0,"OFF  ",,N,,"4222      ",2025-03-04 00:00:00,2025-03-04 00:00:00,0,50000000,0,0,EUR,2021-03-01 00:00:00,2021-02-01 00:00:00,,,,,,,,,,,,,AU,,,,Y,,,,,N,N,N,N,,0,"LAST ",N,N,N,0,0,,"NONE ",,"LOAN ",,,,,,N,N,N,Y,,,N,N,N,N,N,N,Y,N,N,N,N,N,Y,N,N,N,Y,N,N,Y,N,N,N,N,N,N,N,N,N,N,N,,,,"TRADE             ","TRADE             ",,IMST1,0,38404f63c6424b3a567d4b7
)EEIAO93,)9EIAMDP,"3000969        ","TAM  ","ACCR ",CG852,N,EUOPS,1,N,N,"CBA  ",")EEIAO93     ",2020-10-19 09:29:50,2020-10-19 09:35:23,DELINP01,DELINP01,50000000,50000000,1,1,N,"INTFULDRAW19102020092033DPQ   ",0,0,0,"OFF  ",,N,,"4222      ",2026-03-09 00:00:00,2026-03-09 00:00:00,50000000,50000000,0,50000000,EUR,2021-03-08 00:00:00,2021-03-08 00:00:00,,,,,,,,,,,,,AU,,,,Y,,,,,N,N,N,N,,0,"LAST ",N,N,N,0,0,,"NONE ",,"LOAN ",,,,,,N,N,N,Y,,,N,N,N,N,N,N,Y,N,N,N,N,N,Y,N,N,N,Y,N,N,Y,N,N,N,N,N,N,N,N,N,N,N,,,,"TRADE             ","TRADE             ",,IMST1,0,38b8d8bf20f31603cf9f082
)(EIAR57,)(EIAR32,"3000972        ","TAM  ","ACCR ",CG852,N,EUOPS,1,N,N,"CBA  ",")(EIAR57     ",2020-10-19 10:39:39,2020-10-19 10:39:39,DELINP01,DELINP01,50000000,50000000,1,1,N,"INTFULDRAW19102020103028XXZ   ",0,0,0,"OFF  ",,N,,,,,50000000,50000000,0,50000000,EUR,,,,,,,,,,,,,,,,,,,Y,,,,,N,N,N,N,,0,"LAST ",N,N,N,0,0,,"NONE ",,"LOAN ",,,,,,N,N,N,Y,,,N,N,N,N,N,N,Y,N,N,N,N,N,Y,N,N,N,Y,N,N,Y,N,N,N,N,N,N,N,N,N,N,N,,,,"TRADE             ","TRADE             ",,IMST1,0,38b9de965f4eab51bf9f088
38EHZOL4,9ZEF82FK,"3000876        ","BGE  ","ACCR ",CG852,N,EUOPS,1,Y,N,"CBA  ","38EHZOL4     ",2020-10-13 10:52:13,2020-11-17 19:40:12,JAQUITAN,LS2BATCH,229787331.82,0,1,0.87037,N,"WSS_JATEST_OUT_FAC2_GBP5      ",0,0,0,"OFF  ",2021-03-01 00:00:00,N,,"2161      ",2025-03-07 00:00:00,2025-03-07 00:00:00,0,200000000,0,0,GBP,2021-03-01 00:00:00,2021-02-22 00:00:00,,,,,,,,,,OTHER,2021-03-01 00:00:00,,AU,,,,Y,,,,,N,N,N,N,,0,"LAST ",N,N,N,0,0,,"NONE ",,"NONE ",,,,,,N,N,N,Y,,,N,N,N,N,N,N,Y,N,N,N,N,N,Y,N,N,N,Y,N,N,Y,N,N,N,N,N,N,N,N,N,N,N,,,,"TRADE             ","TRADE             ",,IMST1,0,383b7dda19ffab2e967d440
@9EHZSR7,9ZEF82FK,"3000879        ","RST  ","ACCR ",CG852,N,EUOPS,1,Y,N,"CBA  ","@9EHZSR7     ",2020-10-13 12:43:41,2020-10-13 13:06:02,JAQUITAN,JANICEA1,286707111.48,0,1,0.87197,N,"WSS_JATEST_OUT_FAC3_GBP5DEAL5 ",0,0,0,"OFF  ",,N,,"2161      ",2025-03-03 00:00:00,2025-03-03 00:00:00,0,250000000,0,0,GBP,2021-03-01 00:00:00,2021-02-22 00:00:00,,,,,,,,,,,,,AU,,,,Y,,,,,N,N,N,N,,0,"LAST ",N,N,N,0,0,,"NONE ",,"LOAN ",,,,,,N,N,N,Y,,,N,N,N,N,N,N,Y,N,N,N,N,N,Y,N,N,N,Y,N,N,Y,N,N,N,N,N,N,N,N,N,N,N,,,,"TRADE             ","TRADE             ",,IMST1,0,383d1fc5d004e7f5167d46d
:YEI3E8R,:YEI3DWN,"3000936        ","RST  ","ACCR ",CG852,N,EUOPS,1,Y,N,"CBA  ",":YEI3E8R     ",2020-10-15 12:27:48,2020-10-15 12:31:13,CESSINP1,CESSINP1,49748768.72,49748768.72,1,6.0303,N,"CBANLDNAFAC15102020121850     ",0,0,0,"OFF  ",,N,,,2024-04-06 00:00:00,2024-03-07 00:00:00,300000000,300000000,0,300000000,AUD,2021-03-08 00:00:00,2021-03-08 00:00:00,,,,,,,,,,,,,,,,,Y,,,,,N,N,N,N,,0,"LAST ",N,N,N,0,0,,"NONE ",,"LOAN ",,,,,,N,N,N,Y,,,N,N,N,N,N,N,Y,N,N,N,N,N,Y,N,N,N,Y,N,N,Y,N,N,N,N,N,N,N,N,N,N,N,,,,"TRADE             ","TRADE             ",,IMST1,0,38671392858285328f9ef6c
DXEI1OOP,D3EI1MRL,"3000909        ","RST  ","ACCR ",CG852,N,EUOPS,1,N,N,"CBA  ","DXEI1OOP     ",2020-10-14 14:11:18,2020-11-17 19:40:00,JAQUITAN,LS2BATCH,20000000,20000000,1,1,N,"SYNDICATED_NOK_FAC1_OA        ",0,0,0,"OFF  ",2021-04-06 00:00:00,N,,"0420      ",2026-03-03 00:00:00,2026-03-03 00:00:00,20000000,20000000,0,20000000,NOK,2021-03-03 00:00:00,2021-03-02 00:00:00,,,,,,,,,,OTHER,2021-03-05 00:00:00,,AU,,,,Y,,,,,N,N,N,N,,0,"LAST ",N,N,N,0,0,,"NONE ",,"LOAN ",,,,,,N,N,N,Y,,,N,N,N,N,N,N,Y,N,N,N,N,N,Y,N,N,N,Y,N,N,Y,N,N,N,N,N,N,N,N,N,N,N,,,,"TRADE             ","TRADE             ",,IMST1,0,3853805e59c05a294f9ee4c
:YEI3MDQ,:YEI3LNB,"3000942        ","RST  ","ACCR ",CG852,N,EUOPS,1,N,N,"CBA  ",":YEI3MDQ     ",2020-10-15 15:23:34,2020-10-15 15:41:58,CESSINP1,CESSINP1,300000000,300000000,1,1,N,"CBANLDNAFAC15102020151446     ",0,0,0,"OFF  ",,N,,"4222      ",2024-04-06 00:00:00,2024-03-07 00:00:00,300000000,300000000,0,300000000,EUR,2021-03-08 00:00:00,2021-03-08 00:00:00,,,,,,,,,,,,,AU,,,,Y,,,,,N,N,N,N,,0,"LAST ",N,N,N,0,0,,"NONE ",,"LOAN ",,,,,,N,N,N,Y,,,N,N,N,N,N,N,Y,N,N,N,N,N,Y,N,N,N,Y,N,N,Y,N,N,N,N,N,N,N,N,N,N,N,,,,"TRADE             ","TRADE             ",,IMST1,0,3869a6dd9da72ab83f9efc4
:+EJEFUX,:+EJEFS6,"3001049        ","RST  ","ACCR ",CG852,N,EUOPS,1,Y,N,"CBA  ",":+EJEFUX     ",2020-11-09 21:06:05,2020-11-09 21:23:22,CESSINP1,CESSINP1,300000000,300000000,1,1,N,"CBANLDNAFAC09112020210246     ",0,0,0,"OFF  ",,N,,"4222      ",2024-11-13 00:00:00,2024-10-14 00:00:00,300000000,300000000,0,300000000,EUR,2021-10-15 00:00:00,2021-10-15 00:00:00,,,,,,,,,,,,,AU,,,,Y,,,,,N,N,N,N,,0,"LAST ",N,N,N,0,0,,"NONE ",,"LOAN ",,,,,,N,N,N,Y,,,N,N,N,N,N,N,Y,N,N,N,N,N,Y,N,N,N,Y,N,N,Y,N,N,N,N,N,N,N,N,N,N,N,,,,"TRADE             ","TRADE             ",,IMST1,0,3a7e03be6744d35405b2836
Q.EJEGOA,Q.EJEGLJ,"3001050        ","RST  ","ACCR ",CG852,N,EUOPS,1,Y,N,"CBA  ","Q.EJEGOA     ",2020-11-09 21:58:05,2020-11-09 22:49:28,CESSINP1,CESSSUP1,300000000,300000000,1,1,N,"CBANLDNAFAC09112020215444     ",0,0,0,"OFF  ",,N,,"4222      ",2024-11-13 00:00:00,2024-10-14 00:00:00,300000000,300000000,0,300000000,EUR,2021-10-15 00:00:00,2021-10-15 00:00:00,,,,,,,,,,,,,AU,,,,Y,,,,,N,N,N,N,,0,"LAST ",N,N,N,0,0,,"NONE ",,"LOAN ",,,,,,N,N,N,Y,,,N,N,N,N,N,N,Y,N,N,N,N,N,Y,N,N,N,Y,N,N,Y,N,N,N,N,N,N,N,N,N,N,N,,,,"TRADE             ","TRADE             ",,IMST1,0,3a7ec6b23b5c72eb55b283d
5LEJELY3,Q.EJEGLJ,"3001054        ","RST  ","ACCR ",CG852,N,EUOPS,1,N,N,"CBA  ","5LEJELY3     ",2020-11-10 00:09:47,2020-11-10 00:25:49,CESSINP1,CESSMNG1,50000000,0,1,1,N,"CBA110112020000652BUA         ",0,0,0,"OFF  ",,N,,"4222      ",2022-10-15 00:00:00,2022-10-15 00:00:00,0,50000000,0,0,EUR,2021-10-15 00:00:00,2021-10-15 00:00:00,,,,,,,,,,,,,AU,,,,Y,,,,,N,N,N,N,,0,"LAST ",N,N,N,0,0,,"NONE ",,"LOAN ",,,,,,N,N,N,Y,,,N,N,N,N,N,N,Y,N,N,N,N,N,Y,N,N,N,Y,N,N,Y,N,N,N,N,N,N,N,N,N,N,N,,,,"TRADE             ","TRADE             ",,IMST1,0,3a80b4aade11870ce5b2854
34EITIZT,)XEIRVS4,"3001000        ","RST  ","ACCR ",CG852,N,EUOPS,1,Y,N,"CBA  ","34EITIZT     ",2020-10-29 13:46:51,2020-10-29 21:48:30,"TESTINP ",LS2BATCH,100000000,100000000,1,1,N,"S6REV29102020134453           ",0,0,0,"OFF  ",,N,UNFND,"3620      ",2024-08-11 00:00:00,2024-08-11 00:00:00,100000000,100000000,0,100000000,AUD,2021-08-12 00:00:00,2021-08-12 00:00:00,,,,,,,,,,,,,AU,,,,Y,,,,,N,N,N,N,,0,"LAST ",N,N,N,0,0,,"NONE ",,"LOAN ",,,,,,N,N,N,Y,,,N,N,N,N,N,N,Y,N,N,N,N,N,Y,N,N,N,Y,N,N,Y,N,N,N,N,N,N,N,N,N,N,N,,,,"TRADE             ","TRADE             ",,IMST1,0,398f8ca81225a9357686a7d
5JEJEJQZ,Q.EJEGLJ,"3001051        ","RST  ","ACCR ",CG852,N,EUOPS,1,N,N,"CBA  ","5JEJEJQZ     ",2020-11-09 22:55:02,2020-11-09 22:58:47,CESSINP1,CESSINP1,0,0,1,1,N,"CBA109112020225210MEG         ",0,0,0,"OFF  ",,N,,"4222      ",2022-10-15 00:00:00,2022-10-15 00:00:00,0,0,0,0,EUR,,2021-10-15 00:00:00,,,,,,,,,,,,,AU,,,,Y,,,,,N,N,N,N,,0,"LAST ",N,N,N,0,0,,"NONE ",,"LOAN ",,,,,,N,N,N,Y,,,N,N,N,N,N,N,Y,N,N,N,N,N,Y,N,N,N,Y,N,N,Y,N,N,N,N,N,N,N,N,N,N,N,,,,"TRADE             ","TRADE             ",,IMST1,0,3a7f9c6a000458f9a5b283f
5;EJEK7A,Q.EJEGLJ,"3001052        ","RST  ","ACCR ",CG852,N,EUOPS,1,N,N,"CBA  ","5;EJEK7A     ",2020-11-09 23:12:08,2020-11-09 23:15:51,CESSINP1,CESSINP1,0,0,1,1,N,"CBA109112020230911DYZ         ",0,0,0,"OFF  ",,N,,"4222      ",2022-10-15 00:00:00,2022-10-15 00:00:00,0,0,0,0,EUR,,2021-10-15 00:00:00,,,,,,,,,,,,,AU,,,,Y,,,,,N,N,N,N,,0,"LAST ",N,N,N,0,0,,"NONE ",,"LOAN ",,,,,,N,N,N,Y,,,N,N,N,N,N,N,Y,N,N,N,N,N,Y,N,N,N,Y,N,N,Y,N,N,N,N,N,N,N,N,N,N,N,,,,"TRADE             ","TRADE             ",,IMST1,0,3a7fdc8dbbe10feb65b2843
ZUEJHSA1,ZUEJHS93,"3001080        ","CRF  ","ACCR ",CB141,N,LDNPA,1,N,N,"CBA  ","ZUEJHSA1     ",2020-11-11 14:13:40,2020-11-13 20:08:44,FOULISTR,LS2BATCH,100000,100000,1,1,N,"LIQ TRADE CREDIT FACILITY     ",0,0,0,"OFF  ",,N,REMOT,"2822      ",2024-10-18 00:00:00,2024-10-18 00:00:00,100000,100000,0,100000,GBP,2021-10-18 00:00:00,2021-10-18 00:00:00,,,,,,,,,,,,,AU,,,,Y,,,,,N,N,N,N,,0,"LAST ",N,N,N,0,0,,"NONE ",,"NONE ",,,,,,N,N,N,Y,,,N,N,N,N,N,N,Y,N,N,N,N,N,Y,N,N,N,Y,N,N,Y,N,N,N,N,N,N,N,N,N,N,N,,,,"TRADE             ","TRADE             ",,IMST1,0,3aa228b82e744ef095b28f0
34EITJ7N,)XEIRVS4,"3001001        ","TAM  ","ACCR ",CG852,N,EUOPS,1,Y,N,"CBA  ","34EITJ7N     ",2020-10-29 14:24:58,2020-11-17 19:40:00,"TESTINP ",LS2BATCH,100000000,100000000,1,1,N,"S6TERM29102020142243          ",0,0,0,"OFF  ",2021-09-22 00:00:00,N,UNFND,"3620      ",2023-08-12 00:00:00,2023-08-12 00:00:00,100000000,100000000,0,100000000,AUD,2021-08-12 00:00:00,2021-08-12 00:00:00,,,,,,,,,,FIXED,2021-09-15 00:00:00,,AU,,,,Y,,,,,N,N,N,N,,0,"LAST ",N,N,N,0,0,,"NONE ",,"LOAN ",,,,,,N,N,N,Y,,,N,N,N,N,N,N,Y,N,N,N,N,N,Y,N,N,N,Y,N,N,Y,N,N,N,N,N,N,N,N,N,N,N,,,,"TRADE             ","TRADE             ",,IMST1,0,39901ba9fcdf2343d686a7e
