"FTR_RID_COMMIT_TRN","FTR_AMT_COMMITMENT","FTR_CDE_TYPE","FTR_CDE_OBJ_STATE","FTR_CDE_OB_ST_CTG","FTR_IND_AUTO_RELSE","FTR_UID_PROCESSOR","FTR_PID_FACILITY","FTR_PID_DEAL","FTR_TSP_REC_CREATE","FTR_TSP_REC_UPDATE","FTR_UID_REC_CREATE","FTR_UID_REC_UPDATE","FTR_IND_MKTG_LINK","FTR_IND_MARKETING","FTR_AMT_UNAVAIL","FTR_RID_GROUP_TRN","FTR_DTE_EFFECTIVE","FTR_RID_POOL","FTR_CDE_RSK_BK_BYR","FTR_PCT_PRICE","FTR_PCT_SKIM_INT","FTR_CDE_CIRC_STATE","FTR_FID_FAC_INV_ID","FTR_CDE_INV_TYPE","FTR_CDE_TRANS_TYPE","FTR_CDE_RSK_BK_SLR","FTR_CDE_CONTRA_ST","FTR_TXT_AMEND_NUM","FTR_IID_INV_ID","FTR_IND_AFF_TRD_LN","FTR_DTE_CIRC_CLOSE","FTR_DTE_RELEASE","FTR_RID_LINK","FTR_CDE_LINK_TYPE","FTR_RID_FROM","FTR_RID_TO","FTR_DTE_ACCR_EFFEC","FTR_CDE_BRANCH"
"Q(EDHBMC","0","FCINV","RELSD","ACTUA","N","FJUSRAM ","Q4EDGQL9",":*EDG12Y","2020-07-17 20:40:32","2020-07-19 16:58:18","FJUSRAM ","FJMGRAM ","N","N","0","","2020-05-27 00:00:00","","SAF  ","1","0","CLSD ","Q(EDHBM9","PRI  ","ORIG ","","","","Q(EDHBLY","N","2020-05-27 00:00:00","2020-05-27 00:00:00","","","","","2020-05-27 00:00:00","CG852"
"Q(EDHBMD","0","FCINV","RELSD","ACTUA","N","FJUSRAM ","QFEDH1QH",":*EDG12Y","2020-07-17 20:40:32","2020-07-19 16:58:18","FJUSRAM ","FJMGRAM ","N","N","0","","2020-05-27 00:00:00","","SAF  ","1","0","CLSD ","Q(EDHBMA","PRI  ","ORIG ","","","","Q(EDHBLY","N","2020-05-27 00:00:00","2020-05-27 00:00:00","","","","","2020-05-27 00:00:00","CG852"
"Q(EDHBME","0","FCINV","RELSD","ACTUA","N","FJUSRAM ","QFEDH1MI",":*EDG12Y","2020-07-17 20:40:32","2020-07-19 16:58:18","FJUSRAM ","FJMGRAM ","N","N","0","","2020-05-27 00:00:00","","SAF  ","1","0","CLSD ","Q(EDHBMB","PRI  ","ORIG ","","","","Q(EDHBLY","N","2020-05-27 00:00:00","2020-05-27 00:00:00","","","","","2020-05-27 00:00:00","CG852"
"Q0EDKUYX","50000000","FCLOS","RELSD","ACTUA","N","FJMGRAM ","Q4EDGQL9",":*EDG12Y","2020-07-19 16:59:12","2020-07-19 16:59:12","FJMGRAM ","FJMGRAM ","N","N","0","","2020-05-27 00:00:00","","","0","","","","","","","","","","","","2020-05-27 00:00:00","","","","","2020-05-27 00:00:00","CG852"
"Q0EDKUZ0","20000000","FCLOS","RELSD","ACTUA","N","FJMGRAM ","QFEDH1QH",":*EDG12Y","2020-07-19 16:59:12","2020-07-19 16:59:12","FJMGRAM ","FJMGRAM ","N","N","0","","2020-05-27 00:00:00","","","0","","","","","","","","","","","","2020-05-27 00:00:00","","","","","2020-05-27 00:00:00","CG852"
"Q0EDKUZ3","30000000","FCLOS","RELSD","ACTUA","N","FJMGRAM ","QFEDH1MI",":*EDG12Y","2020-07-19 16:59:12","2020-07-19 16:59:12","FJMGRAM ","FJMGRAM ","N","N","0","","2020-05-27 00:00:00","","","0","","","","","","","","","","","","2020-05-27 00:00:00","","","","","2020-05-27 00:00:00","CG852"
"Q+EDKWZ5","0","FCINV","RELSD","ACTUA","N","FJUSRAM ","Q+EDKVFH","Q+EDKVCZ","2020-07-19 18:44:05","2020-07-19 19:03:29","FJUSRAM ","FJMGRAM ","N","N","0","","2020-05-27 00:00:00","","SAF  ","1","0","CLSD ","Q+EDKWZ2","PRI  ","ORIG ","","","","Q+EDKWYH","N","2020-05-27 00:00:00","2020-05-27 00:00:00","","","","","2020-05-27 00:00:00","CG852"
"Q+EDKWZ6","0","FCINV","RELSD","ACTUA","N","FJUSRAM ","Q+EDKW7K","Q+EDKVCZ","2020-07-19 18:44:05","2020-07-19 19:03:29","FJUSRAM ","FJMGRAM ","N","N","0","","2020-05-27 00:00:00","","SAF  ","1","0","CLSD ","Q+EDKWZ3","PRI  ","ORIG ","","","","Q+EDKWYH","N","2020-05-27 00:00:00","2020-05-27 00:00:00","","","","","2020-05-27 00:00:00","CG852"
"Q+EDKWZ7","0","FCINV","RELSD","ACTUA","N","FJUSRAM ","Q+EDKVL5","Q+EDKVCZ","2020-07-19 18:44:05","2020-07-19 19:03:29","FJUSRAM ","FJMGRAM ","N","N","0","","2020-05-27 00:00:00","","SAF  ","1","0","CLSD ","Q+EDKWZ4","PRI  ","ORIG ","","","","Q+EDKWYH","N","2020-05-27 00:00:00","2020-05-27 00:00:00","","","","","2020-05-27 00:00:00","CG852"
"5!EDKYFU","50000000","FCLOS","RELSD","ACTUA","N","FJMGRAM ","Q+EDKVFH","Q+EDKVCZ","2020-07-19 19:04:24","2020-07-19 19:04:24","FJMGRAM ","FJMGRAM ","N","N","0","","2020-05-27 00:00:00","","","0","","","","","","","","","","","","2020-05-27 00:00:00","","","","","2020-05-27 00:00:00","CG852"
"5!EDKYFX","20000000","FCLOS","RELSD","ACTUA","N","FJMGRAM ","Q+EDKW7K","Q+EDKVCZ","2020-07-19 19:04:24","2020-07-19 19:04:24","FJMGRAM ","FJMGRAM ","N","N","0","","2020-05-27 00:00:00","","","0","","","","","","","","","","","","2020-05-27 00:00:00","","","","","2020-05-27 00:00:00","CG852"
"5!EDKYG0","30000000","FCLOS","RELSD","ACTUA","N","FJMGRAM ","Q+EDKVL5","Q+EDKVCZ","2020-07-19 19:04:24","2020-07-19 19:04:24","FJMGRAM ","FJMGRAM ","N","N","0","","2020-05-27 00:00:00","","","0","","","","","","","","","","","","2020-05-27 00:00:00","","","","","2020-05-27 00:00:00","CG852"
"?IEBVZ1D","200000000","FCLOS","RELSD","ACTUA","N","RPTSUPAM","?XEBVXIH","?.EBVNFE","2020-06-16 20:48:00","2020-06-16 20:48:00","RPTSUPAM","RPTSUPAM","N","N","0","","2020-05-27 00:00:00","","","0","","","","","","","","","","","","2020-05-27 00:00:00","","","","","2020-05-27 00:00:00","CG852"
"?XEBVYDX","0","FCINV","RELSD","ACTUA","N","RPTINPAM","?XEBVXIH","?.EBVNFE","2020-06-16 20:38:26","2020-06-16 20:47:35","RPTINPAM","RPTSUPAM","N","N","0","","2020-05-27 00:00:00","","BKGOV","1","0","CLSD ","?XEBVYDV","PRI  ","ORIG ","","","","?XEBVYDH","N","2020-05-27 00:00:00","2020-05-27 00:00:00","","","","","2020-05-27 00:00:00","CG852"
"?XEBVYDY","0","FCINV","RELSD","ACTUA","N","RPTINPAM","?REBVOYO","?.EBVNFE","2020-06-16 20:38:26","2020-06-16 20:47:35","RPTINPAM","RPTSUPAM","N","N","0","","2020-05-27 00:00:00","","BKGOV","1","0","CLSD ","?XEBVYDW","PRI  ","ORIG ","","","","?XEBVYDH","N","2020-05-27 00:00:00","2020-05-27 00:00:00","","","","","2020-05-27 00:00:00","CG852"
"?IEBVZ1G","400000000","FCLOS","RELSD","ACTUA","N","RPTSUPAM","?REBVOYO","?.EBVNFE","2020-06-16 20:48:00","2020-06-16 20:48:00","RPTSUPAM","RPTSUPAM","N","N","0","","2020-05-27 00:00:00","","","0","","","","","","","","","","","","2020-05-27 00:00:00","","","","","2020-05-27 00:00:00","CG852"
"SUEBXP7E","0","FCINV","RELSD","ACTUA","N","RPTINPAM","SUEBXL18","SUEBXL0I","2020-06-17 19:13:39","2020-06-17 19:19:44","RPTINPAM","RPTSUPAM","N","N","0","","2020-05-19 00:00:00","","BKGOV","1","0","CLSD ","SUEBXP7C","PRI  ","ORIG ","","","","SUEBXP74","N","2020-05-19 00:00:00","2020-05-27 00:00:00","","","","","2020-05-19 00:00:00","CG852"
"SUEBXP7F","0","FCINV","RELSD","ACTUA","N","RPTINPAM","SUEBXL2B","SUEBXL0I","2020-06-17 19:13:39","2020-06-17 19:19:44","RPTINPAM","RPTSUPAM","N","N","0","","2020-05-19 00:00:00","","BKGOV","1","0","CLSD ","SUEBXP7D","PRI  ","ORIG ","","","","SUEBXP74","N","2020-05-19 00:00:00","2020-05-27 00:00:00","","","","","2020-05-19 00:00:00","CG852"
"S9EBXPRM","200000000","FCLOS","RELSD","ACTUA","N","RPTSUPAM","SUEBXL18","SUEBXL0I","2020-06-17 19:19:44","2020-06-17 19:19:44","RPTSUPAM","RPTSUPAM","N","N","0","","2020-05-19 00:00:00","","","0","","","","","","","","","","","","2020-05-27 00:00:00","","","","","2020-05-19 00:00:00","CG852"
"S9EBXPRP","300000000","FCLOS","RELSD","ACTUA","N","RPTSUPAM","SUEBXL2B","SUEBXL0I","2020-06-17 19:19:44","2020-06-17 19:19:44","RPTSUPAM","RPTSUPAM","N","N","0","","2020-05-19 00:00:00","","","0","","","","","","","","","","","","2020-05-27 00:00:00","","","","","2020-05-19 00:00:00","CG852"
"3.EFFE2M","0","FCINV","RELSD","ACTUA","N","JAQUITAN","3.EFFDZL","3.EFFDYP","2020-08-24 15:09:14","2020-08-24 15:11:24","JAQUITAN","JANICEA1","N","N","0","","2020-05-27 00:00:00","","BKGOV","1","0","CLSD ","3.EFFE2L","PRI  ","ORIG ","","","","3.EFFE2D","N","2020-05-27 00:00:00","2020-05-27 00:00:00","","","","","2020-05-27 00:00:00","CG852"
"I:EFMI49","0","FCINV","RELSD","ACTUA","N","SMANZANO","I:EFMEGK","IREFMCO3","2020-08-28 12:22:03","2020-08-28 15:10:28","SMANZANO","MANZANOS","N","N","0","","2020-05-29 00:00:00","","BKGOV","1","0","CLSD ","I:EFMI48","PRI  ","ORIG ","","","","I:EFMI3M","N","2020-05-29 00:00:00","2020-05-29 00:00:00","","","","","2020-05-29 00:00:00","CG852"
"0REF4HHR","10000000","FCLOS","RELSD","ACTUA","N","LIQUSR03","0REF4FMA","0REF4EYL","2020-08-18 16:48:57","2020-08-18 16:48:57","LIQUSR03","LIQUSR03","N","N","0","","2020-05-27 00:00:00","","","0","","","","","","","","","","","","2020-05-27 00:00:00","","","","","2020-05-27 00:00:00","CG852"
"@!EFGXYY","5000000","FCLOS","RELSD","ACTUA","N","RPTMGR01","(7EFGUEQ","(7EFGUDN","2020-08-25 11:12:17","2020-08-25 11:38:16","RPTMGR01","RPTMGR01","N","N","0","","2019-04-03 00:00:00","","","0","","","","","","","","","","","","2020-05-27 00:00:00","","","","","2019-04-03 00:00:00","CG852"
"(7EFGY64","0","FCINV","CNCLD","INACT","N","CMARTILL","(7EFGXST","(7EFGXIA","2020-08-25 12:22:19","2020-08-25 12:41:13","CMARTILL","CMARTILL","N","N","0","","","","BCF  ","1","0","CAN  ","(7EFGY5H","PRI  ","ORIG ","","","","(7EFGY58","N","","","","","","","","CG852"
"@+EFH72D","10000000","FCLOS","RELSD","ACTUA","N","LIQUSR03","@+EFH6WT","3MEFH2AH","2020-08-25 14:58:30","2020-08-25 14:58:30","LIQUSR03","LIQUSR03","N","N","0","","2020-05-27 00:00:00","","","0","","","","","","","","","","","","2020-05-27 00:00:00","","","","","2020-05-27 00:00:00","CG852"
"@+EFH73S","0","FCINV","CNCLD","INACT","N","LIQUSR03","@+EFH6WT","3MEFH2AH","2020-08-25 15:04:54","2020-08-25 15:34:34","LIQUSR03","LIQUSR03","N","N","0","","2020-05-27 00:00:00","","BKGOV","1","0","CAN  ","@+EFH73R","PART ","BUY  ","","","","@+EFH732","Y","","","","","","","","CG852"
"@-EFH7SB","0","FCINV","RELSD","ACTUA","N","JAQUITAN","@-EFH76E","@-EFH363","2020-08-25 15:49:57","2020-08-25 16:01:44","JAQUITAN","JANICEA1","N","N","0","","2020-05-27 00:00:00","","","1","0","CLSD ","@-EFH7SA","PRI  ","ORIG ","","","","@-EFH7S3","N","2020-05-27 00:00:00","2020-05-27 00:00:00","","","","","2020-05-27 00:00:00","CG852"
"CLEFHBYB","100000000","FCLOS","RELSD","ACTUA","N","JANICEA1","C6EFHAR6","C6EFHAQ1","2020-08-25 16:30:38","2020-08-25 16:30:38","JANICEA1","JANICEA1","N","N","0","","2020-05-27 00:00:00","","","0","","","","","","","","","","","","2020-05-27 00:00:00","","","","","2020-05-27 00:00:00","CG852"
"#FEFTUAL","1000000","FCLOS","RELSD","ACTUA","N","RPTSUP01","#!EFTRT9","#!EFTROA","2020-09-01 11:09:12","2020-09-01 11:09:12","RPTSUP01","RPTSUP01","N","N","0","","2020-05-29 00:00:00","","","0","","","","","","","","","","","","2020-05-29 00:00:00","","","","","2020-05-29 00:00:00","CG852"
"#!EFTRYQ","0","FCINV","RELSD","ACTUA","N","CMARTILL","#!EFTRT9","#!EFTROA","2020-09-01 10:02:34","2020-09-01 11:09:00","CMARTILL","RPTSUP01","N","N","0","","2020-05-29 00:00:00","","BCF  ","1","0","CLSD ","#!EFTRYP","PRI  ","ORIG ","","","","#!EFTRYG","N","2020-05-29 00:00:00","2020-05-29 00:00:00","","","","","2020-05-29 00:00:00","CG852"
"-VEFU2VK","0","FCINV","PEND ","POTEN","N","LIQUSR03","@+EFH6WT","3MEFH2AH","2020-09-01 14:33:16","2020-09-01 15:11:52","LIQUSR03","LIQAPCP3","N","N","0","","2020-05-29 00:00:00","","BKGOV","1","0","OPSA ","-VEFU2VJ","PART ","BUY  ","","","","-VEFU2UU","Y","","","","","","","","CG852"
"S#EESVUU","0","FCINV","CNCLD","INACT","N","CMARTILL","S#EESVR1","S#EESVPY","2020-08-12 11:50:54","2020-08-12 14:02:29","CMARTILL","CMARTILL","N","N","0","","","","BCF  ","1","0","CAN  ","S#EESVUT","PRI  ","ORIG ","","","","S#EESVUL","N","","","","","","","","CG852"
"Y5EFF58L","0","FCINV","RELSD","ACTUA","N","LIQUSR03","Y5EFF559","Y5EFF54H","2020-08-24 12:35:58","2020-08-24 12:45:45","LIQUSR03","LIQUSR03","N","N","0","","2020-05-27 00:00:00","","BKGOV","1","0","CLSD ","Y5EFF58K","PRI  ","ORIG ","","","","Y5EFF58B","N","2020-05-27 00:00:00","2020-05-27 00:00:00","","","","","2020-05-27 00:00:00","CG852"
"3YEFFEGP","100000000","FCLOS","RELSD","ACTUA","N","JANICEA1","3.EFFDZL","3.EFFDYP","2020-08-24 15:11:25","2020-08-24 15:11:25","JANICEA1","JANICEA1","N","N","0","","2020-05-27 00:00:00","","","0","","","","","","","","","","","","2020-05-27 00:00:00","","","","","2020-05-27 00:00:00","CG852"
"@+EFH6ZZ","0","FCINV","RELSD","ACTUA","N","LIQUSR03","@+EFH6WT","3MEFH2AH","2020-08-25 14:54:39","2020-08-25 14:58:29","LIQUSR03","LIQUSR03","N","N","0","","2020-05-27 00:00:00","","BKGOV","1","0","CLSD ","@+EFH6ZY","PRI  ","ORIG ","","","","@+EFH6ZP","N","2020-05-27 00:00:00","2020-05-27 00:00:00","","","","","2020-05-27 00:00:00","CG852"
"AVEF5UHL","0","FCINV","RELSD","ACTUA","N","LIQUSR05","V8EF471U","V8EF4706","2020-08-19 09:46:31","2020-08-19 10:03:07","LIQUSR05","LIQSVR05","N","N","0","","2020-05-27 00:00:00","","BKGOV","1","0","CLSD ","AVEF5UHK","PRI  ","ORIG ","","","","AVEF5UHB","N","2020-05-27 00:00:00","2020-05-27 00:00:00","","","","","2020-05-27 00:00:00","CG852"
"!KEF5UVV","5000000","FCLOS","RELSD","ACTUA","N","LIQSVR05","V8EF471U","V8EF4706","2020-08-19 10:03:34","2020-08-19 10:03:34","LIQSVR05","LIQSVR05","N","N","0","","2020-05-27 00:00:00","","","0","","","","","","","","","","","","2020-05-27 00:00:00","","","","","2020-05-27 00:00:00","CG852"
".FEF9T8E","10000000","FCLOS","RELSD","ACTUA","N","LIQUSR03",".FEF9QTS",".FEF9QSQ","2020-08-21 15:50:27","2020-08-21 15:50:27","LIQUSR03","LIQUSR03","N","N","0","","2020-05-27 00:00:00","","","0","","","","","","","","","","","","2020-05-27 00:00:00","","","","","2020-05-27 00:00:00","CG852"
"Y5EFF5B0","10000000","FCLOS","RELSD","ACTUA","N","LIQUSR03","Y5EFF559","Y5EFF54H","2020-08-24 12:45:46","2020-08-24 12:45:46","LIQUSR03","LIQUSR03","N","N","0","","2020-05-27 00:00:00","","","0","","","","","","","","","","","","2020-05-27 00:00:00","","","","","2020-05-27 00:00:00","CG852"
".FEF9SZW","0","FCINV","RELSD","ACTUA","N","LIQUSR03",".FEF9QTS",".FEF9QSQ","2020-08-21 15:46:18","2020-08-21 15:50:26","LIQUSR03","LIQUSR03","N","N","0","","2020-05-27 00:00:00","","BKGOV","1","0","CLSD ",".FEF9SZV","PRI  ","ORIG ","","","",".FEF9SZN","N","2020-05-27 00:00:00","2020-05-27 00:00:00","","","","","2020-05-27 00:00:00","CG852"
"Y5EFF5D6","0","FCINV","RELSD","ACTUA","N","LIQAPCP3","Y5EFF559","Y5EFF54H","2020-08-24 12:54:48","2020-08-24 13:03:26","LIQUSR03","LIQUSR03","N","N","0","","2020-05-27 00:00:00","","BKGOV","1","0","CLSD ","Y5EFF5D4","PART ","BUY  ","BKGOV","CLSD ","","Y5EFF5BP","N","2020-05-27 00:00:00","2020-05-27 00:00:00","","","","","2020-05-27 00:00:00","CG852"
"J6EFF7K9","100000000","FCLOS","RELSD","ACTUA","N","MANZANOS","YZEFEXAM","YZEFEWH5","2020-08-24 13:48:07","2020-08-24 13:48:07","MANZANOS","MANZANOS","N","N","0","","2020-05-27 00:00:00","","","0","","","","","","","","","","","","2020-05-27 00:00:00","","","","","2020-05-27 00:00:00","CG852"
"(7EFGZ53","0","FCINV","RELSD","ACTUA","N","CMARTILL","(7EFGXST","(7EFGXIA","2020-08-25 12:42:42","2020-08-25 12:46:23","CMARTILL","RPTMGR01","N","N","0","","2020-05-27 00:00:00","","BCF  ","1","0","CLSD ","(7EFGZ52","PRI  ","ORIG ","","","","(7EFGZ4U","N","2020-05-27 00:00:00","2020-05-27 00:00:00","","","","","2020-05-27 00:00:00","CG852"
"@!EFGZCI","2000000","FCLOS","RELSD","ACTUA","N","RPTMGR01","(7EFGXST","(7EFGXIA","2020-08-25 12:46:34","2020-08-25 12:46:34","RPTMGR01","RPTMGR01","N","N","0","","2020-05-27 00:00:00","","","0","","","","","","","","","","","","2020-05-27 00:00:00","","","","","2020-05-27 00:00:00","CG852"
"@-EFH850","0","FCINV","RELSD","ACTUA","N","JAQUITAN","@-EFH76E","@-EFH363","2020-08-25 15:56:48","2020-08-25 16:01:43","JAQUITAN","JANICEA1","N","N","0","","2020-05-27 00:00:00","","BKGOV","1","0","CLSD ","@-EFH84Z","PRI  ","ORIG ","","","","@-EFH84Q","N","2020-05-27 00:00:00","2020-05-27 00:00:00","","","","","2020-05-27 00:00:00","CG852"
"COEFH8MX","100000000","FCLOS","RELSD","ACTUA","N","JANICEA1","@-EFH76E","@-EFH363","2020-08-25 16:01:45","2020-08-25 16:01:45","JANICEA1","JANICEA1","N","N","0","","2020-05-27 00:00:00","","","0","","","","","","","","","","","","2020-05-27 00:00:00","","","","","2020-05-27 00:00:00","CG852"
"C6EFHAUL","0","FCINV","RELSD","ACTUA","N","JAQUITAN","C6EFHAR6","C6EFHAQ1","2020-08-25 16:25:02","2020-08-25 16:30:37","JAQUITAN","JANICEA1","N","N","0","","2020-05-27 00:00:00","","","1","0","CLSD ","C6EFHAUK","PRI  ","ORIG ","","","","C6EFHAUD","N","2020-05-27 00:00:00","2020-05-27 00:00:00","","","","","2020-05-27 00:00:00","CG852"
"@EEFH9B0","0","FCINV","RELSD","ACTUA","N","SMANZANO","@EEFH10F","@EEFGXO8","2020-08-25 16:25:07","2020-08-25 16:40:15","SMANZANO","MANZANOS","N","N","0","","2020-05-27 00:00:00","","BKGOV","1","0","CLSD ","@EEFH9AZ","PRI  ","ORIG ","","","","@EEFH99Z","N","2020-05-27 00:00:00","2020-05-27 00:00:00","","","","","2020-05-27 00:00:00","CG852"
"C6EFHAV4","0","FCINV","RELSD","ACTUA","N","JAQUITAN","C6EFHAR6","C6EFHAQ1","2020-08-25 16:26:17","2020-08-25 16:30:37","JAQUITAN","JANICEA1","N","N","0","","2020-05-27 00:00:00","","BKGOV","1","0","CLSD ","C6EFHAV3","PRI  ","ORIG ","","","","C6EFHAUU","N","2020-05-27 00:00:00","2020-05-27 00:00:00","","","","","2020-05-27 00:00:00","CG852"
"2?EFMSLV","100000000","FCLOS","RELSD","ACTUA","N","MANZANOS","I:EFMEGK","IREFMCO3","2020-08-28 15:11:04","2020-08-28 15:11:04","MANZANOS","MANZANOS","N","N","0","","2020-05-29 00:00:00","","","0","","","","","","","","","","","","2020-05-29 00:00:00","","","","","2020-05-29 00:00:00","CG852"
"2NEFMT0G","0","FCINV","RELSD","ACTUA","N","MANZANOS","I:EFMEGK","IREFMCO3","2020-08-28 15:27:45","2020-08-28 16:12:14","SMANZANO","MANZANOM","N","N","0","","2020-05-29 00:00:00","","BKGOV","1","0","CLSD ","2NEFMT0E","PART ","BUY  ","BKGOV","CLSD ","","2NEFMSYZ","N","2020-05-29 00:00:00","2020-05-29 00:00:00","","","","","2020-05-29 00:00:00","CG852"
"0REF4G37","0","FCINV","RELSD","ACTUA","N","LIQUSR03","0REF4FMA","0REF4EYL","2020-08-18 16:19:38","2020-08-18 16:48:33","LIQUSR03","LIQUSR03","N","N","0","","2020-05-27 00:00:00","","BKGOV","1","0","CLSD ","0REF4G36","PRI  ","ORIG ","","","","0REF4G2C","N","2020-05-27 00:00:00","2020-05-27 00:00:00","","","","","2020-05-27 00:00:00","CG852"
"9ZEF82QM","0","FCINV","RELSD","ACTUA","N","JAQUITAN","9ZEF82GL","9ZEF82FK","2020-08-20 17:26:08","2020-08-20 17:37:18","JAQUITAN","JANICEA1","N","N","0","","2020-05-27 00:00:00","","BKGOV","1","0","CLSD ","9ZEF82QL","PRI  ","ORIG ","","","","9ZEF82QB","N","2020-05-27 00:00:00","2020-05-27 00:00:00","","","","","2020-05-27 00:00:00","CG852"
"9LEF83IJ","100000000","FCLOS","RELSD","ACTUA","N","JANICEA1","9ZEF82GL","9ZEF82FK","2020-08-20 17:37:32","2020-08-20 17:37:32","JANICEA1","JANICEA1","N","N","0","","2020-05-27 00:00:00","","","0","","","","","","","","","","","","2020-05-27 00:00:00","","","","","2020-05-27 00:00:00","CG852"
"C0EFHA7J","100000000","FCLOS","RELSD","ACTUA","N","MANZANOS","@EEFH10F","@EEFGXO8","2020-08-25 16:41:18","2020-08-25 16:41:18","MANZANOS","MANZANOS","N","N","0","","2020-05-27 00:00:00","","","0","","","","","","","","","","","","2020-05-27 00:00:00","","","","","2020-05-27 00:00:00","CG852"
"(7EFGUIF","0","FCINV","RELSD","ACTUA","N","CMARTILL","(7EFGUEQ","(7EFGUDN","2020-08-25 10:44:56","2020-08-25 11:12:00","CMARTILL","RPTMGR01","N","N","0","","2019-04-03 00:00:00","","BCF  ","1","0","CLSD ","(7EFGUIE","PRI  ","ORIG ","","","","(7EFGUI6","N","2019-04-03 00:00:00","2020-05-27 00:00:00","","","","","2019-04-03 00:00:00","CG852"
"H+EGERMP","0","FCINV","RELSD","ACTUA","N","LIQUSR03","Y5EFF559","Y5EFF54H","2020-08-26 16:40:38","2020-08-31 18:52:56","LIQUSR03","LIQUSR03","N","N","0","","2020-05-28 00:00:00","","BKGOV","1","0","CLSD ","H+EGERMN","PART ","BUYB ","BKGOV","CLSD ","","H+EGERLM","N","2020-05-28 00:00:00","2020-05-29 00:00:00","","","","","2020-05-28 00:00:00","CG852"
"7)EET0LG","0","FCINV","RELSD","ACTUA","N","CMARTILL","S#EESVR1","S#EESVPY","2020-08-12 14:11:17","2020-08-12 14:14:43","CMARTILL","RPTSUP01","N","N","0","","2020-05-27 00:00:00","","BCF  ","1","0","CLSD ","7)EET0LF","PRI  ","ORIG ","","","","7)EET0L7","N","2020-05-27 00:00:00","2020-05-27 00:00:00","","","","","2020-05-27 00:00:00","CG852"
"7ZEET24Y","15000000","FCLOS","RELSD","ACTUA","N","RPTSUP01","S#EESVR1","S#EESVPY","2020-08-12 14:14:57","2020-08-12 14:14:57","RPTSUP01","RPTSUP01","N","N","0","","2020-05-27 00:00:00","","","0","","","","","","","","","","","","2020-05-27 00:00:00","","","","","2020-05-27 00:00:00","CG852"
"Y5EFF4NS","0","FCINV","CNCLD","INACT","N","LIQUSR03",".FEF9QTS",".FEF9QSQ","2020-08-24 11:33:34","2020-08-24 12:04:27","LIQUSR03","LIQUSR03","N","N","0","","2020-05-27 00:00:00","","BKGOV","1","0","CAN  ","Y5EFF4NQ","PART ","BUY  ","BKGOV","CAN  ","","Y5EFF4MB","N","","","","","","","","CG852"
"YZEFF15S","0","FCINV","RELSD","ACTUA","N","SMANZANO","YZEFEXAM","YZEFEWH5","2020-08-24 11:39:09","2020-08-24 13:45:30","SMANZANO","MANZANOS","N","N","0","","2020-05-27 00:00:00","","BKGOV","1","0","CLSD ","YZEFF15R","PRI  ","ORIG ","","","","YZEFF13D","N","2020-05-27 00:00:00","2020-05-27 00:00:00","","","","","2020-05-27 00:00:00","CG852"
"3ZEFFD5X","0","FCINV","RELSD","ACTUA","N","JAQUITAN","3ZEFFD2W","3ZEFFD20","2020-08-24 14:50:21","2020-08-24 14:53:15","JAQUITAN","JANICEA1","N","N","0","","2020-05-27 00:00:00","","BKGOV","1","0","CLSD ","3ZEFFD5W","PRI  ","ORIG ","","","","3ZEFFD5O","N","2020-05-27 00:00:00","2020-05-27 00:00:00","","","","","2020-05-27 00:00:00","CG852"
"3EEFFDK0","100000000","FCLOS","RELSD","ACTUA","N","JANICEA1","3ZEFFD2W","3ZEFFD20","2020-08-24 14:53:17","2020-08-24 14:53:17","JANICEA1","JANICEA1","N","N","0","","2020-05-27 00:00:00","","","0","","","","","","","","","","","","2020-05-27 00:00:00","","","","","2020-05-27 00:00:00","CG852"
".)EGAS0O","0","FCINV","RELSD","ACTUA","N","LIQUSR03","Y5EFF559","Y5EFF54H","2020-09-10 14:59:22","2020-09-10 15:06:33","LIQUSR03","LIQUSR03","N","N","0","","2020-06-04 00:00:00","","","1","0","CLSD ",".)EGAS0N","PART ","SELL ","BKGOV","","",".)EGARZY","N","2020-06-04 00:00:00","2020-06-04 00:00:00","","","","","2020-06-04 00:00:00","CG852"
"BSEFVPSJ","0","FCINV","PEND ","POTEN","N","SMANZANO","@EEFH10F","@EEFGXO8","2020-09-02 11:49:03","2020-09-02 12:56:23","SMANZANO","MANZANOM","N","N","0","","2020-05-29 00:00:00","","","1","0","OPSA ","BSEFVPSH","PART ","SELL ","BKGOV","","","BSEFVPR3","N","","","","","","","","CG852"
":3EFW2NH","0","FCINV","CNCLD","INACT","N","LIQUSR03","Y5EFF559","Y5EFF54H","2020-09-02 15:51:55","2020-09-02 16:19:38","LIQUSR03","LIQUSR03","N","N","0","","2020-05-29 00:00:00","","BKGOV","1","0","CAN  ",":3EFW2N3","PART ","BUY  ","","","",":3EFW2ME","Y","","","","","","","","CG852"
"+OEH9ZHZ","0","FCINV","RELSD","ACTUA","N","JAQUITAN","+OEH9ZD0","+OEH9ZC4","2020-09-29 14:26:03","2020-09-29 14:29:04","JAQUITAN","JANICEA1","N","N","0","","2020-07-08 00:00:00","","BKGOV","1","0","CLSD ","+OEH9ZHY","PRI  ","ORIG ","","","","+OEH9ZHP","N","2020-07-08 00:00:00","2020-07-08 00:00:00","","","","","2020-07-08 00:00:00","CG852"
"+6EHA0CB","0","FCINV","RELSD","ACTUA","N","JANICEA1","+OEH9ZD0","+OEH9ZC4","2020-09-29 14:32:05","2020-09-29 14:39:20","JAQUITAN","JANICEA2","N","N","0","","2020-07-08 00:00:00","","BKGOV","1","0","CLSD ","+6EHA0CA","PART ","BUY  ","BKGOV","CLSD ","","+6EHA0BE","N","2020-07-08 00:00:00","2020-07-08 00:00:00","","","","","2020-07-08 00:00:00","CG852"
"#!EFU7YJ","0","FCINV","RELSD","ACTUA","N","CMARTILL","#!EFTRT9","#!EFTROA","2020-09-01 16:22:51","2020-09-01 16:33:23","CMARTILL","RPTSUP01","N","N","0","","2020-05-29 00:00:00","","","1","0","CLSD ","#!EFU7YI","PART ","SELL ","BCF  ","","","#!EFU7XT","N","2020-05-29 00:00:00","2020-05-29 00:00:00","","","","","2020-05-29 00:00:00","CG852"
":DEFW6RE","0","FCINV","RELSD","ACTUA","N","LIQUSR03","Y5EFF559","Y5EFF54H","2020-09-02 16:41:33","2020-09-02 16:57:23","LIQUSR03","LIQUSR03","N","N","0","","2020-05-29 00:00:00","","","1","0","CLSD ",":DEFW6RD","PART ","SELL ","BKGOV","","",":DEFW6QO","N","2020-05-29 00:00:00","2020-05-29 00:00:00","","","","","2020-05-29 00:00:00","CG852"
"GREGNHWO","100000000","FCUIA","RELSD","ACTUA","N","JAQUITAN","GREGNHU7","9ZEF82FK","2020-09-17 11:28:23","2020-09-17 11:32:25","JAQUITAN","JANICEA1","N","N","0","GREGNHWB","2020-06-25 00:00:00","","","1","","","","","","","","1    ","","","","2020-06-25 00:00:00","","","","","2020-06-25 00:00:00","CG852"
"G$EGNIXN","100000000","FCUIA","RELSD","ACTUA","N","JAQUITAN","G$EGNIUB","9ZEF82FK","2020-09-17 11:55:55","2020-09-17 12:04:09","JAQUITAN","JANICEA1","N","N","0","G$EGNIWD","2020-06-25 00:00:00","","","1","","","","","","","","2    ","","","","2020-06-25 00:00:00","","","","","2020-06-25 00:00:00","CG852"
"0JEGNQ0R","100000000","FCUIA","RELSD","ACTUA","N","SMANZANO","0JEGNPY5","YZEFEWH5","2020-09-17 13:13:50","2020-09-17 13:17:38","SMANZANO","MANZANOS","N","N","0","0JEGNQ0E","2020-06-25 00:00:00","","","1","","","","","","","","1    ","","","","2020-06-25 00:00:00","","","","","2020-06-25 00:00:00","CG852"
"+;EH9ZY0","100000000","FCLOS","RELSD","ACTUA","N","JANICEA1","+OEH9ZD0","+OEH9ZC4","2020-09-29 14:29:06","2020-09-29 14:29:06","JANICEA1","JANICEA1","N","N","0","","2020-07-08 00:00:00","","","0","","","","","","","","","","","","2020-07-08 00:00:00","","","","","2020-07-08 00:00:00","CG852"
"(.EGVD2K","0","FCINV","RELSD","ACTUA","N","LIQUSR03","Y5EFF559","Y5EFF54H","2020-09-21 15:49:18","2020-09-21 16:25:27","LIQUSR03","LIQAPCP3","N","N","0","","2020-07-02 00:00:00","","","1","0","CLSD ","(.EGVD2J","PART ","SELL ","BKGOV","","","(.EGVD1K","N","2020-07-02 00:00:00","2020-07-02 00:00:00","","","","","2020-07-02 00:00:00","CG852"
"X-EI20T2","100000000","FCUIA","RELSD","ACTUA","N","SMANZANO","X-EI206K","D3EI1MRL","2020-10-14 18:39:57","2020-10-14 18:43:41","SMANZANO","MANZANOS","N","N","0","X-EI20PZ","2021-03-05 00:00:00","","","1","","","","","","","","2    ","","","","2021-03-05 00:00:00","","","","","2021-03-05 00:00:00","CG852"
"I-EI25BY","10000000","FCUIA","RELSD","ACTUA","N","SMANZANO","I-EI259A","D3EI1MRL","2020-10-14 20:03:11","2020-10-14 20:09:47","SMANZANO","MANZANOS","N","N","0","I-EI25BL","2021-03-05 00:00:00","","","1","","","","","","","","4    ","","","","2021-03-05 00:00:00","","","","","2021-03-05 00:00:00","CG852"
"BPEI37RH","0","FCINV","RELSD","ACTUA","N","JAQUITAN","BPEI37NY","#+EI35Q6","2020-10-15 09:25:47","2020-10-15 09:32:19","JAQUITAN","MANZANOS","N","N","0","","2021-03-05 00:00:00","","","1","0","CLSD ","BPEI37RG","PRI  ","ORIG ","","","","BPEI37RA","N","2021-03-05 00:00:00","2021-03-05 00:00:00","","","","","2021-03-05 00:00:00","CG852"
"BPEI37RV","0","FCINV","RELSD","ACTUA","N","JAQUITAN","BPEI37NY","#+EI35Q6","2020-10-15 09:26:32","2020-10-15 09:32:17","JAQUITAN","MANZANOS","N","N","0","","2021-03-05 00:00:00","","BKGOV","1","0","CLSD ","BPEI37RU","PRI  ","ORIG ","","","","BPEI37RL","N","2021-03-05 00:00:00","2021-03-05 00:00:00","","","","","2021-03-05 00:00:00","CG852"
"BKEI387D","10000000","FCLOS","RELSD","ACTUA","N","MANZANOS","BPEI37NY","#+EI35Q6","2020-10-15 09:32:20","2020-10-15 09:32:20","MANZANOS","MANZANOS","N","N","0","","2021-03-05 00:00:00","","","0","","","","","","","","","","","","2021-03-05 00:00:00","","","","","2021-03-05 00:00:00","CG852"
":6EI3G4E","1000000","FCUIA","AWSTA","POTEN","N","LIQUSR03",":6EI3G1H","$QEI1OJW","2020-10-15 11:21:40","2020-10-15 11:21:40","LIQUSR03","LIQUSR03","N","N","0",":6EI3G41","2021-03-08 00:00:00","","","1","","","","","","","","1    ","","","","","","","","","","CG852"
"*4EI53U2","0","FCINV","PEND ","POTEN","N","ARFELI01","*4EI53R8","*4EI53P2","2020-10-16 09:41:57","2020-10-16 09:43:05","ARFELI01","ARFELI01","N","N","0","","","","BPB  ","1","0","PEND ","*4EI53U1","PRI  ","ORIG ","","","","*4EI53TT","N","","","","","","","","CG852"
"#XEHOR3Q","0","FCINV","RELSD","ACTUA","N","LIQSVR04","#XEHOQ7N","#XEHOQ6X","2020-10-07 11:42:34","2020-10-07 11:51:03","LIQSVR04","LIQSVR05","N","N","0","","2020-07-09 00:00:00","","BKGOV","1","0","CLSD ","#XEHOR3P","PRI  ","ORIG ","","","","#XEHOR3G","N","2020-07-09 00:00:00","2020-07-09 00:00:00","","","","","2020-07-09 00:00:00","CG852"
"K-EHSEAA","1000000000","FCLOS","RELSD","ACTUA","N","LIQAPCP3","42EHSA2A","42EHS9YE","2020-10-09 12:42:10","2020-10-09 12:42:10","LIQAPCP3","LIQAPCP3","N","N","0","","2020-07-10 00:00:00","","","0","","","","","","","","","","","","2020-07-10 00:00:00","","","","","2020-07-10 00:00:00","CG852"
"@9EHZSTN","250000000","FCUIA","RELSD","ACTUA","N","JAQUITAN","@9EHZSR7","9ZEF82FK","2020-10-13 13:02:11","2020-10-13 13:06:02","JAQUITAN","JANICEA1","N","N","0","@9EHZSTA","2021-03-01 00:00:00","","","1","","","","","","","","4    ","","","","2021-03-01 00:00:00","","","","","2021-03-01 00:00:00","CG852"
"@SEHZY0Y","0","FCINV","RELSD","ACTUA","N","RPTINP01","T*EHY77J",")YEHXS7X","2020-10-13 15:48:58","2020-10-13 16:13:36","RPTINP01","RPTMGR01","N","N","0","","2021-03-01 00:00:00","","BKGOV","1","0","CLSD ","@SEHZY0X","PRI  ","ORIG ","","","","@SEHZY0O","N","2021-03-01 00:00:00","2021-03-01 00:00:00","","","","","2021-03-01 00:00:00","CG852"
"@5EI03F9","0","FCINV","RELSD","ACTUA","N","LIQUSR05","@5EI038S","@EEI01UV","2020-10-13 14:43:08","2020-10-13 14:51:37","LIQUSR05","LIQSVR04","N","N","0","","2021-03-01 00:00:00","","BKGOV","1","0","CLSD ","@5EI03F8","PRI  ","ORIG ","","","","@5EI03EZ","N","2021-03-01 00:00:00","2021-03-01 00:00:00","","","","","2021-03-01 00:00:00","CG852"
"@SEHZYC7","0","FCINV","RELSD","ACTUA","N","RPTINP01","T*EHY77J",")YEHXS7X","2020-10-13 15:53:23","2020-10-13 16:13:56","RPTINP01","RPTMGR01","N","N","0","","2021-03-01 00:00:00","","","1","0","CLSD ","@SEHZYC6","PRI  ","ORIG ","","","","@SEHZYBS","N","2021-03-01 00:00:00","2021-03-01 00:00:00","","","","","2021-03-01 00:00:00","CG852"
"=+EI1L52","100000000","FCUIA","RELSD","ACTUA","N","SMANZANO","=+EI1JPZ","40EDZTD7","2020-10-14 11:40:44","2020-10-14 11:47:37","SMANZANO","JAQUITAN","N","N","0","=+EI1JUN","2021-03-09 00:00:00","","","1","","","","","","","","1    ","","","","2021-03-09 00:00:00","","","","","2021-03-09 00:00:00","CG852"
"DXEI1OT6","0","FCINV","RELSD","ACTUA","N","JAQUITAN","DXEI1OOP","D3EI1MRL","2020-10-14 14:17:16","2020-10-14 14:52:57","JAQUITAN","JANICEA1","N","N","0","","2021-03-03 00:00:00","","","1","0","CLSD ","DXEI1OT5","PRI  ","ORIG ","","","","DXEI1OSZ","N","2021-03-03 00:00:00","2021-03-10 00:00:00","","","","","2021-03-03 00:00:00","CG852"
"DXEI1OTQ","0","FCINV","RELSD","ACTUA","N","JAQUITAN","DXEI1OOP","D3EI1MRL","2020-10-14 14:21:39","2020-10-14 14:52:56","JAQUITAN","JANICEA1","N","N","0","","2021-03-03 00:00:00","","BKGOV","1","0","CLSD ","DXEI1OTP","PRI  ","ORIG ","","","","DXEI1OTG","N","2021-03-03 00:00:00","2021-03-10 00:00:00","","","","","2021-03-03 00:00:00","CG852"
"CKEHZVEI","50000000","FCUIA","RELSD","ACTUA","N","JAQUITAN","CKEHZVC2","9ZEF82FK","2020-10-13 14:37:33","2020-10-13 14:40:22","JAQUITAN","JANICEA1","N","N","0","CKEHZVE5","2021-03-01 00:00:00","","","1","","","","","","","","5    ","","","","2021-03-01 00:00:00","","","","","2021-03-01 00:00:00","CG852"
"@5EI03LN","0","FCINV","RELSD","ACTUA","N","LIQUSR05","@5EI038S","@EEI01UV","2020-10-13 14:45:21","2020-10-13 14:51:45","LIQUSR05","LIQSVR04","N","N","0","","2021-03-01 00:00:00","","","1","0","CLSD ","@5EI03LM","PRI  ","ORIG ","","","","@5EI03LF","N","2021-03-01 00:00:00","2021-03-01 00:00:00","","","","","2021-03-01 00:00:00","CG852"
"C9EI044P","10000000","FCLOS","RELSD","ACTUA","N","LIQSVR04","@5EI038S","@EEI01UV","2020-10-13 14:51:53","2020-10-13 14:51:53","LIQSVR04","LIQSVR04","N","N","0","","2021-03-01 00:00:00","","","0","","","","","","","","","","","","2021-03-01 00:00:00","","","","","2021-03-01 00:00:00","CG852"
"C6EI003K","20000000","FCUIA","RELSD","ACTUA","N","JAQUITAN","C6EHZZZO","9ZEF82FK","2020-10-13 16:03:50","2020-10-13 16:05:44","JAQUITAN","JANICEA1","N","N","0","C6EI002B","2021-03-01 00:00:00","","","1","","","","","","","","6    ","","","","2021-03-01 00:00:00","","","","","2021-03-01 00:00:00","CG852"
"$QEI1OPE","0","FCINV","RELSD","ACTUA","N","LIQUSR03","$QEI1OLY","$QEI1OJW","2020-10-14 13:08:24","2020-10-14 13:13:07","LIQUSR03","LIQAPCP3","N","N","0","","2021-03-03 00:00:00","","BKGOV","1","0","CLSD ","$QEI1OPD","PRI  ","ORIG ","","","","$QEI1OP4","N","2021-03-03 00:00:00","2021-03-03 00:00:00","","","","","2021-03-03 00:00:00","CG852"
"?(EI1QAU","20000000","FCLOS","RELSD","ACTUA","N","JANICEA1","DXEI1OOP","D3EI1MRL","2020-10-14 14:52:58","2020-10-14 14:52:58","JANICEA1","JANICEA1","N","N","0","","2021-03-03 00:00:00","","","0","","","","","","","","","","","","2021-03-10 00:00:00","","","","","2021-03-03 00:00:00","CG852"
"NPEI1VR6","40000000","FCUIA","RELSD","ACTUA","N","JAQUITAN","NPEI1VIS","D3EI1MRL","2020-10-14 16:51:39","2020-10-14 16:56:52","JAQUITAN","JANICEA1","N","N","0","NPEI1VNG","2021-03-04 00:00:00","","","1","","","","","","","","1    ","","","","2021-03-04 00:00:00","","","","","2021-03-04 00:00:00","CG852"
"#:EHORJU","100000000","FCLOS","RELSD","ACTUA","N","LIQSVR05","#XEHOQ7N","#XEHOQ6X","2020-10-07 11:51:13","2020-10-07 11:51:13","LIQSVR05","LIQSVR05","N","N","0","","2020-07-09 00:00:00","","","0","","","","","","","","","","","","2020-07-09 00:00:00","","","","","2020-07-09 00:00:00","CG852"
"#XEHORWP","0","FCINV","PEND ","POTEN","N","LIQSVR05","#XEHOQ7N","#XEHOQ6X","2020-10-07 12:05:47","2020-10-07 12:16:16","LIQSVR04","LIQSVR05","N","N","0","","2020-07-09 00:00:00","","BKGOV","1","0","AWA  ","#XEHORWO","PART ","BUY  ","","","","#XEHORW0","Y","","","","","","","","CG852"
"TJEHY68C","0","FCINV","RELSD","ACTUA","N","LIQUSR03",".XEHY4PA",".XEHY4LC","2020-10-12 15:38:48","2020-10-12 15:44:01","LIQUSR03","LIQAPCP3","N","N","0","","2020-07-13 00:00:00","","","1","0","CLSD ","TJEHY68B","PRI  ","ORIG ","","","","TJEHY684","N","2020-07-13 00:00:00","2020-07-13 00:00:00","","","","","2020-07-13 00:00:00","CG852"
"VWEHQEK3","0","FCINV","PEND ","POTEN","N","LIQAPP04","I:EFMEGK","IREFMCO3","2020-10-08 08:36:51","2020-10-08 16:50:33","LIQSVR04","LIQUSR02","N","N","0","","2020-07-10 00:00:00","","BKGOV","1","0","OPSA ","VWEHQEK0","PART ","BUYB ","BKGOV","OPSA ","","VWEHQEJI","N","","","","","","","","CG852"
"42EHSA6R","0","FCINV","RELSD","ACTUA","N","LIQUSR03","42EHSA2A","42EHS9YE","2020-10-09 11:17:49","2020-10-09 12:42:09","LIQUSR03","LIQAPCP3","N","N","0","","2020-07-10 00:00:00","","BKGOV","1","0","CLSD ","42EHSA6Q","PRI  ","ORIG ","","","","42EHSA6I","N","2020-07-10 00:00:00","2020-07-10 00:00:00","","","","","2020-07-10 00:00:00","CG852"
"CHEHZZDK","100000000","FCLOS","RELSD","ACTUA","N","RPTMGR01","T*EHY77J",")YEHXS7X","2020-10-13 16:14:27","2020-10-13 16:14:27","RPTMGR01","RPTMGR01","N","N","0","","2021-03-01 00:00:00","","","0","","","","","","","","","","","","2021-03-01 00:00:00","","","","","2021-03-01 00:00:00","CG852"
"CNEI008O","50000000","FCUIA","RELSD","ACTUA","N","RPTINP01","CNEHZZU5",")YEHXS7X","2020-10-13 16:36:34","2020-10-13 16:51:26","RPTINP01","RPTMGR01","N","N","0","CNEI006J","2021-03-01 00:00:00","","","1","","","","","","","","1    ","","","","2021-03-01 00:00:00","","","","","2021-03-01 00:00:00","CG852"
"IKEI22GF","10000","FCUIA","RELSD","ACTUA","N","SMANZANO","IKEI224J","D3EI1MRL","2020-10-14 19:15:36","2020-10-14 19:23:12","SMANZANO","MANZANOS","N","N","0","IKEI22DR","2021-03-05 00:00:00","","","1","","","","","","","","3    ","","","","2021-03-05 00:00:00","","","","","2021-03-05 00:00:00","CG852"
":6EI3GLB","0","FCINV","RELSD","ACTUA","N","LIQUSR03",":6EI3GFB",":6EI3GEF","2020-10-15 12:14:20","2020-10-15 12:20:24","LIQUSR03","LIQAPCP3","N","N","0","","2021-03-08 00:00:00","","BKGOV","1","0","CLSD ",":6EI3GL9","PRI  ","ORIG ","","","",":6EI3GL0","N","2021-03-08 00:00:00","2021-03-08 00:00:00","","","","","2021-03-08 00:00:00","CG852"
":6EI3GLC","0","FCINV","RELSD","ACTUA","N","LIQUSR03",":6EI3GI8",":6EI3GEF","2020-10-15 12:14:20","2020-10-15 12:20:24","LIQUSR03","LIQAPCP3","N","N","0","","2021-03-08 00:00:00","","BKGOV","1","0","CLSD ",":6EI3GLA","PRI  ","ORIG ","","","",":6EI3GL0","N","2021-03-08 00:00:00","2021-03-08 00:00:00","","","","","2021-03-08 00:00:00","CG852"
"J-EHZJUE","0","CPTDC","AWSTA","POTEN","N","INPDEL01","Q+EDKVFH","Q+EDKVCZ","2020-10-13 09:19:44","2020-10-13 09:19:44","INPDEL01","INPDEL01","N","N","0","","2021-03-01 00:00:00","","","1","","","","","","","","","","","","","","","","","","CG852"
"JBEHZKBT","0","CPTDC","AWSTA","POTEN","N","DELINP01","Q+EDKVFH","Q+EDKVCZ","2020-10-13 09:33:08","2020-10-13 09:33:08","DELINP01","DELINP01","N","N","0","","2021-03-01 00:00:00","","","1","","","","","","","","","","","","","","","","","","CG852"
"38EHZONM","200000000","FCUIA","RELSD","ACTUA","N","JAQUITAN","38EHZOL4","9ZEF82FK","2020-10-13 10:58:47","2020-10-13 11:05:18","JAQUITAN","JANICEA1","N","N","0","38EHZON9","2021-03-01 00:00:00","","","1","","","","","","","","3    ","","","","2021-03-01 00:00:00","","","","","2021-03-01 00:00:00","CG852"
")=EIAU4I","0","FCINV","RELSD","ACTUA","N","ARFELI01",")=EIAU1O",")=EIATZI","2020-10-19 12:45:18","2020-10-19 12:55:16","ARFELI01","ARFELM01","N","N","0","","2021-03-08 00:00:00","","BPB  ","1","0","CLSD ",")=EIAU4H","PRI  ","ORIG ","","","",")=EIAU49","N","2021-03-08 00:00:00","2021-03-08 00:00:00","","","","","2021-03-08 00:00:00","CG852"
"E=EIAUV0","100000","FCLOS","RELSD","ACTUA","N","ARFELM01",")=EIAU1O",")=EIATZI","2020-10-19 12:55:34","2020-10-19 12:55:34","ARFELM01","ARFELM01","N","N","0","","2021-03-08 00:00:00","","","0","","","","","","","","","","","","2021-03-08 00:00:00","","","","","2021-03-08 00:00:00","CG852"
".XEHY4U7","0","FCINV","RELSD","ACTUA","N","LIQUSR03",".XEHY4PA",".XEHY4LC","2020-10-12 15:30:38","2020-10-12 15:44:01","LIQUSR03","LIQAPCP3","N","N","0","","2020-07-13 00:00:00","","BKGOV","1","0","CLSD ",".XEHY4U6","PRI  ","ORIG ","","","",".XEHY4TX","N","2020-07-13 00:00:00","2020-07-13 00:00:00","","","","","2020-07-13 00:00:00","CG852"
"T;EHY7C8","1000000000","FCLOS","RELSD","ACTUA","N","LIQAPCP3",".XEHY4PA",".XEHY4LC","2020-10-12 15:44:02","2020-10-12 15:44:02","LIQAPCP3","LIQAPCP3","N","N","0","","2020-07-13 00:00:00","","","0","","","","","","","","","","","","2020-07-13 00:00:00","","","","","2020-07-13 00:00:00","CG852"
".KEHY6FR","0","CPTDC","AWSTA","POTEN","N","DELINP01","Q+EDKVFH","Q+EDKVCZ","2020-10-12 16:50:46","2020-10-12 16:50:46","DELINP01","DELINP01","N","N","0","","2020-07-13 00:00:00","","","1","","","","","","","","","","","","","","","","","","CG852"
"DEEI1QKN","1000000000","FCLOS","RELSD","ACTUA","N","LIQAPCP3","$QEI1OLY","$QEI1OJW","2020-10-14 13:13:08","2020-10-14 13:13:08","LIQAPCP3","LIQAPCP3","N","N","0","","2021-03-03 00:00:00","","","0","","","","","","","","","","","","2021-03-03 00:00:00","","","","","2021-03-03 00:00:00","CG852"
":.EI39VL","1000000","FCUIA","RELSD","ACTUA","N","LIQUSR03","B4EI393N","D3EI1MRL","2020-10-15 10:53:33","2020-10-15 10:54:48","LIQUSR03","LIQAPCP3","N","N","0","B4EI393D","2021-03-08 00:00:00","","","1","","","","","","","","5    ","","","","2021-03-08 00:00:00","","","","","2021-03-08 00:00:00","CG852"
"Q4EI3HGL","0","FCINV","RELSD","ACTUA","N","LIQUSR03",":6EI3GFB",":6EI3GEF","2020-10-15 12:18:10","2020-10-15 12:20:24","LIQUSR03","LIQAPCP3","N","N","0","","2021-03-08 00:00:00","","","0","0","CLSD ","Q4EI3HGJ","PRI  ","ORIG ","","","","Q4EI3HGC","N","2021-03-08 00:00:00","2021-03-08 00:00:00","","","","","2021-03-08 00:00:00","CG852"
"Q4EI3HGM","0","FCINV","RELSD","ACTUA","N","LIQUSR03",":6EI3GI8",":6EI3GEF","2020-10-15 12:18:10","2020-10-15 12:20:24","LIQUSR03","LIQAPCP3","N","N","0","","2021-03-08 00:00:00","","","0","0","CLSD ","Q4EI3HGK","PRI  ","ORIG ","","","","Q4EI3HGC","N","2021-03-08 00:00:00","2021-03-08 00:00:00","","","","","2021-03-08 00:00:00","CG852"
"QKEI3HXE","1000000","FCLOS","RELSD","ACTUA","N","LIQAPCP3",":6EI3GFB",":6EI3GEF","2020-10-15 12:20:25","2020-10-15 12:20:25","LIQAPCP3","LIQAPCP3","N","N","0","","2021-03-08 00:00:00","","","0","","","","","","","","","","","","2021-03-08 00:00:00","","","","","2021-03-08 00:00:00","CG852"
"QKEI3HXH","1000000","FCLOS","RELSD","ACTUA","N","LIQAPCP3",":6EI3GI8",":6EI3GEF","2020-10-15 12:20:25","2020-10-15 12:20:25","LIQAPCP3","LIQAPCP3","N","N","0","","2021-03-08 00:00:00","","","0","","","","","","","","","","","","2021-03-08 00:00:00","","","","","2021-03-08 00:00:00","CG852"
":#EIIN0W","-10000","FCSDE","RELSD","ACTUA","N","SMANZANO","IKEI224J","D3EI1MRL","2020-10-23 17:29:36","2020-10-23 17:31:11","SMANZANO","MANZANOS","N","N","0","","2021-03-05 00:00:00","","","1","","","","","","","","","","","","2021-03-08 00:00:00","","","","","2021-03-05 00:00:00","CG852"
"Q.EJEH2A","0","FCINV","RELSD","ACTUA","N","CESSINP1","Q.EJEGOA","Q.EJEGLJ","2020-11-09 22:20:54","2020-11-09 22:49:16","CESSINP1","CESSSUP1","N","N","0","","2021-10-15 00:00:00","","","1","0","CLSD ","Q.EJEH29","PRI  ","ORIG ","","","","Q.EJEH23","N","2021-10-15 00:00:00","2021-10-15 00:00:00","","","","","2021-10-15 00:00:00","CG852"
"Q.EJEH2W","0","FCINV","RELSD","ACTUA","N","CESSINP1","Q.EJEGOA","Q.EJEGLJ","2020-11-09 22:28:36","2020-11-09 22:49:07","CESSINP1","CESSSUP1","N","N","0","","2021-10-15 00:00:00","","BKGOV","1","0","CLSD ","Q.EJEH2V","PRI  ","ORIG ","","","","Q.EJEH2M","N","2021-10-15 00:00:00","2021-10-15 00:00:00","","","","","2021-10-15 00:00:00","CG852"
"@OEITKXB","100000000","FCLOS","RELSD","ACTUA","N","TESTINP ","34EITIZT",")XEIRVS4","2020-10-29 15:32:41","2020-10-29 15:32:41","TESTINP ","TESTINP ","N","N","0","","2021-08-12 00:00:00","","","0","","","","","","","","","","","","2021-09-14 00:00:00","","","","","2021-08-12 00:00:00","CG852"
"@OEITKXE","100000000","FCLOS","RELSD","ACTUA","N","TESTINP ","34EITJ7N",")XEIRVS4","2020-10-29 15:32:41","2020-10-29 15:32:41","TESTINP ","TESTINP ","N","N","0","","2021-08-12 00:00:00","","","0","","","","","","","","","","","","2021-09-14 00:00:00","","","","","2021-08-12 00:00:00","CG852"
"ZUEJHSAY","0","FCINV","CNCLD","INACT","N","FOULISTR","ZUEJHSA1","ZUEJHS93","2020-11-11 14:20:30","2020-11-11 14:20:51","FOULISTR","FOULISTR","N","N","0","","","","BPB  ","0","0","CAN  ","ZUEJHSAX","PRI  ","ORIG ","","","","ZUEJHSAO","N","","","","","","","","CB141"
":+EJEG8X","0","FCINV","PEND ","POTEN","N","CESSINP1",":+EJEFUX",":+EJEFS6","2020-11-09 21:27:56","2020-11-09 21:27:56","CESSINP1","CESSINP1","N","N","0","","","","","1","0","PEND ",":+EJEG8W","PRI  ","ORIG ","","","",":+EJEG8Q","N","","","","","","","","CG852"
"5EEJEJ1N","300000000","FCLOS","RELSD","ACTUA","N","CESSSUP1","Q.EJEGOA","Q.EJEGLJ","2020-11-09 22:49:28","2020-11-09 22:49:28","CESSSUP1","CESSSUP1","N","N","0","","2021-10-15 00:00:00","","","0","","","","","","","","","","","","2021-10-15 00:00:00","","","","","2021-10-15 00:00:00","CG852"
"56EJELHY","50000000","FCSIN","AWSTA","POTEN","N","CESSINP1","5JEJEJQZ","Q.EJEGLJ","2020-11-10 00:05:57","2020-11-10 00:05:57","CESSINP1","CESSINP1","N","N","0","","2021-10-15 00:00:00","","","1","","","","","","","","","","","","","","","","","","CG852"
"5LEJEM1C","50000000","FCUIA","RELSD","ACTUA","N","CESSINP1","5LEJELY3","Q.EJEGLJ","2020-11-10 00:16:08","2020-11-10 00:25:49","CESSINP1","CESSMNG1","N","N","0","5LEJELXZ","2021-10-15 00:00:00","","","1","","","","","","","","10641","","","","2021-10-15 00:00:00","","","","","2021-10-15 00:00:00","CG852"
"ZUEJHSBK","0","FCINV","RELSD","ACTUA","N","FOULISTR","ZUEJHSA1","ZUEJHS93","2020-11-11 14:23:25","2020-11-12 07:30:24","FOULISTR","BRIANMOK","N","N","0","","2021-10-18 00:00:00","","BPB  ","1","0","CLSD ","ZUEJHSBJ","PRI  ","ORIG ","","","","ZUEJHSBA","N","2021-10-18 00:00:00","2021-10-27 00:00:00","","","","","2021-10-18 00:00:00","CB141"
"34EITJGE","0","FCINV","RELSD","ACTUA","N","TESTINP ","34EITIZT",")XEIRVS4","2020-10-29 15:02:33","2020-10-29 15:32:39","TESTINP ","TESTINP ","N","N","0","","2021-08-12 00:00:00","","SAF  ","1","0","CLSD ","34EITJGC","PRI  ","ORIG ","","","","34EITJG5","N","2021-08-12 00:00:00","2021-09-14 00:00:00","","","","","2021-08-12 00:00:00","CG852"
"34EITJGF","0","FCINV","RELSD","ACTUA","N","TESTINP ","34EITJ7N",")XEIRVS4","2020-10-29 15:02:33","2020-10-29 15:32:39","TESTINP ","TESTINP ","N","N","0","","2021-08-12 00:00:00","","SAF  ","1","0","CLSD ","34EITJGD","PRI  ","ORIG ","","","","34EITJG5","N","2021-08-12 00:00:00","2021-09-14 00:00:00","","","","","2021-08-12 00:00:00","CG852"
"TMEJJ5II","100000","FCLOS","RELSD","ACTUA","N","BRIANMOK","ZUEJHSA1","ZUEJHS93","2020-11-12 07:30:47","2020-11-12 07:30:47","BRIANMOK","BRIANMOK","N","N","0","","2021-10-18 00:00:00","","","0","","","","","","","","","","","","2021-10-27 00:00:00","","","","","2021-10-18 00:00:00","CB141"
