"CTY_CDE_COUNTRY","CTY_DSC_COUNTRY","CTY_IND_ACTIVE","CTY_IND_MAY_DEACT","CTY_UID_REC_CREATE","CTY_UID_REC_UPDATE","CTY_TSP_REC_CREATE","CTY_TSP_REC_UPDATE","CTY_IND_CITY_REQ","CTY_CDE_IRS_CNTRY","CTY_IND_INC_IN_LOC","CTY_DSC_SHORTNAME","CTY_CDE_LOC_GRP","CTY_CDE_REGION","CTY_TXT_DIAL_CNTRY","CTY_TXT_MTH_RP_CD1","CTY_TXT_QTR_RP_CD1","CTY_IND_EU_MEMBER","CTY_IND_VAT","CTY_PCT_VAT","CTY_PCT_VAT_RCVRY","CTY_TXT_VAT_MASK"
"CX","Christmas Islands             ","N","Y","LS2BATCH","LS2BATCH","1993-03-25 09:08:47","2019-04-03 23:13:03","Y","KT","Y","               ","","","    ","CX        ","CX        ","N","N","0","0","               "
"CY","Cyprus                        ","Y","Y","LS2BATCH","LS2BATCH","1993-03-25 09:08:47","1993-03-25 09:08:47","Y","CY","Y","               ","","","357 ","CY        ","CY        ","N","N","0","0","               "
"CZ","Czech Republic                ","Y","Y","LS2BATCH","LS2BATCH","1993-10-23 15:57:46","1997-05-20 15:08:25","Y","EZ","Y","               ","","","    ","CZ        ","CZ        ","N","N","0","0","               "
"DE","Germany                       ","Y","Y","LS2BATCH","LS2BATCH","1993-03-25 09:08:47","1997-05-20 15:11:38","Y","GM","Y","               ","","","49  ","DE        ","DE        ","N","N","0","0","               "
"DJ","Djibouti                      ","N","Y","LS2BATCH","LS2BATCH","1993-03-25 09:08:47","2019-04-03 23:13:03","Y","DJ","Y","               ","","","    ","DJ        ","DJ        ","N","N","0","0","               "
"DK","Denmark                       ","Y","Y","LS2BATCH","LS2BATCH","1993-03-25 09:08:47","1997-05-20 15:08:46","Y","DA","Y","               ","","","45  ","DK        ","DK        ","N","N","0","0","               "
"DO","Dominican Republic            ","N","Y","LS2BATCH","LS2BATCH","1993-03-25 09:08:47","2019-04-03 23:13:03","Y","DR","Y","               ","","","    ","DO        ","DO        ","N","N","0","0","               "
"DZ","Algeria                       ","N","Y","LS2BATCH","LS2BATCH","1993-03-25 09:08:47","2019-04-03 23:13:03","N","AG","Y","               ","","","213 ","DZ        ","DZ        ","N","N","0","0","               "
"EC","Ecuador                       ","N","Y","LS2BATCH","LS2BATCH","1993-03-25 09:08:47","2019-04-03 23:13:04","Y","EC","Y","               ","","","593 ","EC        ","EC        ","N","N","0","0","               "
"EE","Estonia                       ","Y","Y","LS2BATCH","LS2BATCH","1993-03-25 09:09:26","1997-05-20 15:10:06","Y","EN","Y","               ","","","    ","EE        ","EE        ","N","N","0","0","               "
"EG","Egypt                         ","Y","Y","LS2BATCH","ADMIN2  ","1993-03-25 09:08:47","2005-07-20 10:21:16","Y","EG","Y","               ","","","20  ","EG        ","EG        ","N","N","0","0","               "
"EK","Equatorial Guinea             ","N","Y","LS2BATCH","LS2BATCH","1996-07-01 13:47:09","2019-04-03 23:13:04","N","EK","Y","               ","","","","EK        ","EK        ","N","N","0","0","               "
"ES","Spain                         ","Y","Y","LS2BATCH","LS2BATCH","1993-03-25 09:08:47","1997-05-20 15:32:45","Y","SP","Y","               ","","","34  ","ES        ","ES        ","N","N","0","0","               "
"ET","Ethiopia                      ","N","Y","LS2BATCH","LS2BATCH","1993-03-25 09:08:47","2019-04-03 23:13:04","Y","ET","Y","               ","","","251 ","ET        ","ET        ","N","N","0","0","               "
"FI","Finland                       ","Y","Y","LS2BATCH","LS2BATCH","1993-03-25 09:08:47","1993-03-25 09:08:47","Y","FI","Y","               ","","","358 ","FI        ","FI        ","N","N","0","0","               "
"FJ","Fiji                          ","Y","Y","LS2BATCH","LS2BATCH","1993-03-25 09:08:47","1993-03-25 09:08:47","Y","FJ","Y","               ","","","679 ","FJ        ","FJ        ","N","N","0","0","               "
"FK","Falkland Islands              ","N","Y","LS2BATCH","LS2BATCH","1993-03-25 09:08:47","2019-04-03 23:13:04","Y","FA","Y","               ","","","    ","FK        ","FK        ","N","N","0","0","               "
"FM","Micronesia (Federated States O","N","Y","LS2BATCH","LS2BATCH","1997-09-28 21:17:58","2019-04-03 23:13:04","Y","FM","Y","               ","","","","","","N","N","0","0","               "
"FO","Faroe Islands                 ","N","Y","LS2BATCH","LS2BATCH","1993-03-25 09:08:47","2019-04-03 23:13:04","Y","FO","Y","               ","","","    ","FO        ","FO        ","N","N","0","0","               "
"FR","France                        ","Y","Y","LS2BATCH","LS2BATCH","1993-03-25 09:08:47","1993-03-25 09:08:47","Y","FR","Y","               ","","","33  ","FR        ","FR        ","N","N","0","0","               "
"GA","Gabon                         ","N","Y","LS2BATCH","LS2BATCH","1993-03-25 09:08:47","2019-04-03 23:13:04","N","GB","Y","               ","","","241 ","GA        ","GA        ","N","N","0","0","               "
"GG","Guernsey                      ","Y","Y","LS2BATCH","ADMIN2  ","1997-09-28 21:17:58","2005-07-20 10:24:01","Y","GK","Y","               ","","","","","","N","N","0","0","               "
"GH","Ghana                         ","Y","Y","LS2BATCH","LS2BATCH","1993-03-25 09:08:47","1993-03-25 09:08:47","Y","GH","Y","               ","","","    ","GH        ","GH        ","N","N","0","0","               "
"GI","Gibraltar                     ","N","Y","LS2BATCH","LS2BATCH","1993-03-25 09:08:47","2019-04-03 23:13:04","Y","GI","Y","               ","","","    ","GI        ","GI        ","N","N","0","0","               "
"GL","Greenland                     ","N","Y","LS2BATCH","LS2BATCH","1994-09-23 22:33:55","2019-04-03 23:13:04","Y","GL","Y","               ","","","","GL        ","GL        ","N","N","0","0","               "
"GM","Gambia                        ","N","Y","LS2BATCH","LS2BATCH","1993-03-25 09:08:47","2019-04-03 23:13:04","Y","GA","Y","               ","","","    ","GM        ","GM        ","N","N","0","0","               "
"GN","Guinea                        ","N","Y","LS2BATCH","LS2BATCH","1993-03-25 09:08:47","2019-04-03 23:13:04","Y","GV","Y","               ","","","    ","GN        ","GN        ","N","N","0","0","               "
"GP","Guadeloupe                    ","N","Y","LS2BATCH","LS2BATCH","1993-03-25 09:08:47","2019-04-03 23:13:05","Y","GP","Y","               ","","","    ","GP        ","GP        ","N","N","0","0","               "
"GR","Greece                        ","Y","Y","LS2BATCH","LS2BATCH","1993-03-25 09:08:47","1993-03-25 09:08:47","Y","GR","Y","               ","","","30  ","GR        ","GR        ","N","N","0","0","               "
"GT","Guatemala                     ","N","Y","LS2BATCH","LS2BATCH","1993-03-25 09:08:47","2019-04-03 23:13:05","Y","GT","Y","               ","","","502 ","GT        ","GT        ","N","N","0","0","               "
"GU","Guam                          ","N","Y","LS2BATCH","LS2BATCH","1996-07-01 13:56:51","2019-04-03 23:13:05","N","GQ","Y","               ","","","","GU        ","GU        ","N","N","0","0","               "
"GW","Guinea-Bissau                 ","N","Y","LS2BATCH","LS2BATCH","1993-03-25 09:08:47","2019-04-03 23:13:05","Y","PU","Y","               ","","","    ","GW        ","GW        ","N","N","0","0","               "
"GY","Guyana                        ","N","Y","LS2BATCH","LS2BATCH","1993-03-25 09:08:47","2019-04-03 23:13:05","Y","GY","Y","               ","","","592 ","GY        ","GY        ","N","N","0","0","               "
"HK","Hong Kong                     ","Y","Y","LS2BATCH","LS2BATCH","1993-03-25 09:08:47","1993-03-25 09:08:47","Y","HK","Y","               ","","","852 ","HK        ","HK        ","N","N","0","0","               "
"ID","Indonesia                     ","Y","Y","LS2BATCH","LS2BATCH","1993-03-25 09:08:47","1993-03-25 09:08:47","Y","ID","Y","               ","","","62  ","ID        ","ID        ","N","N","0","0","               "
"IE","Ireland                       ","Y","Y","LS2BATCH","LS2BATCH","1993-03-25 09:08:47","1997-05-20 15:14:24","Y","EI","Y","               ","","","353 ","IE        ","IE        ","N","N","0","0","               "
"IL","Israel                        ","Y","Y","LS2BATCH","LS2BATCH","1993-03-25 09:08:47","1997-05-20 15:14:37","Y","IS","Y","               ","","","972 ","IL        ","IL        ","N","N","0","0","               "
"IM","Isle of Man                   ","Y","Y","LS2BATCH","LS2BATCH","1997-09-28 21:17:58","1997-09-28 21:17:58","Y","IM","Y","               ","","","","","","N","N","0","0","               "
"IN","India                         ","Y","Y","LS2BATCH","LS2BATCH","1993-03-25 09:08:47","1993-03-25 09:08:47","Y","IN","Y","               ","","","91  ","IN        ","IN        ","N","N","0","0","               "
"IO","Brit. Ind. Ocn. Terr          ","N","Y","LS2BATCH","LS2BATCH","1993-03-25 09:08:47","2019-04-03 23:13:05","Y","IO","Y","               ","","","    ","IO        ","IO        ","N","N","0","0","               "
"IQ","Iraq                          ","Y","Y","LS2BATCH","LS2BATCH","1993-03-25 09:08:47","1997-05-20 15:14:07","Y","IZ","Y","               ","","","964 ","IQ        ","IQ        ","N","N","0","0","               "
"IR","Iran                          ","N","Y","LS2BATCH","LS2BATCH","1993-03-25 09:08:47","2019-04-03 23:13:05","Y","IR","Y","               ","","","98  ","IR        ","IR        ","N","N","0","0","               "
"IS","Iceland                       ","Y","Y","LS2BATCH","LS2BATCH","1993-03-25 09:08:47","1997-05-20 15:13:43","Y","IC","Y","               ","","","354 ","IS        ","IS        ","N","N","0","0","               "
"IT","Italy                         ","Y","Y","LS2BATCH","LS2BATCH","1993-03-25 09:08:47","1993-03-25 09:08:47","Y","IT","Y","               ","","","39  ","IT        ","IT        ","N","N","0","0","               "
"JM","Jamaica                       ","N","Y","LS2BATCH","LS2BATCH","1993-03-25 09:08:47","2019-04-03 23:13:05","Y","JM","Y","               ","","","    ","JM        ","JM        ","N","N","0","0","               "
"JO","Jordan                        ","Y","Y","LS2BATCH","LS2BATCH","1993-03-25 09:08:47","1993-03-25 09:08:47","Y","JO","Y","               ","","","962 ","JO        ","JO        ","N","N","0","0","               "
"JP","Japan                         ","Y","Y","LS2BATCH","LS2BATCH","1993-03-25 09:08:47","1997-05-20 15:15:00","Y","JA","Y","               ","","","81  ","JP        ","JP        ","N","N","0","0","               "
"KE","Kenya                         ","Y","Y","LS2BATCH","LS2BATCH","1993-03-25 09:08:47","1993-03-25 09:08:47","Y","KE","Y","               ","","","254 ","KE        ","KE        ","N","N","0","0","               "
"KG","Kyrgyzstan                    ","N","Y","LS2BATCH","LS2BATCH","1993-03-25 09:09:26","2019-04-03 23:13:05","Y","KG","Y","               ","","","    ","KG        ","KG        ","N","N","0","0","               "
"KH","Cambodia                      ","Y","Y","LS2BATCH","LS2BATCH","1993-03-25 09:08:47","1997-05-20 15:05:09","Y","CB","Y","               ","","","    ","KH        ","KH        ","N","N","0","0","               "
"KM","Comoros                       ","N","Y","LS2BATCH","LS2BATCH","1993-03-25 09:08:47","2019-04-03 23:13:06","Y","CN","Y","               ","","","    ","KM        ","KM        ","N","N","0","0","               "
"KN","St.Kitts & Nevis              ","N","Y","LS2BATCH","LS2BATCH","1993-03-25 09:08:47","2019-04-03 23:13:06","Y","SC","Y","               ","","","    ","KN        ","KN        ","N","N","0","0","               "
"KP","Korea, North                  ","N","Y","LS2BATCH","LS2BATCH","1993-03-25 09:08:47","2019-04-03 23:13:06","Y","KN","Y","               ","","","    ","KP        ","KP        ","N","N","0","0","               "
"KR","Korea                         ","Y","Y","LS2BATCH","LS2BATCH","1993-03-25 09:08:47","2019-04-03 23:13:06","Y","KS","Y","               ","","","82  ","KR        ","KR        ","N","N","0","0","               "
"KW","Kuwait                        ","Y","Y","LS2BATCH","LS2BATCH","1993-03-25 09:08:47","1997-05-20 15:16:09","N","KU","Y","               ","","","965 ","KW        ","KW        ","N","N","0","0","               "
"KY","Cayman Islands                ","Y","Y","LS2BATCH","LS2BATCH","1993-03-25 09:08:47","1997-05-20 15:05:34","Y","CJ","Y","               ","","","    ","KY        ","KY        ","N","N","0","0","               "
"KZ","Kazakhstan                    ","N","Y","LS2BATCH","LS2BATCH","1993-03-25 09:09:26","2019-04-03 23:13:06","Y","KZ","Y","               ","","","    ","KZ        ","KZ        ","N","N","0","0","               "
"LA","Laos                          ","Y","Y","LS2BATCH","LS2BATCH","1993-03-25 09:08:47","1993-03-25 09:08:47","Y","LA","Y","               ","","","    ","LA        ","LA        ","N","N","0","0","               "
"LB","Lebanon                       ","Y","Y","LS2BATCH","LS2BATCH","1993-03-25 09:08:47","1997-05-20 15:16:36","Y","LE","Y","               ","","","    ","LB        ","LB        ","N","N","0","0","               "
"LC","St. Lucia                     ","N","Y","LS2BATCH","LS2BATCH","1993-03-25 09:08:47","2019-04-03 23:13:06","Y","ST","Y","               ","","","    ","LC        ","LC        ","N","N","0","0","               "
"LI","Liechtenstein                 ","N","Y","LS2BATCH","LS2BATCH","1993-03-25 09:08:47","2019-04-03 23:13:06","Y","LS","Y","               ","","","    ","LI        ","LI        ","N","N","0","0","               "
"LK","Sri Lanka                     ","Y","Y","LS2BATCH","LS2BATCH","1993-03-25 09:08:47","1997-05-20 15:33:08","Y","CE","Y","               ","","","94  ","LK        ","LK        ","N","N","0","0","               "
"LR","Liberia                       ","Y","Y","LS2BATCH","LS2BATCH","1993-03-25 09:08:47","1997-05-20 15:16:56","N","LI","Y","               ","","","231 ","LR        ","LR        ","N","N","0","0","               "
"LS","Lesotho                       ","N","Y","LS2BATCH","LS2BATCH","1993-03-25 09:08:47","2019-04-03 23:13:06","Y","LT","Y","               ","","","    ","LS        ","LS        ","N","N","0","0","               "
"TO","Tonga                         ","Y","Y","LS2BATCH","LS2BATCH","1993-03-25 09:08:47","1997-05-20 15:35:16","Y","TN","Y","               ","","","    ","TO        ","TO        ","N","N","0","0","               "
"TR","Turkey                        ","Y","Y","LS2BATCH","LS2BATCH","1993-03-25 09:08:47","1997-05-20 15:35:44","Y","TU","Y","               ","","","90  ","TR        ","TR        ","N","N","0","0","               "
"TT","Trinidad & Tobago             ","N","Y","LS2BATCH","LS2BATCH","1993-03-25 09:08:47","2019-04-03 23:13:10","Y","TD","Y","               ","","","    ","TT        ","TT        ","N","N","0","0","               "
"TV","Tuvalu                        ","N","Y","LS2BATCH","LS2BATCH","1993-03-25 09:08:47","2019-04-03 23:13:10","Y","TV","Y","               ","","","    ","TV        ","TV        ","N","N","0","0","               "
"TW","Taiwan                        ","Y","Y","LS2BATCH","ADMIN2  ","1993-03-25 09:08:47","2005-07-20 11:04:43","Y","TW","Y","               ","","","    ","TW        ","TW        ","N","N","0","0","               "
"TZ","Tanzania                      ","N","Y","LS2BATCH","LS2BATCH","1993-03-25 09:08:47","2019-04-03 23:13:10","Y","TZ","Y","               ","","","    ","TZ        ","TZ        ","N","N","0","0","               "
"UA","Ukraine                       ","N","Y","LS2BATCH","LS2BATCH","1993-03-25 09:09:26","2019-04-03 23:13:10","Y","UP","Y","               ","","","    ","UA        ","UA        ","N","N","0","0","               "
"UG","Uganda                        ","N","Y","LS2BATCH","LS2BATCH","1993-03-25 09:08:47","2019-04-03 23:13:10","Y","UG","Y","               ","","","    ","UG        ","UG        ","N","N","0","0","               "
"US","United States                 ","Y","N","LS2BATCH","LS2BATCH","1993-03-25 09:08:47","1999-09-13 17:29:01","N","US","Y","               ","ST   ","","01  ","US        ","US        ","N","N","0","0","               "
"UY","Uruguay                       ","Y","Y","LS2BATCH","LS2BATCH","1993-03-25 09:08:47","1993-03-25 09:08:47","Y","UY","Y","               ","","","598 ","UY        ","UY        ","N","N","0","0","               "
"UZ","Uzbekistan                    ","N","Y","LS2BATCH","LS2BATCH","1993-03-25 09:09:26","2019-04-03 23:13:10","Y","UZ","Y","               ","","","    ","UZ        ","UZ        ","N","N","0","0","               "
"VA","Vatican City                  ","N","Y","LS2BATCH","LS2BATCH","1993-03-25 09:08:47","2019-04-03 23:13:10","Y","VT","Y","               ","","","39  ","VA        ","VA        ","N","N","0","0","               "
"VC","St. Vincent & the Grenadines  ","N","Y","LS2BATCH","LS2BATCH","1993-03-25 09:08:47","2019-04-03 23:13:10","Y","VC","Y","               ","","","    ","VC        ","VC        ","N","N","0","0","               "
"VE","Venezuela                     ","Y","Y","LS2BATCH","LS2BATCH","1993-03-25 09:08:47","1993-03-25 09:08:47","Y","VE","Y","               ","","","58  ","VE        ","VE        ","N","N","0","0","               "
"VG","British Virgin Islands        ","Y","Y","LS2BATCH","LS2BATCH","1993-03-25 09:08:47","2019-04-03 23:13:11","Y","VI","Y","               ","","","    ","VG        ","VG        ","N","N","0","0","               "
"VI","USA Virgin Islands            ","Y","Y","LS2BATCH","LS2BATCH","1995-07-24 11:50:03","2019-04-03 23:13:11","N","VQ","Y","               ","","","","VI        ","VI        ","N","N","0","0","               "
"VN","Vietnam                       ","Y","Y","LS2BATCH","LS2BATCH","1993-03-25 09:08:47","2019-04-03 23:13:11","Y","VM","Y","               ","","","    ","VN        ","VN        ","N","N","0","0","               "
"GB","United Kingdom                ","Y","Y","LS2BATCH","LS2BATCH","1993-03-25 09:08:47","1997-05-20 15:36:43","Y","UK","Y","               ","","","44  ","GB        ","GB        ","N","N","0","0","               "
"GD","Grenada                       ","N","Y","LS2BATCH","LS2BATCH","1993-03-25 09:08:47","2019-04-03 23:13:04","Y","GJ","Y","               ","","","    ","GD        ","GD        ","N","N","0","0","               "
"GE","Georgia                       ","N","Y","LS2BATCH","LS2BATCH","1993-03-25 09:09:26","2019-04-03 23:13:04","Y","GG","Y","               ","","","    ","GE        ","GE        ","N","N","0","0","               "
"GF","French Guiana                 ","N","Y","LS2BATCH","LS2BATCH","1993-03-25 09:08:47","2019-04-03 23:13:04","Y","FG","Y","               ","","","    ","GF        ","GF        ","N","N","0","0","               "
"LT","Lithuania                     ","Y","Y","LS2BATCH","LS2BATCH","1993-03-25 09:09:26","1997-05-20 15:17:17","Y","LH","Y","               ","","","    ","LT        ","LT        ","N","N","0","0","               "
"LU","Luxembourg                    ","Y","Y","LS2BATCH","LS2BATCH","1993-03-25 09:08:47","1993-03-25 09:08:47","N","LU","Y","               ","","","352 ","LU        ","LU        ","N","N","0","0","               "
"LV","Latvia                        ","Y","Y","LS2BATCH","LS2BATCH","1993-03-25 09:09:26","1997-05-20 15:16:27","Y","LG","Y","               ","","","    ","LV        ","LV        ","N","N","0","0","               "
"LY","Libya                         ","Y","Y","LS2BATCH","LS2BATCH","1993-03-25 09:08:47","1993-03-25 09:08:47","Y","LY","Y","               ","","","218 ","LY        ","LY        ","N","N","0","0","               "
"MA","Morocco                       ","N","Y","LS2BATCH","LS2BATCH","1993-03-25 09:08:47","2019-04-03 23:13:06","Y","MO","Y","               ","","","212 ","MA        ","MA        ","N","N","0","0","               "
"MC","Monaco                        ","Y","Y","LS2BATCH","ADMIN2  ","1993-03-25 09:08:47","2005-07-20 10:26:49","Y","MN","Y","               ","","","    ","MC        ","MC        ","N","N","0","0","               "
"MD","Moldova                       ","N","Y","LS2BATCH","LS2BATCH","1993-03-25 09:09:26","2019-04-03 23:13:06","Y","MD","Y","               ","","","    ","MD        ","MD        ","N","N","0","0","               "
"MG","Madagascar                    ","N","Y","LS2BATCH","LS2BATCH","1993-03-25 09:08:47","2019-04-03 23:13:07","Y","MA","Y","               ","","","    ","MG        ","MG        ","N","N","0","0","               "
"MK","Macedonia                     ","Y","Y","LS2BATCH","LS2BATCH","1996-11-10 21:23:30","1996-11-10 21:23:30","Y","MK","Y","               ","","","","MK        ","MK        ","N","N","0","0","               "
"ML","Mali                          ","N","Y","LS2BATCH","LS2BATCH","1993-03-25 09:08:47","2019-04-03 23:13:07","Y","ML","Y","               ","","","    ","ML        ","ML        ","N","N","0","0","               "
"MN","Mongolia                      ","Y","Y","LS2BATCH","LS2BATCH","1993-03-25 09:08:47","1997-05-20 15:19:17","Y","MG","Y","               ","","","    ","MN        ","MN        ","N","N","0","0","               "
"MO","Macau                         ","N","Y","LS2BATCH","LS2BATCH","1993-03-25 09:08:47","2019-04-03 23:13:07","Y","MC","Y","               ","","","    ","MO        ","MO        ","N","N","0","0","               "
"MQ","Martinique                    ","N","Y","LS2BATCH","LS2BATCH","1993-03-25 09:08:47","2019-04-03 23:13:07","Y","MB","Y","               ","","","    ","MQ        ","MQ        ","N","N","0","0","               "
"MR","Mauritania                    ","N","Y","LS2BATCH","LS2BATCH","1993-03-25 09:08:47","2019-04-03 23:13:07","Y","MR","Y","               ","","","    ","MR        ","MR        ","N","N","0","0","               "
"MS","Montserrat                    ","N","Y","LS2BATCH","LS2BATCH","1997-09-28 21:17:58","2019-04-03 23:13:07","Y","MH","Y","               ","","","","","","N","N","0","0","               "
"MT","Malta                         ","Y","Y","LS2BATCH","LS2BATCH","1993-03-25 09:08:47","1993-03-25 09:08:47","Y","MT","Y","               ","","","    ","MT        ","MT        ","N","N","0","0","               "
"MU","Mauritius                     ","Y","Y","LS2BATCH","LS2BATCH","1993-03-25 09:08:47","1997-05-20 15:18:45","Y","MP","Y","               ","","","    ","MU        ","MU        ","N","N","0","0","               "
"MV","Maldives                      ","N","Y","LS2BATCH","LS2BATCH","1993-03-25 09:08:47","2019-04-03 23:13:07","Y","MV","Y","               ","","","    ","MV        ","MV        ","N","N","0","0","               "
"MW","Malawi                        ","N","Y","LS2BATCH","LS2BATCH","1993-03-25 09:08:47","2019-04-03 23:13:07","Y","MI","Y","               ","","","265 ","MW        ","MW        ","N","N","0","0","               "
"MX","Mexico                        ","Y","Y","LS2BATCH","LS2BATCH","1993-03-25 09:08:47","1993-03-25 09:08:47","Y","MX","Y","               ","","","52  ","MX        ","MX        ","N","N","0","0","               "
"MY","Malaysia                      ","Y","Y","LS2BATCH","LS2BATCH","1993-03-25 09:08:47","1993-03-25 09:08:47","Y","MY","Y","               ","","","60  ","MY        ","MY        ","N","N","0","0","               "
"MZ","Mozambique                    ","N","Y","LS2BATCH","LS2BATCH","1993-03-25 09:08:47","2019-04-03 23:13:07","Y","MZ","Y","               ","","","    ","MZ        ","MZ        ","N","N","0","0","               "
"NA","Namibia                       ","N","Y","LS2BATCH","LS2BATCH","1993-03-25 09:08:47","2019-04-03 23:13:07","Y","WA","Y","               ","","","264 ","NA        ","NA        ","N","N","0","0","               "
"NC","New Caledonia                 ","N","Y","LS2BATCH","LS2BATCH","1993-03-25 09:08:47","2019-04-03 23:13:07","N","NC","Y","               ","","","687 ","NC        ","NC        ","N","N","0","0","               "
"NE","Niger                         ","N","Y","LS2BATCH","LS2BATCH","1993-03-25 09:08:47","2019-04-03 23:13:08","Y","NG","Y","               ","","","    ","NE        ","NE        ","N","N","0","0","               "
"NG","Nigeria                       ","Y","Y","LS2BATCH","LS2BATCH","1993-03-25 09:08:47","1997-05-20 15:24:35","Y","NI","Y","               ","","","234 ","NG        ","NG        ","N","N","0","0","               "
"NI","Nicaragua                     ","N","Y","LS2BATCH","LS2BATCH","1993-03-25 09:08:47","2019-04-03 23:13:08","Y","NU","Y","               ","","","505 ","NI        ","NI        ","N","N","0","0","               "
"NL","Netherlands                   ","Y","Y","LS2BATCH","LS2BATCH","1993-03-25 09:08:47","1993-03-25 09:08:47","Y","NL","Y","               ","","","31  ","NL        ","NL        ","N","N","0","0","               "
"NO","Norway                        ","Y","Y","LS2BATCH","LS2BATCH","1993-03-25 09:08:47","1993-03-25 09:08:47","Y","NO","Y","               ","","","47  ","NO        ","NO        ","N","N","0","0","               "
"NP","Nepal                         ","N","Y","LS2BATCH","LS2BATCH","1993-03-25 09:08:47","2019-04-03 23:13:08","Y","NP","Y","               ","","","    ","NP        ","NP        ","N","N","0","0","               "
"RW","Rwanda                        ","N","Y","LS2BATCH","LS2BATCH","1993-03-25 09:08:47","2019-04-03 23:13:08","Y","RW","Y","               ","","","    ","RW        ","RW        ","N","N","0","0","               "
"SA","Saudi Arabia                  ","Y","Y","LS2BATCH","LS2BATCH","1993-03-25 09:08:47","1993-03-25 09:08:47","Y","SA","Y","               ","","","966 ","SA        ","SA        ","N","N","0","0","               "
"SC","Seychelles                    ","N","Y","LS2BATCH","LS2BATCH","1993-03-25 09:08:47","2019-04-03 23:13:08","Y","SE","Y","               ","","","    ","SC        ","SC        ","N","N","0","0","               "
"SD","Sudan                         ","N","Y","LS2BATCH","LS2BATCH","1993-03-25 09:08:47","2019-04-03 23:13:09","Y","SU","Y","               ","","","    ","SD        ","SD        ","N","N","0","0","               "
"SE","Sweden                        ","Y","Y","LS2BATCH","LS2BATCH","1993-03-25 09:08:47","1997-05-20 15:34:01","Y","SW","Y","               ","","","46  ","SE        ","SE        ","N","N","0","0","               "
"SG","Singapore                     ","Y","Y","LS2BATCH","LS2BATCH","1993-03-25 09:08:47","1997-05-20 15:32:04","N","SN","Y","               ","","","65  ","SG        ","SG        ","N","N","0","0","               "
"SI","Slovenia                      ","Y","Y","LS2BATCH","LS2BATCH","1993-03-25 09:09:26","1993-03-25 09:09:26","Y","SI","Y","               ","","","    ","SI        ","SI        ","N","N","0","0","               "
"ZA","South Africa                  ","Y","Y","LS2BATCH","LS2BATCH","1993-03-25 09:08:47","1997-05-20 15:32:29","Y","SF","Y","               ","","","27  ","ZA        ","ZA        ","N","N","0","0","               "
"ZM","Zambia                        ","N","Y","LS2BATCH","LS2BATCH","1993-03-25 09:08:47","2019-04-03 23:13:11","Y","ZA","Y","               ","","","    ","ZM        ","ZM        ","N","N","0","0","               "
"ZW","Zimbabwe                      ","Y","Y","LS2BATCH","LS2BATCH","1993-03-25 09:08:47","1997-05-20 15:39:08","Y","ZI","Y","               ","","","    ","ZW        ","ZW        ","N","N","0","0","               "
"NR","Nauru                         ","N","Y","LS2BATCH","LS2BATCH","1993-03-25 09:08:47","2019-04-03 23:13:08","Y","NR","Y","               ","","","    ","NR        ","NR        ","N","N","0","0","               "
"NS","NAISC                         ","N","Y","ADMIN2  ","LS2BATCH","2005-07-28 16:10:57","2019-04-03 23:13:08","N","NS","N","NS             ","","","    ","","","N","N","0","0","               "
"NZ","New Zealand                   ","Y","Y","LS2BATCH","LS2BATCH","1993-03-25 09:08:47","1993-03-25 09:08:47","Y","NZ","Y","               ","","","64  ","NZ        ","NZ        ","N","N","0","0","               "
"OM","Sultanate of Oman             ","Y","Y","LS2BATCH","ADMIN2  ","1993-03-25 09:08:47","2005-07-20 10:41:48","Y","MU","Y","               ","","","    ","OM        ","OM        ","N","N","0","0","               "
"PA","Panama                        ","Y","Y","LS2BATCH","LS2BATCH","1993-03-25 09:08:47","1997-05-20 15:24:56","N","PM","Y","               ","","","507 ","PA        ","PA        ","N","N","0","0","               "
"PE","Peru                          ","Y","Y","LS2BATCH","LS2BATCH","1993-03-25 09:08:47","1993-03-25 09:08:47","Y","PE","Y","               ","","","51  ","PE        ","PE        ","N","N","0","0","               "
"PF","French Polynesia              ","N","Y","LS2BATCH","LS2BATCH","1993-03-25 09:08:47","2019-04-03 23:13:08","N","FP","Y","               ","","","689 ","PF        ","PF        ","N","N","0","0","               "
"PG","Papua New Guinea              ","Y","Y","LS2BATCH","LS2BATCH","1993-03-25 09:08:47","2019-04-03 23:13:08","N","PP","Y","               ","","","675 ","PG        ","PG        ","N","N","0","0","               "
"PH","Philippines                   ","Y","Y","LS2BATCH","LS2BATCH","1993-03-25 09:08:47","1997-05-20 15:25:36","Y","RP","Y","               ","","","63  ","PH        ","PH        ","N","N","0","0","               "
"PK","Pakistan                      ","Y","Y","LS2BATCH","LS2BATCH","1993-03-25 09:08:47","1993-03-25 09:08:47","Y","PK","Y","               ","","","92  ","PK        ","PK        ","N","N","0","0","               "
"PL","Poland                        ","Y","Y","LS2BATCH","LS2BATCH","1993-03-25 09:08:47","1993-03-25 09:08:47","Y","PL","Y","               ","","","48  ","PL        ","PL        ","N","N","0","0","               "
"PM","St Pierre & Miquelon          ","N","Y","LS2BATCH","LS2BATCH","1993-03-25 09:08:47","2019-04-03 23:13:08","Y","SB","Y","               ","","","    ","PM        ","PM        ","N","N","0","0","               "
"PR","Puerto Rico                   ","N","Y","LS2BATCH","LS2BATCH","1997-09-28 21:17:58","2019-04-03 23:13:08","Y","RQ","Y","               ","","","","","","N","N","0","0","               "
"PT","Portugal                      ","Y","Y","LS2BATCH","LS2BATCH","1993-03-25 09:08:47","1997-05-20 15:25:51","Y","PO","Y","               ","","","351 ","PT        ","PT        ","N","N","0","0","               "
"PY","Paraguay                      ","N","Y","LS2BATCH","LS2BATCH","1993-03-25 09:08:47","2019-04-03 23:13:08","Y","PA","Y","               ","","","595 ","PY        ","PY        ","N","N","0","0","               "
"QA","Qatar                         ","Y","Y","LS2BATCH","LS2BATCH","1993-03-25 09:08:47","1993-03-25 09:08:47","N","QA","Y","               ","","","974 ","QA        ","QA        ","N","N","0","0","               "
"RE","Reunion                       ","N","Y","LS2BATCH","LS2BATCH","1993-03-25 09:08:47","2019-04-03 23:13:08","Y","RE","Y","               ","","","    ","RE        ","RE        ","N","N","0","0","               "
"RO","Romania                       ","Y","Y","LS2BATCH","ADMIN2  ","1993-03-25 09:08:47","2005-07-20 11:01:57","Y","RO","Y","               ","","","40  ","RO        ","RO        ","N","N","0","0","               "
"RU","Russia                        ","Y","Y","LS2BATCH","ADMIN2  ","1996-09-15 21:50:03","2005-07-20 10:39:14","Y","RS","Y","               ","","","","RU        ","RU        ","N","N","0","0","               "
"SK","Slovakia                      ","Y","Y","LS2BATCH","LS2BATCH","1993-10-23 15:57:46","1997-05-20 15:32:14","Y","LO","Y","               ","","","    ","SK        ","SK        ","N","N","0","0","               "
"SL","Sierra Leone                  ","N","Y","LS2BATCH","LS2BATCH","1993-03-25 09:08:47","2019-04-03 23:13:09","Y","SL","Y","               ","","","    ","SL        ","SL        ","N","N","0","0","               "
"SM","San Marino                    ","N","Y","LS2BATCH","LS2BATCH","1993-03-25 09:08:47","2019-04-03 23:13:09","Y","SM","Y","               ","","","    ","SM        ","SM        ","N","N","0","0","               "
"SN","Senegal                       ","N","Y","LS2BATCH","LS2BATCH","1993-03-25 09:08:47","2019-04-03 23:13:09","N","SG","Y","               ","","","221 ","SN        ","SN        ","N","N","0","0","               "
"SO","Somalia                       ","N","Y","LS2BATCH","LS2BATCH","1993-03-25 09:08:47","2019-04-03 23:13:09","Y","SO","Y","               ","","","    ","SO        ","SO        ","N","N","0","0","               "
"SP","Serbia                        ","N","Y","ADMIN2  ","LS2BATCH","2005-07-29 08:49:18","2019-04-03 23:13:09","Y","SR","N","Serbia         ","","","    ","SP        ","SP        ","N","N","0","0","               "
"SR","Surinam                       ","N","Y","LS2BATCH","LS2BATCH","1993-03-25 09:08:47","2019-04-03 23:13:09","N","NS","Y","               ","","","597 ","SR        ","SR        ","N","N","0","0","               "
"ST","Sao Tome & Principe           ","N","Y","LS2BATCH","LS2BATCH","1993-03-25 09:08:47","2019-04-03 23:13:09","Y","TP","Y","               ","","","    ","ST        ","ST        ","N","N","0","0","               "
"SV","El Salvador                   ","N","Y","LS2BATCH","LS2BATCH","1993-03-25 09:08:47","2019-04-03 23:13:09","N","ES","Y","               ","","","503 ","SV        ","SV        ","N","N","0","0","               "
"SY","Syria                         ","Y","Y","LS2BATCH","LS2BATCH","1993-03-25 09:08:47","1993-03-25 09:08:47","Y","SY","Y","               ","","","    ","SY        ","SY        ","N","N","0","0","               "
"SZ","Swaziland                     ","N","Y","LS2BATCH","LS2BATCH","1993-03-25 09:08:47","2019-04-03 23:13:09","Y","WZ","Y","               ","","","    ","SZ        ","SZ        ","N","N","0","0","               "
"TC","Turks and Caicos Islands      ","N","Y","LS2BATCH","LS2BATCH","1994-12-16 22:38:35","2019-04-03 23:13:09","Y","TK","Y","               ","","","","TC        ","TC        ","N","N","0","0","               "
"TD","Chad                          ","N","Y","LS2BATCH","LS2BATCH","1993-03-25 09:08:47","2019-04-03 23:13:09","Y","CD","Y","               ","","","    ","TD        ","TD        ","N","N","0","0","               "
"TG","Togo                          ","N","Y","LS2BATCH","LS2BATCH","1993-03-25 09:08:47","2019-04-03 23:13:09","Y","TO","Y","               ","","","    ","TG        ","TG        ","N","N","0","0","               "
"TH","Thailand                      ","Y","Y","LS2BATCH","LS2BATCH","1993-03-25 09:08:47","1993-03-25 09:08:47","Y","TH","Y","               ","","","66  ","TH        ","TH        ","N","N","0","0","               "
"TJ","Tajikistan                    ","N","Y","LS2BATCH","LS2BATCH","1993-03-25 09:09:26","2019-04-03 23:13:10","Y","TI","Y","               ","","","    ","TJ        ","TJ        ","N","N","0","0","               "
"TM","Turkmenistan                  ","N","Y","LS2BATCH","LS2BATCH","1993-03-25 09:09:26","2019-04-03 23:13:10","Y","TX","Y","               ","","","    ","TM        ","TM        ","N","N","0","0","               "
"TN","Tunisia                       ","N","Y","LS2BATCH","LS2BATCH","1993-03-25 09:08:47","2019-04-03 23:13:10","Y","TS","Y","               ","","","216 ","TN        ","TN        ","N","N","0","0","               "
"BO","Bolivia                       ","N","Y","LS2BATCH","LS2BATCH","1993-03-25 09:08:47","2019-04-03 23:13:02","Y","BL","Y","               ","","","591 ","BO        ","BO        ","N","N","0","0","               "
"BR","Brazil                        ","Y","Y","LS2BATCH","LS2BATCH","1993-03-25 09:08:47","1993-03-25 09:08:47","Y","BR","Y","               ","","","55  ","BR        ","BR        ","N","N","0","0","               "
"BS","Bahamas                       ","Y","Y","LS2BATCH","LS2BATCH","1993-03-25 09:08:47","1997-05-20 14:59:56","Y","BF","Y","               ","","","    ","BS        ","BS        ","N","N","0","0","               "
"BT","Bhutan                        ","N","Y","LS2BATCH","LS2BATCH","1993-03-25 09:08:47","2019-04-03 23:13:02","Y","BT","Y","               ","","","    ","BT        ","BT        ","N","N","0","0","               "
"BU","Burma                         ","N","Y","LS2BATCH","LS2BATCH","1993-03-25 09:08:47","2019-04-03 23:13:02","Y","BM","Y","               ","","","    ","BU        ","BU        ","N","N","0","0","               "
"BV","Bouvet Island                 ","N","Y","LS2BATCH","LS2BATCH","1993-03-25 09:08:47","2019-04-03 23:13:02","Y","BV","Y","               ","","","    ","BV        ","BV        ","N","N","0","0","               "
"BW","Botswana                      ","N","Y","LS2BATCH","LS2BATCH","1993-03-25 09:08:47","2019-04-03 23:13:02","Y","BC","Y","               ","","","    ","BW        ","BW        ","N","N","0","0","               "
"BY","Belarus                       ","N","Y","LS2BATCH","LS2BATCH","1993-03-25 09:09:26","2019-04-03 23:13:02","Y","BO","Y","               ","","","    ","BY        ","BY        ","N","N","0","0","               "
"BZ","Belize                        ","N","Y","LS2BATCH","LS2BATCH","1993-03-25 09:08:47","2019-04-03 23:13:02","N","BH","Y","               ","","","501 ","BZ        ","BZ        ","N","N","0","0","               "
"CA","Canada                        ","Y","Y","LS2BATCH","LS2BATCH","1993-03-25 09:08:47","1993-03-25 09:08:47","Y","CA","Y","               ","PROV ","","    ","CA        ","CA        ","N","N","0","0","               "
"CF","Central African Rep.          ","N","Y","LS2BATCH","LS2BATCH","1993-03-25 09:08:47","2019-04-03 23:13:02","Y","CT","Y","               ","","","    ","CF        ","CF        ","N","N","0","0","               "
"CG","Congo, The Democratic Republic","N","Y","LS2BATCH","LS2BATCH","1993-03-25 09:08:47","2019-04-03 23:13:03","Y","CG","Y","               ","","","    ","CG        ","CG        ","N","N","0","0","               "
"CH","Switzerland                   ","Y","Y","LS2BATCH","LS2BATCH","1993-03-25 09:08:47","1997-05-20 15:34:14","Y","SZ","Y","               ","","","41  ","CH        ","CH        ","N","N","0","0","               "
"HN","Honduras                      ","N","Y","LS2BATCH","LS2BATCH","1993-03-25 09:08:47","2019-04-03 23:13:05","N","HO","Y","               ","","","504 ","HN        ","HN        ","N","N","0","0","               "
"HR","Croatia                       ","Y","Y","LS2BATCH","LS2BATCH","1993-03-25 09:09:26","1993-03-25 09:09:26","Y","HR","Y","               ","","","    ","HR        ","HR        ","N","N","0","0","               "
"HT","Haiti                         ","N","Y","LS2BATCH","LS2BATCH","1993-03-25 09:08:47","2019-04-03 23:13:05","Y","HA","Y","               ","","","509 ","HT        ","HT        ","N","N","0","0","               "
"HU","Hungary                       ","Y","Y","LS2BATCH","LS2BATCH","1993-03-25 09:08:47","1993-03-25 09:08:47","Y","HU","Y","               ","","","36  ","HU        ","HU        ","N","N","0","0","               "
"VU","Vanuatu                       ","Y","Y","LS2BATCH","LS2BATCH","1996-11-10 21:23:30","1997-05-20 15:37:06","Y","NH","Y","               ","","","","VU        ","VU        ","N","N","0","0","               "
"WS","Samoa                         ","N","Y","LS2BATCH","LS2BATCH","1993-03-25 09:08:47","2019-04-03 23:13:11","Y","WS","Y","               ","","","    ","WS        ","WS        ","N","N","0","0","               "
"XP","Wallis and Futuna is          ","N","Y","LS2BATCH","LS2BATCH","1993-03-25 09:08:47","2019-04-03 23:13:11","Y","WF","Y","               ","","","    ","XP        ","XP        ","N","N","0","0","               "
"YE","Yemen                         ","N","Y","LS2BATCH","LS2BATCH","1993-03-25 09:08:47","2019-04-03 23:13:11","Y","YM","Y","               ","","","967 ","YE        ","YE        ","N","N","0","0","               "
"AD","Andorra                       ","N","Y","LS2BATCH","LS2BATCH","1993-03-25 09:08:47","2019-04-03 23:13:01","Y","AN","Y","               ","","","    ","AD        ","AD        ","N","N","0","0","               "
"AE","United Arab Emirates          ","Y","Y","LS2BATCH","LS2BATCH","1993-03-25 09:08:47","1997-05-20 15:36:34","Y","TC","Y","               ","","","971 ","AE        ","AE        ","N","N","0","0","               "
"AF","Afghanistan                   ","N","Y","LS2BATCH","LS2BATCH","1993-03-25 09:08:47","2019-04-03 23:13:01","Y","AF","Y","               ","","","    ","AF        ","AF        ","N","N","0","0","               "
"AG","Antigua & Barbuda             ","N","Y","LS2BATCH","LS2BATCH","1996-09-01 21:17:51","2019-04-03 23:13:01","Y","AC","Y","               ","","","","AG        ","AG        ","N","N","0","0","               "
"AI","Anguilla                      ","N","Y","LS2BATCH","LS2BATCH","1997-09-28 21:17:58","2019-04-03 23:13:01","Y","AV","Y","               ","","","","","","N","N","0","0","               "
"AL","Albania                       ","N","Y","LS2BATCH","LS2BATCH","1993-03-25 09:08:47","2019-04-03 23:13:01","Y","AL","Y","               ","","","    ","AL        ","AL        ","N","N","0","0","               "
"AM","Armenia                       ","N","Y","LS2BATCH","LS2BATCH","1993-03-25 09:09:26","2019-04-03 23:13:01","Y","AM","Y","               ","","","    ","AM        ","AM        ","N","N","0","0","               "
"AN","Neth. Antilles                ","N","Y","LS2BATCH","LS2BATCH","1993-03-25 09:08:47","2019-04-03 23:13:01","Y","NT","Y","               ","","","599 ","AN        ","AN        ","N","N","0","0","               "
"AO","Angola                        ","N","Y","LS2BATCH","LS2BATCH","1993-03-25 09:08:47","2019-04-03 23:13:01","Y","AO","Y","               ","","","    ","AO        ","AO        ","N","N","0","0","               "
"AQ","Antartica                     ","N","Y","LS2BATCH","LS2BATCH","1993-03-25 09:08:47","2019-04-03 23:13:01","Y","AY","Y","               ","","","    ","AQ        ","AQ        ","N","N","0","0","               "
"AR","Argentina                     ","Y","Y","LS2BATCH","LS2BATCH","1993-03-25 09:08:47","1993-03-25 09:08:47","Y","AR","Y","               ","","","54  ","AR        ","AR        ","N","N","0","0","               "
"AT","Austria                       ","Y","Y","LS2BATCH","LS2BATCH","1993-03-25 09:08:47","1997-05-20 14:59:33","Y","AU","Y","               ","","","43  ","AT        ","AT        ","N","N","0","0","               "
"AU","Australia                     ","Y","Y","LS2BATCH","LS2BATCH","1993-03-25 09:08:47","2019-04-03 23:13:01","Y","AS","Y","               ","PROV ","","61  ","AU        ","AU        ","N","Y","0.1","0","###########    "
"AW","Aruba                         ","N","Y","LS2BATCH","LS2BATCH","1993-03-25 09:09:26","2019-04-03 23:13:01","Y","AA","Y","               ","","","297 ","AW        ","AW        ","N","N","0","0","               "
"AZ","Azerbaijan                    ","N","Y","LS2BATCH","LS2BATCH","1993-03-25 09:09:26","2019-04-03 23:13:02","Y","AJ","Y","               ","","","    ","AZ        ","AZ        ","N","N","0","0","               "
"BA","Bosnia & Herzegovina          ","Y","Y","LS2BATCH","ADMIN2  ","1993-05-19 15:56:54","2005-07-20 10:07:50","Y","BK","Y","               ","","","    ","BA        ","BA        ","N","N","0","0","               "
"BB","Barbados                      ","Y","Y","LS2BATCH","LS2BATCH","1993-03-25 09:08:47","1993-03-25 09:08:47","Y","BB","Y","               ","","","    ","BB        ","BB        ","N","N","0","0","               "
"BD","Bangladesh                    ","Y","Y","LS2BATCH","LS2BATCH","1993-03-25 09:08:47","1997-05-20 15:00:20","Y","BG","Y","               ","","","    ","BD        ","BD        ","N","N","0","0","               "
"BE","Belgium                       ","Y","Y","LS2BATCH","LS2BATCH","1993-03-25 09:08:47","1993-03-25 09:08:47","Y","BE","Y","               ","","","32  ","BE        ","BE        ","N","N","0","0","               "
"BF","Burkina Faso                  ","N","Y","LS2BATCH","LS2BATCH","1993-03-25 09:09:26","2019-04-03 23:13:02","Y","UV","Y","               ","","","    ","BF        ","BF        ","N","N","0","0","               "
"BG","Bulgaria                      ","Y","Y","LS2BATCH","LS2BATCH","1993-03-25 09:08:47","1997-05-20 15:04:11","Y","BU","Y","               ","","","    ","BG        ","BG        ","N","N","0","0","               "
"BH","Bahrain                       ","Y","Y","LS2BATCH","LS2BATCH","1993-03-25 09:08:47","1997-05-20 15:00:07","N","BA","Y","               ","","","973 ","BH        ","BH        ","N","N","0","0","               "
"BI","Burundi                       ","N","Y","LS2BATCH","LS2BATCH","1993-03-25 09:08:47","2019-04-03 23:13:02","Y","BY","Y","               ","","","    ","BI        ","BI        ","N","N","0","0","               "
"BJ","Benin                         ","N","Y","LS2BATCH","LS2BATCH","1993-03-25 09:08:47","2019-04-03 23:13:02","Y","BN","Y","               ","","","    ","BJ        ","BJ        ","N","N","0","0","               "
"BM","Bermuda                       ","Y","Y","LS2BATCH","LS2BATCH","1993-03-25 09:08:47","1997-05-20 15:02:50","Y","BD","Y","               ","","","    ","BM        ","BM        ","N","N","0","0","               "
"BN","Brunei                        ","Y","Y","LS2BATCH","LS2BATCH","1993-03-25 09:08:47","1997-05-20 15:03:59","Y","BX","Y","               ","","","    ","BN        ","BN        ","N","N","0","0","               "
"CI","Ivory Coast (Cote D'ivoire)   ","N","Y","LS2BATCH","LS2BATCH","1993-03-25 09:08:47","2019-04-03 23:13:03","N","IV","Y","               ","","","225 ","CI        ","CI        ","N","N","0","0","               "
"CK","Cook Island                   ","N","Y","LS2BATCH","LS2BATCH","1993-03-25 09:08:47","2019-04-03 23:13:03","Y","CW","Y","               ","","","    ","CK        ","CK        ","N","N","0","0","               "
"CL","Chile                         ","Y","Y","LS2BATCH","LS2BATCH","1993-03-25 09:08:47","1997-05-20 15:06:33","Y","CI","Y","               ","","","56  ","CL        ","CL        ","N","N","0","0","               "
"CM","Cameroon                      ","N","Y","LS2BATCH","LS2BATCH","1993-03-25 09:08:47","2019-04-03 23:13:03","N","CM","Y","               ","","","237 ","CM        ","CM        ","N","N","0","0","               "
"CW","Curacao                       ","Y","Y","LS2BATCH","LS2BATCH","2019-04-03 23:13:11","2019-04-03 23:13:11","Y","UC","Y","               ","","","599 ","CW        ","CW        ","N","N","0","0","               "
"JE","Jersey                        ","Y","Y","LS2BATCH","LS2BATCH","2019-04-03 23:13:11","2019-04-03 23:13:11","Y","JE","Y","               ","","","44  ","JE        ","JE        ","N","N","0","0","               "
"MH","Marshall Island               ","Y","Y","LS2BATCH","LS2BATCH","2019-04-03 23:13:11","2019-04-03 23:13:11","Y","RM","Y","               ","","","692 ","MH        ","MH        ","N","N","0","0","               "
"SB","Solomon Islands               ","Y","Y","LS2BATCH","LS2BATCH","2019-04-03 23:13:11","2019-04-03 23:13:11","Y","BP","Y","               ","","","677 ","SB        ","SB        ","N","N","0","0","               "
"CN","China                         ","Y","Y","LS2BATCH","LS2BATCH","1993-03-25 09:08:47","2019-04-03 23:13:03","Y","CH","Y","               ","","","    ","CN        ","CN        ","N","N","0","0","               "
"CO","Colombia                      ","Y","Y","LS2BATCH","LS2BATCH","1993-03-25 09:08:47","1993-03-25 09:08:47","Y","CO","Y","               ","","","57  ","CO        ","CO        ","N","N","0","0","               "
"CR","Costa Rica                    ","N","Y","LS2BATCH","LS2BATCH","1993-03-25 09:08:47","2019-04-03 23:13:03","N","CS","Y","               ","","","506 ","CR        ","CR        ","N","N","0","0","               "
"CU","Cuba                          ","N","Y","LS2BATCH","LS2BATCH","1993-03-25 09:08:47","2019-04-03 23:13:03","Y","CU","Y","               ","","","    ","CU        ","CU        ","N","N","0","0","               "
"CV","Cape Verde                    ","N","Y","LS2BATCH","LS2BATCH","1993-03-25 09:08:47","2019-04-03 23:13:03","Y","CV","Y","               ","","","    ","CV        ","CV        ","N","N","0","0","               "
