"CPR_CID_CUST_ID","CPR_CDE_PRFL_TYPE","CPR_DTE_FST_TRAN","CPR_DTE_LST_TRAN","CPR_XID_TAXPAYER","CPR_CDE_TAX_EXEMP","CPR_IND_UNFN_RISK","CPR_NUM_RISK_FREQ","CPR_DTE_UNF_LST_AP","CPR_DTE_RISK_EXP","CPR_CDE_UNFN_CCY","CPR_AMT_UNFN_RISK","CPR_TSP_REC_CREATE","CPR_TSP_REC_UPDATE","CPR_UID_REC_CREATE","CPR_UID_REC_UPDATE","CPR_IND_WTCHFL_ACT","CPR_IND_BRKFND_AGR","CPR_RID_PROFILE","CPR_AMT_UNFN_USED","CPR_CDE_PORT_ACT","CPR_DTE_CRED_REVW","CPR_DTE_NXT_REVW","CPR_CDE_BNOW_TX_CN","CPR_CDE_PAYEE_TYPE","CPR_IND_ESC_EXT","CPR_CDE_BRANCH"
"H4EAFKP1","GUAR ","","","","","","","","","","","2020-05-19 13:17:00","2020-05-19 13:17:00","JOBINP  ","JOBINP  ","","","H4EAFKPG","","","","","","","N",""
"ZHEF7YY1","BORR ","2020-05-27 00:00:00","2020-07-08 00:00:00","","","","","","","","","2020-08-20 14:58:47","2020-08-20 14:58:47","JAQUITAN","JAQUITAN","","","ZHEF7YYB","","","","","","","N",""
"F5EEX1HG","BORR ","","","","","","","","","","","2020-08-16 09:31:00","2020-08-16 09:31:00","WBAYERS ","WBAYERS ","","","B.EF04YD","","","","","","","N",""
"F5EEWBR0","BORR ","2020-09-09 00:00:00","2020-09-09 00:00:00","","","","","","","","","2020-08-16 11:08:21","2020-08-16 11:08:21","WBAYERS ","WBAYERS ","","","B.EF0BAT","","","","","","","N",""
"V-EF4H31","BORR ","2020-09-09 00:00:00","2020-09-09 00:00:00","","","","","","","","","2020-08-18 15:21:20","2020-08-18 15:21:20","WBAYERS ","WBAYERS ","","","GZEF47VT","","","","","","","N",""
"A1EF5M56","BORR ","","","","","","","","","","","2020-08-20 17:32:28","2020-08-20 17:32:28","ALNINP01","ALNINP01","","","9:EF86GJ","","","","","","","N",""
")3EF892G","BORR ","","","","","","","","","","","2020-08-20 20:08:18","2020-08-20 20:08:18","INPRON01","INPRON01","","","EZEF8E3Q","","","","","","","N",""
"9REF81R3","BORR ","","","","","","","","","","","2020-08-20 17:31:37","2020-08-20 17:31:37","INPRON01","INPRON01","","","9VEF83HG","","","","","","","N",""
")?EF8978","BORR ","2020-05-27 00:00:00","2020-05-29 00:00:00","","","","","","","","","2020-08-20 18:56:43","2020-08-20 18:56:43","SMANZANO","SMANZANO","","",")?EF897M","","","","","","","N",""
")XEF8B7Z","BORR ","","","","","","","","","","","2020-08-20 18:57:45","2020-08-20 18:57:45","INPALN01","INPALN01","","",")XEF8B87","","","","","","","N",""
")VEF8DJ0","BORR ","","","","","","","","","","","2020-08-20 19:31:33","2020-08-20 19:31:33","INPALN01","INPALN01","","",")VEF8DJA","","","","","","","N",""
"CAEFH7KI","BORR ","2020-10-15 00:00:00","2020-10-15 00:00:00","","","","","","","","","2020-08-25 15:50:22","2020-08-25 15:50:22","INPROS01","INPROS01","","","CAEFH7S0","","","","","","","N",""
"7NEFL00E","BORR ","","","","","","","","","","","2020-08-27 16:51:42","2020-08-27 16:51:42","INPALN01","INPALN01","","","7NEFL00N","","","","","","","N",""
"N?EFL3EX","BORR ","","","","","","","","","","","2020-08-27 18:20:31","2020-08-27 18:20:31","INPAMT01","INPAMT01","","","XZEFL4J2","","","","","","","N",""
"HSE54URS","BORR ","","","","","","","","","","","2020-09-22 15:12:40","2020-09-22 15:12:40","DANUSR01","DANUSR01","","",";LEGX0MA","","","","","","","N",""
"U!EG6TSS","TPRCP","","","","","","","","","","","2020-09-08 11:59:17","2020-09-08 11:59:17","JCUSR01 ","JCUSR01 ","","","U.EG6VXO","","","","","","","N",""
"5VEH8D99","BORR ","","","","","","","","","","","2020-09-28 17:01:05","2020-09-28 17:01:05","MIGGY_IN","MIGGY_IN","","","50EH8DLS","","","","","","","N",""
".QEHDXKP","BORR ","","","","","","","","","","","2020-10-01 18:29:03","2020-10-01 18:29:03","INPELY01","INPELY01","","",".LEHDXXB","","","","","","","N",""
"8ZEHEAAP","BORR ","","","","","","","","","","","2020-10-01 22:27:45","2020-10-01 22:27:45","INPELY01","INPELY01","","","89EHEANB","","","","","","","N",""
"8YEHEGDD","BORR ","","","","","","","","","","","2020-10-02 00:00:27","2020-10-02 00:00:27","INPELY01","INPELY01","","","8JEHEGPZ","","","","","","","N",""
"W-EHL8IC","BORR ","2021-01-19 00:00:00","2021-01-19 00:00:00","","","","","","","","","2020-10-05 16:22:48","2020-10-05 16:22:48","MIGGY_IN","MIGGY_IN","","","W:EHL8UV","","","","","","","N",""
"7(EHN2BK","BORR ","","","","","","","","","","","2020-10-06 15:44:26","2020-10-06 15:44:26","INPELY01","INPELY01","","","7REHN2O4","","","","","","","N",""
"$$EHSIFX","BORR ","2021-01-28 00:00:00","2021-01-28 00:00:00","","","","","","","","","2020-10-09 16:25:42","2020-10-09 16:25:42","MIGGY_IN","MIGGY_IN","","","Z8EHSL9O","","","","","","","N",""
"UWEHCNU5","BORR ","","","","","","","","","","","2020-10-07 11:24:42","2020-10-07 11:24:42","ARFELI01","ARFELI01","","","BNEHOJKY","","","","","","","N",""
"UWEHCNQ1","BORR ","","","","","","","","","","","2020-10-09 14:26:27","2020-10-09 14:26:27","ARFELI01","ARFELI01","","","FMEHSG7R","","","","","","","N",""
"$$EHSOAG","BORR ","","","","","","","","","","","2020-10-09 20:23:47","2020-10-09 20:23:47","DANUSR01","DANUSR01","","","99EHSZ8S","","","","","","","N",""
"Y)EHYNO1","BORR ","2021-03-01 00:00:00","2021-03-01 00:00:00","","","","","","","","","2020-10-12 22:42:56","2020-10-12 22:42:56","MIGGY_IN","MIGGY_IN","","","YEEHYO0K","","","","","","","N",""
"1;EJ2T99","BORR ","","","","","","","","","","","2020-11-03 15:20:22","2020-11-03 15:20:22","INPAMT01","INPAMT01","","","1REJ2TLT","","","","","","","N",""
"1KEJ2OU2","BORR ","","","","","","","","","","","2020-11-03 13:44:22","2020-11-03 13:44:22","INPAMT01","INPAMT01","","","1UEJ2P6M","","","","","","","N",""
"HFEJ74QP","BORR ","","","","","","","","","","","2020-11-05 23:24:01","2020-11-05 23:24:01","DANUSR01","DANUSR01","","","7QEJ758I","","","","","","","N",""
"HFEJ773H","BORR ","","","","","","","","","","","2020-11-06 00:15:14","2020-11-06 00:15:14","DANUSR01","DANUSR01","","","7VEJ77M9","","","","","","","N",""
"(.EJLEOZ","BORR ","","","","","","","","","","","2020-11-13 14:58:10","2020-11-13 14:58:10","INPAMT02","INPAMT02","","","(TEJLF1L","","","","","","","N",""
"(8EJLEWH","BORR ","2021-11-01 00:00:00","2021-11-01 00:00:00","","","","","","","","","2020-11-13 15:11:33","2020-11-13 15:11:33","INPAMT02","INPAMT02","","","(OEJLF94","","","","","","","N",""
"M.EJQR6A","BORR ","2021-11-03 00:00:00","2021-11-03 00:00:00","","","","","","","","","2020-11-16 12:30:29","2020-11-16 12:30:29","INPAMT01","INPAMT01","","","M8EJQRV2","","","","","","","N",""
"*-EK61H0","BORR ","","","","","","","","","","","2020-11-25 11:28:51","2020-11-25 11:28:51","INPDEL01","INPDEL01","","","E.EK796F","","","","","","","N",""
"6WEADK2S","GUAR ","","","","","","","","","","","2020-05-18 11:36:12","2020-05-18 11:36:12","JOBINP  ","JOBINP  ","","","6WEADK5H","","","","","","","N",""
")OEF88WW","BORR ","","","","","","","","","","","2020-08-20 18:30:35","2020-08-20 18:30:35","MGRALN01","MGRALN01","","",")OEF88X6","","","","","","","N",""
"7DEEUNP4","BORR ","","","","","","","","","","","2020-08-13 15:44:49","2020-08-13 15:44:49","WBAYERS ","WBAYERS ","","","7GEEUZNR","","","","","","","N",""
"5QEF3VVU","BORR ","2020-05-27 00:00:00","2021-03-01 00:00:00","","","","","","","","","2020-08-18 08:43:33","2020-08-18 08:43:33","LIQUSR05","LIQUSR05","","","5QEF3VW5","","","","","","","N",""
"(IEFGRPX","BORR ","2020-09-11 00:00:00","2020-09-11 00:00:00","","","","","","","","","2020-08-25 10:05:52","2020-08-25 10:05:52","INPRON01","INPRON01","","","(2EFGVHK","","","","","","","N",""
"ALEF5OUC","BORR ","","","","","","","","","","","2020-08-19 09:28:42","2020-08-19 09:28:42","RONINP01","RONINP01","","","ALEF5OUJ","","","","","","","N",""
"E8EF8FP7","BORR ","","","","","","","","","","","2020-08-20 21:19:01","2020-08-20 21:19:01","INPRON01","INPRON01","","","EJEF8G28","","","","","","","N",""
"EBEF9ADV","BORR ","","","","","","","","","","","2020-08-21 07:57:36","2020-08-21 07:57:36","INPRON01","INPRON01","","","E:EF9AXM","","","","","","","N",""
"$#EFJ9I3","BORR ","2020-09-10 00:00:00","2020-09-10 00:00:00","","","","","","","","","2020-08-26 18:22:46","2020-08-26 18:22:46","INPALN01","INPALN01","","","$#EFJ9KE","","","","","","","N",""
"1MEFJ04Y","BORR ","","","","","","","","","","","2020-08-26 14:07:25","2020-08-26 14:07:25","INPALN01","INPALN01","","","1$EFJ0IQ","","","","","","","N",""
"Y?EFF2ED","BORR ","2020-10-14 00:00:00","2020-10-14 00:00:00","","","","","","","","","2020-08-26 14:14:20","2020-08-26 14:14:20","INPAMT01","INPAMT01","","","1DEFIYA6","","","","","","","N",""
"=UEFJ4X5","BORR ","2020-09-10 00:00:00","2020-09-10 00:00:00","","","","","","","","","2020-08-26 15:33:06","2020-08-26 15:33:06","INPALN01","INPALN01","","","=UEFJ4XE","","","","","","","N",""
"(VEHFY93","BORR ","2021-01-18 00:00:00","2021-01-18 00:00:00","","","","","","","","","2020-10-02 20:11:06","2020-10-02 20:11:06","MIGGY_IN","MIGGY_IN","","","(GEHFYLQ","","","","","","","N",""
"1.EIEUFN","BORR ","2021-05-04 00:00:00","2021-05-04 00:00:00","","","","","","","","","2020-10-21 15:29:26","2020-10-21 15:29:26","INPAMT01","INPAMT01","","","1TEIEUS8","","","","","","","N",""
"4ZEIQ1E8","BORR ","2021-09-14 00:00:00","2021-09-14 00:00:00","","","","","","","","","2020-10-27 17:39:59","2020-10-27 17:39:59","TESTINP ","TESTINP ","","","49EIQ1QS","","","","","","","N",""
"4;EIQ81F","BORR ","","","","","","","","","","","2020-10-27 18:56:11","2020-10-27 18:56:11","INPALN01","INPALN01","","","46EIQ8DX","","","","","","","N",""
"4REIQ4W5","BORR ","","","","","","","","","","","2020-10-27 19:00:34","2020-10-27 19:00:34","INPAMT01","INPAMT01","","","4MEIQ58P","","","","","","","N",""
"F9EIR9NM","BORR ","","","","","","","","","","","2020-10-28 08:25:05","2020-10-28 08:25:05","INPALN01","INPALN01","","","F)EIRA05","","","","","","","N",""
"OQEIT5A0","BORR ","","","","","","","","","","","2020-10-29 08:52:31","2020-10-29 08:52:31","INPALN01","INPALN01","","","O5EIT5MK","","","","","","","N",""
"JMEITF16","BORR ","2021-09-13 00:00:00","2021-09-13 00:00:00","","","","","","","","","2020-10-29 12:04:15","2020-10-29 12:04:15","INPAMT01","INPAMT01","","","JWEITFDS","","","","","","","N",""
"CXEIU5IL","BORR ","2021-09-15 00:00:00","2021-10-15 00:00:00","","","","","","","","","2020-10-29 21:57:01","2020-10-29 21:57:01","INPAMT01","INPAMT01","","",";FEIU5V7","","","","","","","N",""
"RYEIUH32","BORR ","","","","","","","","","","","2020-10-30 02:01:55","2020-10-30 02:01:55","INPRON01","INPRON01","","","RJEIUHFP","","","","","","","N",""
"R:EIVB7O","BORR ","","","","","","","","","","","2020-10-30 12:52:40","2020-10-30 12:52:40","INPRON01","INPRON01","","","RQEIVBKB","","","","","","","N",""
"M2EIVJHN","BORR ","","","","","","","","","","","2020-10-30 15:44:50","2020-10-30 15:44:50","INPAMT01","INPAMT01","","","M-EIVJUA","","","","","","","N",""
"M0EIVLWP","BORR ","","","","","","","","","","","2020-10-30 16:41:14","2020-10-30 16:41:14","INPAMT01","INPAMT01","","","M+EIVM9C","","","","","","","N",""
"WAEIVMLA","BORR ","","","","","","","","","","","2020-10-30 17:06:43","2020-10-30 17:06:43","INPAMT01","INPAMT01","","","W!EIVMXX","","","","","","","N",""
"1-EJ2YO0","BORR ","2021-10-15 00:00:00","2021-10-15 00:00:00","","","","","","","","","2020-11-03 16:56:17","2020-11-03 16:56:17","INPAMT01","INPAMT01","","","1#EJ2Z0K","","","","","","","N",""
"D6EJ4OKJ","BORR ","2021-10-15 00:00:00","2021-10-15 00:00:00","","","","","","","","","2020-11-04 14:21:53","2020-11-04 14:21:53","INPAMT01","INPAMT01","","","DMEJ4OX4","","","","","","","N",""
"HFEJ70OB","BORR ","","","","","","","","","","","2020-11-05 21:55:19","2020-11-05 21:55:19","DANUSR01","DANUSR01","","","7IEJ7153","","","","","","","N",""
"HFEJ6RWQ","BORR ","","","","","","","","","","","2020-11-06 10:05:19","2020-11-06 10:05:19","INPRON01","INPRON01","","","N.EJ8238","","","","","","","N",""
"HFEJ4FCF","INVR ","2021-10-18 00:00:00","2021-10-18 00:00:00","","","N","0","","","","0","2020-11-10 09:14:18","2020-11-10 09:14:18","FOULISTR","FOULISTR","N","N","GTEJFM24","0","","","","","","N",""
"HFEJ8RUQ","BORR ","2021-10-25 00:00:00","2021-12-08 00:00:00","","","","","","","","","2020-11-07 06:09:31","2020-11-07 06:09:31","DANUSR01","DANUSR01","","","BPEJ9MP2","","","","","","","N",""
"HFEJ8UE1","BORR ","","","","","","","","","","","2020-11-06 22:58:28","2020-11-06 22:58:28","INPAMT02","INPAMT02","","","#FEJ8ZBB","","","","","","","N",""
"HFEJDN2Y","BORR ","2021-10-19 00:00:00","2021-10-25 00:00:00","","","","","","","","","2020-11-09 16:14:32","2020-11-09 16:14:32","INPRON02","INPRON02","","",":(EJDZVN","","","","","","","N",""
"2WEJV8B4","INVR ","2021-11-04 00:00:00","2021-12-09 00:00:00","230596079                ","","N","0","","","","0","2020-11-18 23:41:36","2020-11-18 23:41:36","DANUSR01","DANUSR01","N","N","2WEJV8GK","0","","","","","","N",""
"HSE5440L","BORR ","","","","","","","","","","","2020-07-13 23:23:41","2020-07-13 23:23:41","FJUSRAM ","FJUSRAM ","","","BYEDA60V","","","","","","","N",""
"=REFJ68W","BORR ","","","","","","","","","","","2020-08-26 17:23:18","2020-08-26 17:23:18","INPAMT01","INPAMT01","","","$ZEFJ71O","","","","","","","N",""
"BYEDA7MO","BORR ","","","","","","","","","","","2020-07-14 00:21:20","2020-07-14 00:21:20","FJUSRAM ","FJUSRAM ","","","BYEDA8PB","","","","","","","N",""
"I-EDB3F1","BORR ","2020-05-27 00:00:00","2020-05-27 00:00:00","","","","","","","","","2020-07-14 11:30:17","2020-07-14 11:30:17","DANUSR01","DANUSR01","","","BCEDB67X","","","","","","","N",""
"P=E6O7BE","BORR ","","","","","","","","","","","2020-09-20 20:42:22","2020-09-20 20:42:22","CCUISIA ","CCUISIA ","","","8-EGTQJR","","","","","","","N",""
"FCEG76R8","BORR ","2020-10-14 00:00:00","2020-10-14 00:00:00","","","","","","","","","2020-09-08 15:28:40","2020-09-08 15:28:40","INPAMT01","INPAMT01","","","FREG77N0","","","","","","","N",""
"*=EHA9UO","BORR ","","","","","","","","","","","2020-09-29 17:51:14","2020-09-29 17:51:14","MIGGY_IN","MIGGY_IN","","","*DEHAA78","","","","","","","N",""
"A*EHAMQD","BORR ","","","","","","","","","","","2020-09-29 23:41:46","2020-09-29 23:41:46","INPELY01","INPELY01","","","!AEHAN2X","","","","","","","N",""
"4$EHBYTS","BORR ","2021-01-11 00:00:00","2021-01-25 00:00:00","","","","","","","","","2020-09-30 15:53:07","2020-09-30 15:53:07","MIGGY_IN","MIGGY_IN","","","4?EHBZ6D","","","","","","","N",""
";(EHLBAR","BORR ","","","","","","","","","","","2020-10-06 17:34:24","2020-10-06 17:34:24","ARFELI01","ARFELI01","","","N1EHN7FM","","","","","","","N",""
"N=EHN4XA","BORR ","2021-01-21 00:00:00","2021-01-21 00:00:00","","","","","","","","","2020-10-06 17:46:07","2020-10-06 17:46:07","MIGGY_IN","MIGGY_IN","","","NSEHN59U","","","","","","","N",""
"$$EHNARP","BORR ","2021-03-01 00:00:00","2021-10-15 00:00:00","","","","","","","","","2020-10-08 15:18:02","2020-10-08 15:18:02","CESSINP1","CESSINP1","","","ACEHQQJY","","","","","","","N",""
"UWEHCNUO","BORR ","","","","","","","","","","","2020-10-08 11:58:22","2020-10-08 11:58:22","ARFELI01","ARFELI01","","","+PEHQGM4","","","","","","","N",""
":OEHOO1J","BORR ","","","","","","","","","","","2020-10-07 12:44:19","2020-10-07 12:44:19","MIGGY_IN","MIGGY_IN","","",":JEHOOE4","","","","","","","N",""
"$$EHP6SW","BORR ","2021-01-28 00:00:00","2021-01-28 00:00:00","","","","","","","","","2020-10-08 15:15:18","2020-10-08 15:15:18","MIGGY_IN","MIGGY_IN","","","A@EHQNG9","","","","","","","N",""
"I:EI26KV","BORR ","","","","","","","","","","","2020-10-14 20:11:13","2020-10-14 20:11:13","DANUSR01","DANUSR01","","","ILEI26TM","","","","","","","N",""
"$9EI1KOO","BORR ","2021-03-10 00:00:00","2021-03-24 00:00:00","","","","","","","","","2020-10-14 11:56:51","2020-10-14 11:56:51","DANUSR01","DANUSR01","","","$.EI1KXF","","","","","","","N",""
"I?EI27OR","BORR ","","","","","","","","","","","2020-10-14 23:48:43","2020-10-14 23:48:43","KIDUENAS","KIDUENAS","","","-OEI2ICS","","","","","","","N",""
"-8EI2IHA","BORR ","","","","","","","","","","","2020-10-14 23:49:36","2020-10-14 23:49:36","MIGGY_IN","MIGGY_IN","","","-YEI2ITV","","","","","","","N",""
"0JEI4L1H","BORR ","","","","","","","","","","","2020-10-16 03:25:44","2020-10-16 03:25:44","KIDUENAS","KIDUENAS","","","03EI4LDS","","","","","","","N",""
"0REI4N8E","BORR ","","","","","","","","","","","2020-10-16 04:31:58","2020-10-16 04:31:58","KIDUENAS","KIDUENAS","","","0MEI4NKP","","","","","","","N",""
"RVEGMHIE","BORR ","","","","","","","","","","","2020-10-16 08:58:48","2020-10-16 08:58:48","ARFELI01","ARFELI01","","","*AEI52F1","","","","","","","N",""
"J+EICOY5","BORR ","","","","","","","","","","","2020-10-20 12:05:47","2020-10-20 12:05:47","DANUSR01","DANUSR01","","","3FEICQLN","","","","","","","N",""
"C4EIDBGK","BORR ","2021-04-28 00:00:00","2021-04-28 00:00:00","","","","","","","","","2020-10-20 19:41:51","2020-10-20 19:41:51","MIGGY_IN","MIGGY_IN","","","CUEIDBT4","","","","","","","N",""
"+2EIPLQY","BORR ","2021-06-07 00:00:00","2021-06-07 00:00:00","","","","","","","","","2020-10-27 11:23:20","2020-10-27 11:23:20","INPAMT01","INPAMT01","","","+-EIPM3I","","","","","","","N",""
")HEIRQW9","BORR ","","","","","","","","","","","2020-10-28 15:54:03","2020-10-28 15:54:03","INPRON01","INPRON01","","",")1EIRR8U","","","","","","","N",""
"YAEIT9TU","BORR ","","","","","","","","","","","2020-10-29 10:28:35","2020-10-29 10:28:35","INPAMT01","INPAMT01","","","YPEITA6G","","","","","","","N",""
"YJEITCGS","BORR ","","","","","","","","","","","2020-10-29 11:16:02","2020-10-29 11:16:02","INPAMT01","INPAMT01","","","Y(EITCTE","","","","","","","N",""
"HFEJ6T46","BORR ","2021-10-19 00:00:00","2021-10-29 00:00:00","","","","","","","","","2020-11-05 20:33:37","2020-11-05 20:33:37","INPAMT01","INPAMT01","","","7CEJ6XAD","","","","","","","N",""
"J6EI07VT","BORR ","2021-10-27 00:00:00","2021-10-27 00:00:00","","","","","","","","","2020-11-11 14:00:20","2020-11-11 14:00:20","FOULISTR","FOULISTR","","","ZUEJHS0J","","","","","","","N",""
"2!EJV2PU","INVR ","2021-11-04 00:00:00","2021-12-09 00:00:00","323495035                ","","N","0","","","","0","2020-11-18 21:03:53","2020-11-18 21:03:53","DANUSR01","DANUSR01","N","N","2!EJV2Q1","0","","","","","","N",""
"#NED9EQ2","BORR ","2020-05-27 00:00:00","2020-05-27 00:00:00","","","","","","","","","2020-07-13 13:23:37","2020-07-13 13:23:37","JOBINP  ","JOBINP  ","","","#XED9F2L","","","","","","","N",""
":KEDDAP0","BORR ","2020-05-27 00:00:00","2020-07-03 00:00:00","","","","","","","","","2020-07-15 15:56:01","2020-07-15 15:56:01","JOBINP  ","JOBINP  ","","",":UEDDB1L","","","","","","","N",""
"SIEESUTN","BORR ","2020-05-27 00:00:00","2021-03-08 00:00:00","","","","","","","","","2020-08-12 10:53:01","2020-08-12 10:53:01","CMARTILL","CMARTILL","","","SIEESUU3","","","","","","","N",""
"#.EEWMPJ","BORR ","","","","","","","","","","","2020-08-14 12:14:06","2020-08-14 12:14:06","ALNSUP01","ALNSUP01","","","#.EEWMPY","","","","","","","N",""
"LUEF3WHP","BORR ","","","","","","","","","","","2020-08-18 11:58:31","2020-08-18 11:58:31","ALNINP01","ALNINP01","","","LUEF3YHN","","","","","","","N",""
"#ZEFTUU3","BORR ","","","123456789                ","","","","","","","","2020-09-01 10:44:21","2020-09-01 10:44:21","INPROS01","INPROS01","","","#ZEFTUUH","","","","","","","N",""
"F5EEVH5T","BORR ","","","","","","","","","","","2020-08-20 11:44:55","2020-08-20 11:44:55","JCUSR01 ","JCUSR01 ","","","F2EF7PPU","","","","","","","N",""
"XOEFL7K0","BORR ","","","","","","","","","","","2020-08-28 11:13:01","2020-08-28 11:13:01","INPAMT01","INPAMT01","","","I+EFMIDX","","","","","","","N",""
"I2EFMH43","BORR ","2020-09-11 00:00:00","2020-09-11 00:00:00","","","","","","","","","2020-08-28 11:19:04","2020-08-28 11:19:04","INPALN01","INPALN01","","","I2EFMH4C","","","","","","","N",""
"*4EHA4KI","BORR ","","","","","","","","","","","2020-09-29 15:57:59","2020-09-29 15:57:59","INPELY01","INPELY01","","","*UEHA4X2","","","","","","","N",""
"P!EHBPV8","BORR ","","","","","","","","","","","2020-09-30 12:27:26","2020-09-30 12:27:26","MIGGY_IN","MIGGY_IN","","","PPEHBQ7T","","","","","","","N",""
".6EHDTXC","BORR ","","","","","","","","","","","2020-10-01 17:09:43","2020-10-01 17:09:43","INPELY01","INPELY01","","",".MEHDU9Y","","","","","","","N",""
".*EHE1SI","BORR ","2021-01-14 00:00:00","2021-01-14 00:00:00","","","","","","","","","2020-10-01 18:50:48","2020-10-01 18:50:48","MIGGY_IN","MIGGY_IN","","","TAEHE254","","","","","","","N",""
"Y7EHFA63","BORR ","2021-01-15 00:00:00","2021-01-15 00:00:00","","","","","","","","","2020-10-02 11:14:46","2020-10-02 11:14:46","MIGGY_IN","MIGGY_IN","","","YXEHFAIQ","","","","","","","N",""
"=4EI135W","BORR ","","","","","","","","","","","2020-10-14 06:16:05","2020-10-14 06:16:05","DANUSR01","DANUSR01","","","=UEI13EN","","","","","","","N",""
"M*EIEN7I","BORR ","","","","","","","","","","","2020-10-21 13:09:03","2020-10-21 13:09:03","INPAMT01","INPAMT01","","","WAEIENK3","","","","","","","N",""
"=HEIAPW5","BORR ","2021-03-08 00:00:00","2021-03-08 00:00:00","","","","","","","","","2020-10-19 12:04:46","2020-10-19 12:04:46","ARFELI01","ARFELI01","","",")WEIASPT","","","","","","","N",""
"RIEIV8RR","BORR ","","","123456789                ","","","","","","","","2020-10-30 12:04:21","2020-10-30 12:04:21","DANUSR01","DANUSR01","","","RIEIV8S6","","","","","","","N",""
"A4E8XOXX","BORR ","","","","","","","","","","","2020-04-20 03:30:04","2020-04-20 03:30:04","APP1MANS","APP1MANS","","","A4E8XP9W","","","","","","","N",""
"!!E8YNWL","BORR ","","","","","","","","","","","2020-04-21 01:23:19","2020-04-21 01:23:19","FJUSR01 ","FJUSR01 ","","","!4E8ZGU4","","","","","","","N",""
"!3E91DAT","BORR ","","","","","","","","","","","2020-04-22 03:00:22","2020-04-22 03:00:22","APP1MANS","APP1MANS","","","!3E91DB5","","","","","","","N",""
"!DE93K99","BORR ","","","","","","","","","","","2020-04-23 08:44:05","2020-04-23 08:44:05","APP1MANS","APP1MANS","","","!DE93NQT","","","","","","","N",""
"P=E6K597","BORR ","2020-04-23 00:00:00","2021-11-08 00:00:00","","","","","","","","","2020-03-09 12:07:27","2020-03-09 12:07:27","JCUSR01 ","JCUSR01 ","","","J*E6SOO2","","","","","","","N",""
"AVE8YAJT","BORR ","2020-04-24 00:00:00","2020-04-24 00:00:00","","","","","","","","","2020-04-20 11:16:55","2020-04-20 11:16:55","FJUSR01 ","FJUSR01 ","","","AVE8YAVW","","","","","","","N",""
"J5E4FAXX","BORR ","2020-01-29 00:00:00","2021-12-09 00:00:00","","","","","","","","","2020-01-23 09:30:14","2020-01-23 09:30:14","HSSUPR01","HSSUPR01","","","J5E4FAY4","","","","","","","N",""
"J5E4FAZF","BORR ","2020-01-29 00:00:00","2021-11-08 00:00:00","","","","","","","","","2020-01-23 09:45:53","2020-01-23 09:45:53","HSSUPR01","HSSUPR01","","","J5E4FAZM","","","","","","","N",""
"3FE4FBRS","BORR ","2020-01-29 00:00:00","2021-11-08 00:00:00","","","","","","","","","2020-01-23 09:57:05","2020-01-23 09:57:05","HSUSER01","HSUSER01","","","3FE4FBRZ","","","","","","","N",""
"E2E4RAUV","INVR ","2013-04-01 00:00:00","2021-10-15 00:00:00","","","N","0","","","","0","2020-01-30 06:21:43","2020-01-30 06:21:43","BRIANMOK","BRIANMOK","N","N","@ME4QUQK","0","","","","","","N",""
"FPE4MRNP","INVR ","2020-01-29 00:00:00","2021-12-09 00:00:00","","","N","0","","","","0","2020-01-27 10:33:58","2020-01-27 10:33:58","MGALING ","MGALING ","N","N","FPE4MRNW","0","","","","","","N",""
"?ZE4CIA6","BORR ","2013-04-02 00:00:00","2021-12-09 00:00:00","","","","","","","","","2020-01-22 11:49:27","2020-01-22 11:49:27","RPTINP01","RPTINP01","","","?ZE4CIAD","","","","","","","N",""
"AMDPAOVM","INVR ","2011-12-19 00:00:00","2021-12-09 00:00:00","","","N","0","","","","0","2019-04-04 15:49:45","2019-04-04 15:49:45","KANDERSO","KANDERSO","N","N","AMDPAOVV","0","","","","","","N",""
"A$DPARLG","INVR ","2011-12-19 00:00:00","2020-10-13 00:00:00","","","N","0","","","","0","2019-04-04 16:23:38","2019-04-04 16:23:38","KANDERSO","KANDERSO","N","N","A$DPARLN","0","","","","","","N",""
"(KE4Q19S","INVR ","2020-01-29 00:00:00","2021-12-09 00:00:00","","04   ","N","0","","","","0","2020-01-29 04:55:08","2020-01-29 04:55:08","WBAYERS ","WBAYERS ","N","Y","(KE4Q1A4","0","","","","","","N",""
"A4E8XOGV","BORR ","","","","","","","","","","","2020-04-20 02:28:16","2020-04-20 02:28:16","APP1MANS","APP1MANS","","","A4E8XOH4","","","","","","","N",""
"AME8XY0R","BORR ","","","","","","","","","","","2020-04-20 05:37:44","2020-04-20 05:37:44","APP1MANS","APP1MANS","","","AME8XY10","","","","","","","N",""
"A7E8Y5AF","BORR ","","","","","","","","","","","2020-04-20 09:06:05","2020-04-20 09:06:05","APP1MANS","APP1MANS","","","A7E8Y5AO","","","","","","","N",""
"V+EF49HF","BORR ","","","","","","","","","","","2020-08-18 15:59:27","2020-08-18 15:59:27","ALNINP01","ALNINP01","","","V+EF49MY","","","","","","","N",""
"VWEDOEXK","BORR ","2020-06-01 00:00:00","2020-06-01 00:00:00","","","","","","","","","2020-07-21 18:44:37","2020-07-21 18:44:37","DJRHINPT","DJRHINPT","","","GEEDOPRX","","","","","","","N",""
"F5EEWSOR","BORR ","","","","","","","","","","","2020-08-18 18:59:18","2020-08-18 18:59:18","WBAYERS ","WBAYERS ","","","*7EF4LE3","","","","","","","N",""
"*#EF4PTL","BORR ","","","","","","","","","","","2020-08-18 20:16:37","2020-08-18 20:16:37","WBAYERS ","WBAYERS ","","","*#EF4PUG","","","","","","","N",""
"YPEFEVVD","BORR ","","","","","","","","","","","2020-08-24 09:20:14","2020-08-24 09:20:14","INPALN01","INPALN01","","","YEEFEXS0","","","","","","","N",""
"CTEFHBUM","BORR ","2020-09-10 00:00:00","2020-09-10 00:00:00","","","","","","","","","2020-08-25 16:02:21","2020-08-25 16:02:21","INPALN01","INPALN01","","","CTEFHBUV","","","","","","","N",""
"Y3EFEZQB","BORR ","2020-09-10 00:00:00","2020-09-10 00:00:00","","","","","","","","","2020-08-24 10:21:29","2020-08-24 10:21:29","INPALN01","INPALN01","","","Y3EFEZQQ","","","","","","","N",""
"Y@EFF0L8","INVR ","2020-05-27 00:00:00","2020-10-15 00:00:00","","","N","0","","","","0","2020-08-24 10:26:21","2020-08-24 10:26:21","CMARTILL","CMARTILL","N","N","Y@EFF0LF","0","","","","","","N",""
"@*EFH8X0","BORR ","2020-09-10 00:00:00","2020-09-10 00:00:00","","","","","","","","","2020-08-25 15:00:43","2020-08-25 15:00:43","INPALN01","INPALN01","","","@*EFH8X9","","","","","","","N",""
"@MEFH6VL","BORR ","2020-09-11 00:00:00","2020-09-11 00:00:00","","","","","","","","","2020-08-25 15:39:02","2020-08-25 15:39:02","INPDEL01","INPDEL01","","","@MEFH780","","","","","","","N",""
"1KEFIX0F","BORR ","","","","","","","","","","","2020-08-26 12:54:44","2020-08-26 12:54:44","INPALN01","INPALN01","","","1)EFIXEP","","","","","","","N",""
"?NEFKRY6","BORR ","2020-09-10 00:00:00","2020-09-10 00:00:00","","","","","","","","","2020-08-27 14:06:17","2020-08-27 14:06:17","INPALN01","INPALN01","","","?NEFKSCP","","","","","","","N",""
"U!EG6TSS","INVR ","2020-10-14 00:00:00","2021-10-11 00:00:00","","","N","0","","","","0","2020-09-08 11:40:25","2020-09-08 11:40:25","JCUSR01 ","JCUSR01 ","N","N","U!EG6TSZ","0","","","","","","N",""
"5$EH88NS","BORR ","","","","","","","","","","","2020-09-28 16:41:43","2020-09-28 16:41:43","INPELY01","INPELY01","","","5NEH890B","","","","","","","N",""
"G#EHBNN9","BORR ","","","","","","","","","","","2020-10-08 00:39:42","2020-10-08 00:39:42","MIGGY_IN","MIGGY_IN","","","V(EHPIY5","","","","","","","N",""
"$$EHSFB1","BORR ","","","","","","","","","","","2020-10-09 15:27:27","2020-10-09 15:27:27","ARFELI01","ARFELI01","","","FQEHSIRA","","","","","","","N",""
"Z6EIA38Z","BORR ","2021-04-16 00:00:00","2021-04-16 00:00:00","","","","","","","","","2020-10-19 02:05:47","2020-10-19 02:05:47","DANUSR01","DANUSR01","","","ZMEIA3HO","","","","","","","N",""
"A-EI5D8F","BORR ","2021-04-28 00:00:00","2021-04-28 00:00:00","","","","","","","","","2020-10-16 18:12:59","2020-10-16 18:12:59","KIDUENAS","KIDUENAS","","","!4EI5S07","","","","","","","N",""
"M;EIEID2","BORR ","","","","","","","","","","","2020-10-21 11:04:08","2020-10-21 11:04:08","MIGGY_IN","MIGGY_IN","","","MREIEIPN","","","","","","","N",""
"MWEIEJAO","BORR ","2021-04-29 00:00:00","2021-04-29 00:00:00","","","","","","","","","2020-10-21 11:26:07","2020-10-21 11:26:07","MIGGY_IN","MIGGY_IN","","","M1EIEJN9","","","","","","","N",""
":REIIK9J","BORR ","","","","","","","","","","","2020-10-23 19:44:49","2020-10-23 19:44:49","INPALN01","INPALN01","","","Q;EIIUN7","","","","","","","N",""
