"FBD_RID_BORR_DETLS","FBD_PID_FACILITY","FBD_RID_DEAL_BORR","FBD_TSP_REC_CREATE","FBD_TSP_REC_UPDATE","FBD_UID_REC_CREATE","FBD_UID_REC_UPDATE","FBD_IND_PRIM_BORR","FBD_IND_ACTIVE","FBD_DTE_EFFECTIVE","FBD_DTE_EXPIRY","FBD_AMT_GLOBL_CURR","FBD_CDE_FRG_WTHHLD","FBD_PCT_FRG_WTHHLD","FBD_CDE_TAX_EXEMPT","FBD_PCT_TAX_EXEMPT","FBD_CDE_BRANCH"
"ADE5UZ3F","ADE5UZ24","AZE5UHHM","2020-02-20 08:23:51","2020-02-20 08:23:51","RPTINP01","RPTINP01","Y","Y","2020-03-23 00:00:00","","","","0","","0",""
"!=E67K1D","!=E67K06","AZE5UHHM","2020-02-27 02:51:19","2020-02-27 02:51:19","RPTINP01","RPTINP01","Y","Y","2020-03-23 00:00:00","","","","0","","0",""
"!=E67K1G","!=E67K05","AZE5UHHM","2020-02-27 02:51:19","2020-02-27 02:51:19","RPTINP01","RPTINP01","Y","Y","2020-03-23 00:00:00","","","","0","","0",""
"PAE67WFQ","PAE67WEG","!+E67VLS","2020-02-27 06:36:15","2020-02-27 06:36:15","RPTINP01","RPTINP01","Y","Y","2020-03-23 00:00:00","","","","0","","0",""
"PAE67WFU","PAE67WEF","!+E67VLS","2020-02-27 06:36:15","2020-02-27 06:36:15","RPTINP01","RPTINP01","Y","Y","2020-03-23 00:00:00","","","","0","","0",""
"=NEASUX6","=NEASUVR","1MEAPNAT","2020-05-26 17:53:16","2020-05-26 17:53:16","JOBINP  ","JOBINP  ","N","Y","2020-05-27 00:00:00","","","","0","","0",""
"WOEAE9YG","WOEAE9X5","6LEAE3EW","2020-05-18 20:53:16","2020-05-18 20:53:16","JOBINP  ","JOBINP  ","Y","Y","2020-04-29 00:00:00","","","","0","","0",""
"WIEAFG5H","WIEAFG4A","6LEAE3EW","2020-05-19 11:02:02","2020-05-19 11:02:02","JOBINP  ","JOBINP  ","Y","Y","2020-04-29 00:00:00","","","","0","","0",""
"WIEAFG5K","WIEAFG49","6LEAE3EW","2020-05-19 11:02:02","2020-05-19 11:02:02","JOBINP  ","JOBINP  ","Y","Y","2020-04-29 00:00:00","","","","0","","0",""
"W#EAFIB7","W#EAFIA0","6LEAE3EW","2020-05-19 11:48:26","2020-05-19 11:48:26","JOBINP  ","JOBINP  ","Y","Y","2020-04-29 00:00:00","","","","0","","0",""
"WOEAE9YD","WOEAE9X6","6LEAE3EW","2020-05-18 20:53:16","2020-05-18 20:53:16","JOBINP  ","JOBINP  ","Y","Y","2020-04-29 00:00:00","","","","0","","0",""
"W#EAFIBA","W#EAFI9Z","6LEAE3EW","2020-05-19 11:48:26","2020-05-19 11:48:26","JOBINP  ","JOBINP  ","Y","Y","2020-04-29 00:00:00","","","","0","","0",""
"W*EAFJ3G","W*EAFJ25","6LEAE3EW","2020-05-19 12:10:03","2020-05-19 12:10:03","JOBINP  ","JOBINP  ","Y","Y","2020-04-29 00:00:00","","","","0","","0",""
"W*EAFJ3D","W*EAFJ26","6LEAE3EW","2020-05-19 12:10:03","2020-05-19 12:10:03","JOBINP  ","JOBINP  ","Y","Y","2020-04-29 00:00:00","","","","0","","0",""
"H!EAFJVR","H!EAFJUG","6LEAE3EW","2020-05-19 12:28:04","2020-05-19 12:28:04","JOBINP  ","JOBINP  ","Y","Y","2020-04-29 00:00:00","","","","0","","0",""
"H!EAFJVO","H!EAFJUH","6LEAE3EW","2020-05-19 12:28:04","2020-05-19 12:28:04","JOBINP  ","JOBINP  ","Y","Y","2020-04-29 00:00:00","","","","0","","0",""
"H2EANF1O","H2EANF03","H7EANCVK","2020-05-23 19:21:57","2020-05-23 19:21:57","JOBINP  ","JOBINP  ","Y","Y","2020-05-27 00:00:00","","","","0","","0",""
"H2EANF1L","H2EANF04","H7EANCVK","2020-05-23 19:21:57","2020-05-23 19:21:57","JOBINP  ","JOBINP  ","Y","Y","2020-05-27 00:00:00","","","","0","","0",""
"H5EANNM6","H5EANNKX","H#EANKHU","2020-05-23 22:27:11","2020-05-23 22:27:11","JOBINP  ","JOBINP  ","Y","Y","2020-05-27 00:00:00","","","","0","","0",""
"H5EANNM9","H5EANNKW","H#EANKHU","2020-05-23 22:27:11","2020-05-23 22:27:11","JOBINP  ","JOBINP  ","Y","Y","2020-05-27 00:00:00","","","","0","","0",""
"1KEAORRO","1KEAORQD","H#EANKHU","2020-05-24 11:55:25","2020-05-24 11:55:25","JOBAPP  ","JOBAPP  ","Y","Y","2020-05-27 00:00:00","","","","0","","0",""
"1KEAORRL","1KEAORQE","H#EANKHU","2020-05-24 11:55:25","2020-05-24 11:55:25","JOBAPP  ","JOBAPP  ","Y","Y","2020-05-27 00:00:00","","","","0","","0",""
"=IEASYUT","=IEASYTI","1MEAPNB0","2020-05-26 19:17:55","2020-05-26 19:17:55","JOBINP  ","JOBINP  ","Y","Y","2020-05-27 00:00:00","","","","0","","0",""
"=NEASUX3","=NEASUVS","1MEAPNAT","2020-05-26 17:53:16","2020-05-26 17:53:16","JOBINP  ","JOBINP  ","N","Y","2020-05-27 00:00:00","","","","0","","0",""
"=NEASUXD","=NEASUVR","1MEAPNB0","2020-05-26 17:53:16","2020-05-26 17:53:16","JOBINP  ","JOBINP  ","Y","Y","2020-05-27 00:00:00","","","","0","","0",""
"=NEASUXA","=NEASUVS","1MEAPNB0","2020-05-26 17:53:16","2020-05-26 17:53:16","JOBINP  ","JOBINP  ","Y","Y","2020-05-27 00:00:00","","","","0","","0",""
"=IEASYVZ","=IEASYTI","1MEAPNAT","2020-05-26 19:19:21","2020-05-26 19:19:21","JOBINP  ","JOBINP  ","N","Y","2020-05-27 00:00:00","","","","0","","0",""
"=NEASXGQ","=NEASXFJ","1MEAPNAT","2020-05-26 18:47:55","2020-05-26 18:47:55","JOBINP  ","JOBINP  ","N","Y","2020-05-27 00:00:00","","","","0","","0",""
"=NEASXGX","=NEASXFJ","1MEAPNB0","2020-05-26 18:47:55","2020-05-26 18:47:55","JOBINP  ","JOBINP  ","Y","Y","2020-05-27 00:00:00","","","","0","","0",""
"=NEASXH0","=NEASXFI","1MEAPNB0","2020-05-26 18:47:55","2020-05-26 18:47:55","JOBINP  ","JOBINP  ","Y","Y","2020-05-27 00:00:00","","","","0","","0",""
"=IEASYUQ","=IEASYTJ","1MEAPNB0","2020-05-26 19:17:55","2020-05-26 19:17:55","JOBINP  ","JOBINP  ","Y","Y","2020-05-27 00:00:00","","","","0","","0",""
"=QEAT314","=QEAT2ZT","1MEAPNB0","2020-05-26 20:48:06","2020-05-26 20:48:06","JOBINP  ","JOBINP  ","Y","Y","2020-05-27 00:00:00","","","","0","","0",""
"=-EAT0FB","=-EAT0DX","1MEAPNB0","2020-05-26 19:51:49","2020-05-26 19:51:49","JOBINP  ","JOBINP  ","Y","Y","2020-05-27 00:00:00","","","","0","","0",""
"=-EAT0F7","=-EAT0DW","1MEAPNAT","2020-05-26 19:51:49","2020-05-26 19:51:49","JOBINP  ","JOBINP  ","N","Y","2020-05-27 00:00:00","","","","0","","0",""
"=-EAT0FE","=-EAT0DW","1MEAPNB0","2020-05-26 19:51:49","2020-05-26 19:51:49","JOBINP  ","JOBINP  ","Y","Y","2020-05-27 00:00:00","","","","0","","0",""
"=-EAT0F4","=-EAT0DX","1MEAPNAT","2020-05-26 19:51:49","2020-05-26 19:51:49","JOBINP  ","JOBINP  ","N","Y","2020-05-27 00:00:00","","","","0","","0",""
"=BEAT1PA","=BEAT1NW","1MEAPNB0","2020-05-26 20:19:21","2020-05-26 20:19:21","JOBINP  ","JOBINP  ","Y","Y","2020-05-27 00:00:00","","","","0","","0",""
"=BEAT1PD","=BEAT1NV","1MEAPNB0","2020-05-26 20:19:21","2020-05-26 20:19:21","JOBINP  ","JOBINP  ","Y","Y","2020-05-27 00:00:00","","","","0","","0",""
"=BEAT1P3","=BEAT1NW","1MEAPNAT","2020-05-26 20:19:21","2020-05-26 20:19:21","JOBINP  ","JOBINP  ","N","Y","2020-05-27 00:00:00","","","","0","","0",""
"=QEAT326","=QEAT2ZT","1MEAPNAT","2020-05-26 20:49:30","2020-05-26 20:49:30","JOBINP  ","JOBINP  ","N","Y","2020-05-27 00:00:00","","","","0","","0",""
"=QEAT311","=QEAT2ZU","1MEAPNB0","2020-05-26 20:48:06","2020-05-26 20:48:06","JOBINP  ","JOBINP  ","Y","Y","2020-05-27 00:00:00","","","","0","","0",""
"?XEBVXP0","?XEBVXIH","?.EBVNFQ","2020-06-16 20:21:30","2020-06-16 20:21:30","RPTINPAM","RPTINPAM","Y","Y","2020-05-27 00:00:00","","","","0","","0","CG852"
"=LEAT4KV","=LEAT4JN","1MEAPNAT","2020-05-26 21:21:47","2020-05-26 21:21:47","JOBINP  ","JOBINP  ","N","Y","2020-05-27 00:00:00","","","","0","","0",""
"=LEAT4L2","=LEAT4JN","1MEAPNB0","2020-05-26 21:21:47","2020-05-26 21:21:47","JOBINP  ","JOBINP  ","Y","Y","2020-05-27 00:00:00","","","","0","","0",""
"?#EBX6NS","?#EBX6MI","?.EBVNFQ","2020-06-17 11:11:07","2020-06-17 11:11:07","RPTINPAM","RPTINPAM","Y","Y","2020-05-27 00:00:00","","","","0","","0",""
"=LEAT4L5","=LEAT4JM","1MEAPNB0","2020-05-26 21:21:47","2020-05-26 21:21:47","JOBINP  ","JOBINP  ","Y","Y","2020-05-27 00:00:00","","","","0","","0",""
"?REBVOZ5","?REBVOYO","?.EBVNFQ","2020-06-16 17:09:22","2020-06-16 20:09:55","RPTINPAM","RPTINPAM","Y","Y","2020-05-27 00:00:00","","","","0","","0","CG852"
"?#EBX6NW","?#EBX6MH","?.EBVNFQ","2020-06-17 11:11:07","2020-06-17 11:11:07","RPTINPAM","RPTINPAM","Y","Y","2020-05-27 00:00:00","","","","0","","0",""
"SUEBXOUM","SUEBXL18","SUEBXOTW","2020-06-17 19:06:27","2020-06-17 19:06:27","RPTINPAM","RPTINPAM","Y","Y","2020-05-19 00:00:00","","","","0","","0","CG852"
"SUEBXP5R","SUEBXL2B","SUEBXOTW","2020-06-17 19:12:35","2020-06-17 19:19:32","RPTINPAM","RPTSUPAM","Y","Y","2020-05-19 00:00:00","","","","0","","0","CG852"
"SXEBZ407","SXEBZ3YS",".DE9NDUZ","2020-06-18 12:48:54","2020-06-18 12:48:54","RPTINP01","RPTINP01","Y","Y","2020-04-24 00:00:00","","","","0","","0",""
"SXEBZ403","SXEBZ3YT",".DE9NDUZ","2020-06-18 12:48:54","2020-06-18 12:48:54","RPTINP01","RPTINP01","Y","Y","2020-04-24 00:00:00","","","","0","","0",""
"SXEBZ42A","SXEBZ410","TGE9NX7N","2020-06-18 12:50:41","2020-06-18 12:50:41","RPTINP01","RPTINP01","Y","Y","2020-04-24 00:00:00","","","","0","","0",""
"SXEBZ42E","SXEBZ40Z","TGE9NX7N","2020-06-18 12:50:41","2020-06-18 12:50:41","RPTINP01","RPTINP01","Y","Y","2020-04-24 00:00:00","","","","0","","0",""
"SXEBZ44B","SXEBZ431","?BE4H9YV","2020-06-18 12:51:41","2020-06-18 12:51:41","RPTINP01","RPTINP01","Y","Y","2020-01-27 00:00:00","","","","0","","0",""
"SXEBZ44F","SXEBZ430","?BE4H9YV","2020-06-18 12:51:41","2020-06-18 12:51:41","RPTINP01","RPTINP01","Y","Y","2020-01-27 00:00:00","","","","0","","0",""
"SXEBZ46T","SXEBZ456","MNE51GE4","2020-06-18 12:58:37","2020-06-18 12:58:37","RPTINP01","RPTINP01","Y","Y","2020-02-04 00:00:00","","","","0","","0",""
"SXEBZ46N","SXEBZ457","MNE51GE4","2020-06-18 12:58:37","2020-06-18 12:58:37","RPTINP01","RPTINP01","Y","Y","2020-02-04 00:00:00","","","","0","","0",""
"7KEBZNH1","7KEBZNFM","?BE4H9YV","2020-06-18 20:23:50","2020-06-18 20:23:50","RPTINP01","RPTINP01","Y","Y","2020-01-27 00:00:00","","","","0","","0",""
"7KEBZNGX","7KEBZNFN","?BE4H9YV","2020-06-18 20:23:50","2020-06-18 20:23:50","RPTINP01","RPTINP01","Y","Y","2020-01-27 00:00:00","","","","0","","0",""
"7FEBZO7O","7FEBZO69","?BE4H9YV","2020-06-18 20:29:18","2020-06-18 20:29:18","RPTINP01","RPTINP01","Y","Y","2020-01-27 00:00:00","","","","0","","0",""
"7FEBZO7K","7FEBZO6A","?BE4H9YV","2020-06-18 20:29:18","2020-06-18 20:29:18","RPTINP01","RPTINP01","Y","Y","2020-01-27 00:00:00","","","","0","","0",""
"71EC0WET","71EC0WDE","?BE4H9YV","2020-06-19 12:34:24","2020-06-19 12:34:24","RPTINP01","RPTINP01","Y","Y","2020-01-27 00:00:00","","","","0","","0",""
"71EC0WEP","71EC0WDF","?BE4H9YV","2020-06-19 12:34:24","2020-06-19 12:34:24","RPTINP01","RPTINP01","Y","Y","2020-01-27 00:00:00","","","","0","","0",""
"7$EC0XQ8","7$EC0XOY","?BE4H9YV","2020-06-19 13:02:56","2020-06-19 13:02:56","RPTINP01","RPTINP01","Y","Y","2020-01-27 00:00:00","","","","0","","0",""
"7$EC0XQC","7$EC0XOX","?BE4H9YV","2020-06-19 13:02:56","2020-06-19 13:02:56","RPTINP01","RPTINP01","Y","Y","2020-01-27 00:00:00","","","","0","","0",""
"NEECAAC7","NEECAAAX","Y=E4F1OL","2020-06-24 13:18:24","2020-06-24 13:18:24","INPMANS ","INPMANS ","Y","Y","2013-04-02 00:00:00","","","","0","","0",""
"NEECAACB","NEECAAAW","Y=E4F1OL","2020-06-24 13:18:24","2020-06-24 13:18:24","INPMANS ","INPMANS ","Y","Y","2013-04-02 00:00:00","","","","0","","0",""
":*EDFUV4",":*EDFUUO",":@EDDZTN","2020-07-17 00:36:41","2020-07-17 00:36:41","FJUSRAM ","FJUSRAM ","Y","Y","2020-05-27 00:00:00","","","","0","","0","CG852"
"Q4EDGQLJ","Q4EDGQL9",":*EDG14W","2020-07-17 11:53:37","2020-07-17 11:53:37","FJUSRAM ","FJUSRAM ","Y","Y","2020-05-27 00:00:00","","","","0","","0","CG852"
"QFEDH1MX","QFEDH1MI",":*EDG14W","2020-07-17 16:12:16","2020-07-17 16:12:16","FJUSRAM ","FJUSRAM ","Y","Y","2020-05-27 00:00:00","","","","0","","0","CG852"
"QFEDH1QY","QFEDH1QH",":*EDG14W","2020-07-17 16:35:30","2020-07-17 16:35:30","FJUSRAM ","FJUSRAM ","Y","Y","2020-05-27 00:00:00","","","","0","","0","CG852"
"Q+EDKVFR","Q+EDKVFH","Q+EDKVDB","2020-07-19 18:06:30","2020-07-19 18:06:30","FJUSRAM ","FJUSRAM ","Y","Y","2020-05-27 00:00:00","","","","0","","0","CG852"
"6DEADNBT","6DEADNAH","R5EACIBF","2020-05-18 12:44:18","2020-05-18 12:44:18","JOBINP  ","JOBINP  ","Y","Y","2020-04-29 00:00:00","","","","0","","0",""
"6ZEADF3Q","6ZEADF2F","R5EACIBF","2020-05-18 09:03:50","2020-05-18 09:03:50","JOBINP  ","JOBINP  ","Y","Y","2020-04-29 00:00:00","","","","0","","0",""
"66EADJAT","66EADJ9M","R5EACIBF","2020-05-18 10:13:26","2020-05-18 10:13:26","JOBINP  ","JOBINP  ","Y","Y","2020-04-29 00:00:00","","","","0","","0",""
"6ZEADF3N","6ZEADF2G","R5EACIBF","2020-05-18 09:03:50","2020-05-18 09:03:50","JOBINP  ","JOBINP  ","Y","Y","2020-04-29 00:00:00","","","","0","","0",""
"R2EAC9P6","R2EAC9NV","RFEA8VQR","2020-05-17 18:52:09","2020-05-17 18:52:09","JOBINP  ","JOBINP  ","Y","Y","2020-04-29 00:00:00","","","","0","","0",""
"R2EAC9P3","R2EAC9NW","RFEA8VQR","2020-05-17 18:52:09","2020-05-17 18:52:09","JOBINP  ","JOBINP  ","Y","Y","2020-04-29 00:00:00","","","","0","","0",""
"R#EACB7N","R#EACB6G","RFEA8VQR","2020-05-17 19:24:57","2020-05-17 19:24:57","JOBINP  ","JOBINP  ","Y","Y","2020-04-29 00:00:00","","","","0","","0",""
"R#EACB7Q","R#EACB6F","RFEA8VQR","2020-05-17 19:24:57","2020-05-17 19:24:57","JOBINP  ","JOBINP  ","Y","Y","2020-04-29 00:00:00","","","","0","","0",""
"R0EACJWZ","R0EACJVO","R5EACIBF","2020-05-17 21:48:16","2020-05-17 21:48:16","JOBINP  ","JOBINP  ","Y","Y","2020-04-29 00:00:00","","","","0","","0",""
"R0EACJWW","R0EACJVP","R5EACIBF","2020-05-17 21:48:16","2020-05-17 21:48:16","JOBINP  ","JOBINP  ","Y","Y","2020-04-29 00:00:00","","","","0","","0",""
"R*EACLT8","R*EACLRV","R5EACIBF","2020-05-17 23:13:57","2020-05-17 23:13:57","JOBINP  ","JOBINP  ","Y","Y","2020-04-29 00:00:00","","","","0","","0",""
"R*EACLT5","R*EACLRW","R5EACIBF","2020-05-17 23:13:57","2020-05-17 23:13:57","JOBINP  ","JOBINP  ","Y","Y","2020-04-29 00:00:00","","","","0","","0",""
"6ZEADF46","6ZEADF2F","R5EACIBM","2020-05-18 09:05:47","2020-05-18 09:05:47","JOBINP  ","JOBINP  ","N","Y","2020-04-29 00:00:00","","","","0","","0",""
"6DEADNBQ","6DEADNAI","R5EACIBF","2020-05-18 12:44:18","2020-05-18 12:44:18","JOBINP  ","JOBINP  ","Y","Y","2020-04-29 00:00:00","","","","0","","0",""
"66EADJB0","66EADJ9M","R5EACIBM","2020-05-18 10:13:26","2020-05-18 10:13:26","JOBINP  ","JOBINP  ","N","Y","2020-04-29 00:00:00","","","","0","","0",""
"66EADJAW","66EADJ9L","R5EACIBF","2020-05-18 10:13:26","2020-05-18 10:13:26","JOBINP  ","JOBINP  ","Y","Y","2020-04-29 00:00:00","","","","0","","0",""
"W@EAEHJK","W@EAEHID","6LEAE3EW","2020-05-18 23:37:17","2020-05-18 23:37:17","JOBINP  ","JOBINP  ","Y","Y","2020-04-29 00:00:00","","","","0","","0",""
"WJEAED5B","WJEAED40","6LEAE3EW","2020-05-18 22:02:00","2020-05-18 22:02:00","JOBINP  ","JOBINP  ","Y","Y","2020-04-29 00:00:00","","","","0","","0",""
"WJEAED58","WJEAED41","6LEAE3EW","2020-05-18 22:02:00","2020-05-18 22:02:00","JOBINP  ","JOBINP  ","Y","Y","2020-04-29 00:00:00","","","","0","","0",""
"W@EAEHJN","W@EAEHIC","6LEAE3EW","2020-05-18 23:37:17","2020-05-18 23:37:17","JOBINP  ","JOBINP  ","Y","Y","2020-04-29 00:00:00","","","","0","","0",""
"W1EAFCYF","W1EAFCX8","6LEAE3EW","2020-05-19 10:08:09","2020-05-19 10:08:09","JOBINP  ","JOBINP  ","Y","Y","2020-04-29 00:00:00","","","","0","","0",""
"Q+EDKVWR","Q+EDKVL5","Q+EDKVDB","2020-07-19 18:20:06","2020-07-19 18:20:06","FJUSRAM ","FJUSRAM ","Y","Y","2020-05-27 00:00:00","","","","0","","0","CG852"
"W1EAFCYI","W1EAFCX7","6LEAE3EW","2020-05-19 10:08:09","2020-05-19 10:08:09","JOBINP  ","JOBINP  ","Y","Y","2020-04-29 00:00:00","","","","0","","0",""
"Q+EDKWJC","Q+EDKW7K","Q+EDKVDB","2020-07-19 18:33:37","2020-07-19 18:33:37","FJUSRAM ","FJUSRAM ","Y","Y","2020-05-27 00:00:00","","","","0","","0","CG852"
"GKEDONO3","GKEDONMO","5+EDO445","2020-07-21 18:12:28","2020-07-21 18:12:28","DANUSR01","DANUSR01","Y","Y","2020-05-27 00:00:00","","","","0","","0",""
"GKEDONNZ","GKEDONMP","5+EDO445","2020-07-21 18:12:28","2020-07-21 18:12:28","DANUSR01","DANUSR01","Y","Y","2020-05-27 00:00:00","","","","0","","0",""
"G)EDOOHB","G)EDOOFW","5+EDO445","2020-07-21 18:33:49","2020-07-21 18:33:49","RPTSUP01","RPTSUP01","Y","Y","2020-05-27 00:00:00","","","","0","","0",""
"G)EDOOH7","G)EDOOFX","5+EDO445","2020-07-21 18:33:49","2020-07-21 18:33:49","RPTSUP01","RPTSUP01","Y","Y","2020-05-27 00:00:00","","","","0","","0",""
"G.EDOOTT","G.EDOOSE","5+EDO445","2020-07-21 18:55:18","2020-07-21 18:55:18","DANUSR01","DANUSR01","Y","Y","2020-05-27 00:00:00","","","","0","","0",""
"G.EDOOTP","G.EDOOSF","5+EDO445","2020-07-21 18:55:18","2020-07-21 18:55:18","DANUSR01","DANUSR01","Y","Y","2020-05-27 00:00:00","","","","0","","0",""
"G.EDOOVR","G.EDOOUC","5+EDO445","2020-07-21 19:09:01","2020-07-21 19:09:01","DANUSR01","DANUSR01","Y","Y","2020-05-27 00:00:00","","","","0","","0",""
"G.EDOOVN","G.EDOOUD","5+EDO445","2020-07-21 19:09:01","2020-07-21 19:09:01","DANUSR01","DANUSR01","Y","Y","2020-05-27 00:00:00","","","","0","","0",""
"G3EDOU4K","G3EDOU35","5+EDO445","2020-07-21 20:52:40","2020-07-21 20:52:40","DANUSR01","DANUSR01","Y","Y","2020-05-27 00:00:00","","","","0","","0",""
"G3EDOU4G","G3EDOU36","5+EDO445","2020-07-21 20:52:40","2020-07-21 20:52:40","DANUSR01","DANUSR01","Y","Y","2020-05-27 00:00:00","","","","0","","0",""
"G@EDOVOV","G@EDOVNG","5+EDO445","2020-07-21 22:04:05","2020-07-21 22:04:05","DANUSR01","DANUSR01","Y","Y","2020-05-27 00:00:00","","","","0","","0",""
"G@EDOVOR","G@EDOVNH","5+EDO445","2020-07-21 22:04:05","2020-07-21 22:04:05","DANUSR01","DANUSR01","Y","Y","2020-05-27 00:00:00","","","","0","","0",""
"GDEDOWMG","GDEDOWL6","5+EDO445","2020-07-21 22:24:18","2020-07-21 22:24:18","DANUSR01","DANUSR01","Y","Y","2020-05-27 00:00:00","","","","0","","0",""
"GDEDOWMK","GDEDOWL5","5+EDO445","2020-07-21 22:24:18","2020-07-21 22:24:18","DANUSR01","DANUSR01","Y","Y","2020-05-27 00:00:00","","","","0","","0",""
"G7EDOXAA","G7EDOX8V","5+EDO445","2020-07-21 22:36:50","2020-07-21 22:36:50","DANUSR01","DANUSR01","Y","Y","2020-05-27 00:00:00","","","","0","","0",""
"G7EDOXA6","G7EDOX8W","5+EDO445","2020-07-21 22:36:50","2020-07-21 22:36:50","DANUSR01","DANUSR01","Y","Y","2020-05-27 00:00:00","","","","0","","0",""
"0IEDP1MK","0IEDP1LA","5+EDO445","2020-07-22 00:12:35","2020-07-22 00:12:35","DANUSR01","DANUSR01","Y","Y","2020-05-27 00:00:00","","","","0","","0",""
"0IEDP1MO","0IEDP1L9","5+EDO445","2020-07-22 00:12:35","2020-07-22 00:12:35","DANUSR01","DANUSR01","Y","Y","2020-05-27 00:00:00","","","","0","","0",""
"0-EDP29H","0-EDP287","5+EDO445","2020-07-22 00:22:27","2020-07-22 00:22:27","DANUSR01","DANUSR01","Y","Y","2020-05-27 00:00:00","","","","0","","0",""
"0-EDP29L","0-EDP286","5+EDO445","2020-07-22 00:22:27","2020-07-22 00:22:27","DANUSR01","DANUSR01","Y","Y","2020-05-27 00:00:00","","","","0","","0",""
"+OEDQ3CE","+OEDQ3B4","58EDMIML","2020-07-22 12:48:05","2020-07-22 12:48:05","DANUSR01","DANUSR01","Y","Y","2020-05-27 00:00:00","","","","0","","0",""
"+OEDQ3CI","+OEDQ3B3","58EDMIML","2020-07-22 12:48:05","2020-07-22 12:48:05","DANUSR01","DANUSR01","Y","Y","2020-05-27 00:00:00","","","","0","","0",""
"*=EDQAF3","*=EDQADO","58EDMIML","2020-07-22 16:20:23","2020-07-22 16:20:23","DANUSR01","DANUSR01","Y","Y","2020-05-27 00:00:00","","","","0","","0",""
"*=EDQAEZ","*=EDQADP","58EDMIML","2020-07-22 16:20:23","2020-07-22 16:20:23","DANUSR01","DANUSR01","Y","Y","2020-05-27 00:00:00","","","","0","","0",""
"*?EDQB2K","*?EDQB15","58EDMIML","2020-07-22 16:31:59","2020-07-22 16:31:59","DANUSR01","DANUSR01","Y","Y","2020-05-27 00:00:00","","","","0","","0",""
"*?EDQB2G","*?EDQB16","58EDMIML","2020-07-22 16:31:59","2020-07-22 16:31:59","DANUSR01","DANUSR01","Y","Y","2020-05-27 00:00:00","","","","0","","0",""
"1@EAPEWH","1@EAPEV6","1YEAPBJR","2020-05-24 21:14:18","2020-05-24 21:14:18","JOBINP  ","JOBINP  ","Y","Y","2020-05-27 00:00:00","","","","0","","0",""
"H9EAFNMC","H9EAFNL5","6LEAE3EW","2020-05-19 14:45:41","2020-05-19 14:45:41","JOBINP  ","JOBINP  ","Y","Y","2020-04-29 00:00:00","","","","0","","0",""
"6SEADO8N","6DEADNAH","R5EACIBM","2020-05-18 13:02:10","2020-05-18 13:02:10","JOBINP  ","JOBINP  ","N","Y","2020-04-29 00:00:00","","","","0","","0",""
"62EADRC1","62EADRAJ","R5EACIBM","2020-05-18 14:10:41","2020-05-18 14:12:14","JOBINP  ","JOBINP  ","Y","Y","2020-04-29 00:00:00","","","","0","","0",""
"62EADRBY","62EADRAK","R5EACIBM","2020-05-18 14:10:41","2020-05-18 14:10:41","JOBINP  ","JOBINP  ","N","Y","2020-04-29 00:00:00","","","","0","","0",""
"62EADRBR","62EADRAK","R5EACIBF","2020-05-18 14:10:41","2020-05-18 14:10:41","JOBINP  ","JOBINP  ","Y","Y","2020-04-29 00:00:00","","","","0","","0",""
"62EADRBU","62EADRAJ","R5EACIBF","2020-05-18 14:10:41","2020-05-18 14:12:14","JOBINP  ","JOBINP  ","N","Y","2020-04-29 00:00:00","","","","0","","0",""
"H.EAFOJP","H.EAFOII","6LEAE3EW","2020-05-19 15:02:18","2020-05-19 15:02:18","JOBINP  ","JOBINP  ","Y","Y","2020-04-29 00:00:00","","","","0","","0",""
"H9EAFNMF","H9EAFNL4","6LEAE3EW","2020-05-19 14:45:41","2020-05-19 14:45:41","JOBINP  ","JOBINP  ","Y","Y","2020-04-29 00:00:00","","","","0","","0",""
"H.EAFOJS","H.EAFOIH","6LEAE3EW","2020-05-19 15:02:18","2020-05-19 15:02:18","JOBINP  ","JOBINP  ","Y","Y","2020-04-29 00:00:00","","","","0","","0",""
"1@EAPEWK","1@EAPEV5","1YEAPBJR","2020-05-24 21:14:18","2020-05-24 21:14:18","JOBINP  ","JOBINP  ","Y","Y","2020-05-27 00:00:00","","","","0","","0",""
"1REAPMJL","1REAPMIE","1YEAPBJR","2020-05-24 22:51:49","2020-05-24 22:51:49","JOBINP  ","JOBINP  ","Y","Y","2020-05-27 00:00:00","","","","0","","0",""
"1REAPMJO","1REAPMID","1YEAPBJR","2020-05-24 22:51:49","2020-05-24 22:51:49","JOBINP  ","JOBINP  ","Y","Y","2020-05-27 00:00:00","","","","0","","0",""
"1VEAQN74","1VEAQN5W","1MEAPNB0","2020-05-25 13:10:48","2020-05-25 13:10:48","JOBINP  ","JOBINP  ","Y","Y","2020-05-27 00:00:00","","","","0","","0",""
"1=EAPOW3","1=EAPOUS","1MEAPNAT","2020-05-25 00:28:16","2020-05-25 00:28:16","JOBINP  ","JOBINP  ","Y","Y","2020-05-27 00:00:00","","","","0","","0",""
"1=EAPOW0","1=EAPOUT","1MEAPNAT","2020-05-25 00:28:16","2020-05-25 00:28:16","JOBINP  ","JOBINP  ","Y","Y","2020-05-27 00:00:00","","","","0","","0",""
"1DEAPT0N","1DEAPSZ8","1MEAPNAT","2020-05-25 02:19:14","2020-05-25 02:19:14","JOBINP  ","JOBINP  ","Y","Y","2020-05-27 00:00:00","","","","0","","0",""
"1DEAPT0K","1DEAPSZ9","1MEAPNAT","2020-05-25 02:19:14","2020-05-25 02:19:14","JOBINP  ","JOBINP  ","Y","Y","2020-05-27 00:00:00","","","","0","","0",""
"1SEAPUIH","1SEAPUH1","1MEAPNAT","2020-05-25 02:51:27","2020-05-25 02:51:27","JOBINP  ","JOBINP  ","Y","Y","2020-05-27 00:00:00","","","","0","","0",""
"1SEAPUIE","1SEAPUH2","1MEAPNAT","2020-05-25 02:51:27","2020-05-25 02:51:27","JOBINP  ","JOBINP  ","Y","Y","2020-05-27 00:00:00","","","","0","","0",""
"1SEAPUPQ","1SEAPUH1","1MEAPNB0","2020-05-25 02:56:49","2020-05-25 02:56:49","JOBINP  ","JOBINP  ","N","Y","2020-05-27 00:00:00","","","","0","","0",""
"1NEAPW8C","1NEAPW6S","1MEAPNAT","2020-05-25 03:29:05","2020-05-25 03:29:05","JOBINP  ","JOBINP  ","Y","Y","2020-05-27 00:00:00","","","","0","","0",""
"1NEAPW8M","1NEAPW6R","1MEAPNB0","2020-05-25 03:29:05","2020-05-25 03:29:05","JOBINP  ","JOBINP  ","N","Y","2020-05-27 00:00:00","","","","0","","0",""
"1NEAPW8J","1NEAPW6S","1MEAPNB0","2020-05-25 03:29:05","2020-05-25 03:29:05","JOBINP  ","JOBINP  ","N","Y","2020-05-27 00:00:00","","","","0","","0",""
"1NEAPW8F","1NEAPW6R","1MEAPNAT","2020-05-25 03:29:05","2020-05-25 03:29:05","JOBINP  ","JOBINP  ","Y","Y","2020-05-27 00:00:00","","","","0","","0",""
"1XEAQIFH","1XEAQIEA","1MEAPNAT","2020-05-25 10:32:47","2020-05-25 10:32:47","JOBINP  ","JOBINP  ","Y","Y","2020-05-27 00:00:00","","","","0","","0",""
"1XEAQIFR","1XEAQIE9","1MEAPNB0","2020-05-25 10:32:47","2020-05-25 10:34:06","JOBINP  ","JOBINP  ","Y","Y","2020-05-27 00:00:00","","","","0","","0",""
"1XEAQIFK","1XEAQIE9","1MEAPNAT","2020-05-25 10:32:47","2020-05-25 10:34:06","JOBINP  ","JOBINP  ","N","Y","2020-05-27 00:00:00","","","","0","","0",""
"1XEAQIFO","1XEAQIEA","1MEAPNB0","2020-05-25 10:32:47","2020-05-25 10:32:47","JOBINP  ","JOBINP  ","N","Y","2020-05-27 00:00:00","","","","0","","0",""
"12EAQJ8G","12EAQJ75","1MEAPNAT","2020-05-25 10:57:41","2020-05-25 11:00:04","JOBINP  ","JOBINP  ","Y","Y","2020-05-27 00:00:00","","","","0","","0",""
"12EAQJ8N","12EAQJ75","1MEAPNB0","2020-05-25 10:57:41","2020-05-25 11:00:04","JOBINP  ","JOBINP  ","N","Y","2020-05-27 00:00:00","","","","0","","0",""
"12EAQJ8D","12EAQJ76","1MEAPNAT","2020-05-25 10:57:41","2020-05-25 10:57:41","JOBINP  ","JOBINP  ","N","Y","2020-05-27 00:00:00","","","","0","","0",""
"12EAQJ8K","12EAQJ76","1MEAPNB0","2020-05-25 10:57:41","2020-05-25 10:57:41","JOBINP  ","JOBINP  ","Y","Y","2020-05-27 00:00:00","","","","0","","0",""
"1#EAQK0I","1#EAQJZB","1MEAPNAT","2020-05-25 11:15:05","2020-05-25 11:15:05","JOBINP  ","JOBINP  ","Y","Y","2020-05-27 00:00:00","","","","0","","0",""
"1#EAQK0S","1#EAQJZA","1MEAPNB0","2020-05-25 11:15:05","2020-05-25 11:16:23","JOBINP  ","JOBINP  ","Y","Y","2020-05-27 00:00:00","","","","0","","0",""
"1#EAQK0L","1#EAQJZA","1MEAPNAT","2020-05-25 11:15:05","2020-05-25 11:16:23","JOBINP  ","JOBINP  ","N","Y","2020-05-27 00:00:00","","","","0","","0",""
"1#EAQK0P","1#EAQJZB","1MEAPNB0","2020-05-25 11:15:05","2020-05-25 11:15:05","JOBINP  ","JOBINP  ","N","Y","2020-05-27 00:00:00","","","","0","","0",""
"15EAQLR6","15EAQLPO","1MEAPNB0","2020-05-25 12:36:45","2020-05-25 12:36:45","JOBINP  ","JOBINP  ","Y","Y","2020-05-27 00:00:00","","","","0","","0",""
"15EAQLQW","15EAQLPP","1MEAPNAT","2020-05-25 12:36:45","2020-05-25 12:36:45","JOBINP  ","JOBINP  ","N","Y","2020-05-27 00:00:00","","","","0","","0",""
"15EAQLR3","15EAQLPP","1MEAPNB0","2020-05-25 12:36:45","2020-05-25 12:36:45","JOBINP  ","JOBINP  ","Y","Y","2020-05-27 00:00:00","","","","0","","0",""
"1VEAQN77","1VEAQN5V","1MEAPNB0","2020-05-25 13:10:48","2020-05-25 13:10:48","JOBINP  ","JOBINP  ","Y","Y","2020-05-27 00:00:00","","","","0","","0",""
"1:EAQKXW","1:EAQKWE","1MEAPNB0","2020-05-25 12:07:16","2020-05-25 12:07:16","JOBINP  ","JOBINP  ","Y","Y","2020-05-27 00:00:00","","","","0","","0",""
"1:EAQKXP","1:EAQKWE","1MEAPNAT","2020-05-25 12:07:16","2020-05-25 12:07:16","JOBINP  ","JOBINP  ","N","Y","2020-05-27 00:00:00","","","","0","","0",""
"1:EAQKXM","1:EAQKWF","1MEAPNAT","2020-05-25 12:07:16","2020-05-25 12:07:16","JOBINP  ","JOBINP  ","N","Y","2020-05-27 00:00:00","","","","0","","0",""
"1:EAQKXT","1:EAQKWF","1MEAPNB0","2020-05-25 12:07:16","2020-05-25 12:07:16","JOBINP  ","JOBINP  ","Y","Y","2020-05-27 00:00:00","","","","0","","0",""
"10EAQP8J","10EAQP75","1MEAPNB0","2020-05-25 13:55:16","2020-05-25 13:55:16","JOBINP  ","JOBINP  ","Y","Y","2020-05-27 00:00:00","","","","0","","0",""
"10EAQP8G","10EAQP76","1MEAPNB0","2020-05-25 13:55:16","2020-05-25 13:55:16","JOBINP  ","JOBINP  ","Y","Y","2020-05-27 00:00:00","","","","0","","0",""
"1*EAQRJZ","1*EAQRIF","1MEAPNB0","2020-05-25 14:45:39","2020-05-25 14:45:39","JOBINP  ","JOBINP  ","Y","Y","2020-05-27 00:00:00","","","","0","","0",""
"1*EAQRJW","1*EAQRIG","1MEAPNB0","2020-05-25 14:45:39","2020-05-25 14:45:39","JOBINP  ","JOBINP  ","Y","Y","2020-05-27 00:00:00","","","","0","","0",""
"=!EAQU0J","=!EAQTZ8","1MEAPNB0","2020-05-25 15:38:45","2020-05-25 15:38:45","JOBINP  ","JOBINP  ","Y","Y","2020-05-27 00:00:00","","","","0","","0",""
"=!EAQU0M","=!EAQTZ7","1MEAPNB0","2020-05-25 15:38:45","2020-05-25 15:38:45","JOBINP  ","JOBINP  ","Y","Y","2020-05-27 00:00:00","","","","0","","0",""
"=4EAQWBE","=4EAQWA6","1MEAPNB0","2020-05-25 16:28:02","2020-05-25 16:28:02","JOBINP  ","JOBINP  ","Y","Y","2020-05-27 00:00:00","","","","0","","0",""
"=4EAQWBH","=4EAQWA5","1MEAPNB0","2020-05-25 16:28:02","2020-05-25 16:28:02","JOBINP  ","JOBINP  ","Y","Y","2020-05-27 00:00:00","","","","0","","0",""
"=UEAQY8W","=UEAQY7L","1MEAPNB0","2020-05-25 17:10:12","2020-05-25 17:10:12","JOBINP  ","JOBINP  ","Y","Y","2020-05-27 00:00:00","","","","0","","0",""
"=UEAQY8Z","=UEAQY7K","1MEAPNB0","2020-05-25 17:10:12","2020-05-25 17:10:12","JOBINP  ","JOBINP  ","Y","Y","2020-05-27 00:00:00","","","","0","","0",""
"=ZEAR33Z","=ZEAR32O","1MEAPNB0","2020-05-25 18:01:09","2020-05-25 18:01:09","JOBINP  ","JOBINP  ","Y","Y","2020-05-27 00:00:00","","","","0","","0",""
"=ZEAR33W","=ZEAR32P","1MEAPNB0","2020-05-25 18:01:09","2020-05-25 18:01:09","JOBINP  ","JOBINP  ","Y","Y","2020-05-27 00:00:00","","","","0","","0",""
"=)EAR3WA","=)EAR3V3","1MEAPNB0","2020-05-25 18:18:00","2020-05-25 18:18:00","JOBINP  ","JOBINP  ","Y","Y","2020-05-27 00:00:00","","","","0","","0",""
"=)EAR3WD","=)EAR3V2","1MEAPNB0","2020-05-25 18:18:00","2020-05-25 18:18:00","JOBINP  ","JOBINP  ","Y","Y","2020-05-27 00:00:00","","","","0","","0",""
"=.EAR4QJ","=.EAR4PC","1MEAPNB0","2020-05-25 19:00:45","2020-05-25 19:00:45","JOBINP  ","JOBINP  ","Y","Y","2020-05-27 00:00:00","","","","0","","0",""
"=.EAR4QM","=.EAR4PB","1MEAPNB0","2020-05-25 19:00:45","2020-05-25 19:00:45","JOBINP  ","JOBINP  ","Y","Y","2020-05-27 00:00:00","","","","0","","0",""
"=.EAR4T9","=.EAR4RY","1MEAPNB0","2020-05-25 19:09:57","2020-05-25 19:09:57","JOBINP  ","JOBINP  ","Y","Y","2020-05-27 00:00:00","","","","0","","0",""
"=.EAR4T6","=.EAR4RZ","1MEAPNB0","2020-05-25 19:09:57","2020-05-25 19:09:57","JOBINP  ","JOBINP  ","Y","Y","2020-05-27 00:00:00","","","","0","","0",""
"=8EAR5LH","=8EAR5KA","1MEAPNB0","2020-05-25 19:32:08","2020-05-25 19:32:08","JOBINP  ","JOBINP  ","Y","Y","2020-05-27 00:00:00","","","","0","","0",""
"=8EAR5LK","=8EAR5K9","1MEAPNB0","2020-05-25 19:32:08","2020-05-25 19:32:08","JOBINP  ","JOBINP  ","Y","Y","2020-05-27 00:00:00","","","","0","","0",""
"=YEAR73S","=YEAR72D","1MEAPNB0","2020-05-25 20:21:37","2020-05-25 20:21:37","JOBINP  ","JOBINP  ","Y","Y","2020-05-27 00:00:00","","","","0","","0",""
"=YEAR73V","=YEAR72C","1MEAPNB0","2020-05-25 20:21:37","2020-05-25 20:21:37","JOBINP  ","JOBINP  ","Y","Y","2020-05-27 00:00:00","","","","0","","0",""
"=(EAR9JS","=(EAR9IE","1MEAPNB0","2020-05-25 21:14:07","2020-05-25 21:14:07","JOBINP  ","JOBINP  ","Y","Y","2020-05-27 00:00:00","","","","0","","0",""
"=(EAR9JP","=(EAR9IF","1MEAPNB0","2020-05-25 21:14:07","2020-05-25 21:14:07","JOBINP  ","JOBINP  ","Y","Y","2020-05-27 00:00:00","","","","0","","0",""
"=CEARC4E","=CEARC30","1MEAPNB0","2020-05-25 22:09:31","2020-05-25 22:09:31","JOBINP  ","JOBINP  ","Y","Y","2020-05-27 00:00:00","","","","0","","0",""
"=CEARC4H","=CEARC2Z","1MEAPNB0","2020-05-25 22:09:31","2020-05-25 22:09:31","JOBINP  ","JOBINP  ","Y","Y","2020-05-27 00:00:00","","","","0","","0",""
"=REASDV7","=REASDTW","1MEAPNB0","2020-05-26 10:53:46","2020-05-26 10:53:46","JOBINP  ","JOBINP  ","Y","Y","2020-05-27 00:00:00","","","","0","","0",""
"=REASDV4","=REASDTX","1MEAPNB0","2020-05-26 10:53:46","2020-05-26 10:53:46","JOBINP  ","JOBINP  ","Y","Y","2020-05-27 00:00:00","","","","0","","0",""
"=MEASENG","=MEASEM5","1MEAPNB0","2020-05-26 11:15:57","2020-05-26 11:15:57","JOBINP  ","JOBINP  ","Y","Y","2020-05-27 00:00:00","","","","0","","0",""
"=MEASEND","=MEASEM6","1MEAPNB0","2020-05-26 11:15:57","2020-05-26 11:15:57","JOBINP  ","JOBINP  ","Y","Y","2020-05-27 00:00:00","","","","0","","0",""
"=$EASIJZ","=$EASIIO","1MEAPNB0","2020-05-26 12:17:57","2020-05-26 12:17:57","JOBINP  ","JOBINP  ","Y","Y","2020-05-27 00:00:00","","","","0","","0",""
"=$EASIJW","=$EASIIP","1MEAPNB0","2020-05-26 12:17:57","2020-05-26 12:17:57","JOBINP  ","JOBINP  ","Y","Y","2020-05-27 00:00:00","","","","0","","0",""
"=SEASSQC","=SEASSP5","1MEAPNB0","2020-05-26 16:24:07","2020-05-26 16:24:07","JOBINP  ","JOBINP  ","Y","Y","2020-05-27 00:00:00","","","","0","","0",""
"=SEASSR3","=SEASSP4","1MEAPNAT","2020-05-26 16:26:25","2020-05-26 16:26:25","JOBINP  ","JOBINP  ","N","Y","2020-05-27 00:00:00","","","","0","","0",""
"=SEASSQF","=SEASSP4","1MEAPNB0","2020-05-26 16:24:07","2020-05-26 16:24:07","JOBINP  ","JOBINP  ","Y","Y","2020-05-27 00:00:00","","","","0","","0",""
".TE4OQIR",".TE4OQHJ","91E4OJN9","2020-01-28 11:45:20","2020-01-28 11:45:20","RPTINP01","RPTINP01","Y","Y","2020-01-29 00:00:00","","","","0","","0",""
".TE4OQIV",".TE4OQHI","91E4OJN9","2020-01-28 11:45:20","2020-01-28 11:45:20","RPTINP01","RPTINP01","Y","Y","2020-01-29 00:00:00","","","","0","","0",""
"9WE4OENT","9WE4OEML","93E4ODQP","2020-01-28 08:06:54","2020-01-28 08:06:54","RPTINP01","RPTINP01","Y","Y","2020-01-29 00:00:00","","","","0","","0",""
"9WE4OENX","9WE4OEMK","93E4ODQP","2020-01-28 08:06:54","2020-01-28 08:06:54","RPTINP01","RPTINP01","Y","Y","2020-01-29 00:00:00","","","","0","","0",""
"UEE4ML6Z","UEE4ML5M","DHE4H8SO","2020-01-27 07:55:46","2020-01-27 07:55:46","HSUSER01","HSUSER01","Y","Y","2020-01-27 00:00:00","","","","0","","0",""
"UEE4ML6V","UEE4ML5N","DHE4H8SO","2020-01-27 07:55:46","2020-01-27 07:55:46","HSUSER01","HSUSER01","Y","Y","2020-01-27 00:00:00","","","","0","","0",""
"UIE4MNAT","UIE4MN9G","DHE4H8SO","2020-01-27 09:33:59","2020-01-27 09:33:59","HSUSER01","HSUSER01","Y","Y","2020-01-27 00:00:00","","","","0","","0",""
"UIE4MNAP","UIE4MN9H","DHE4H8SO","2020-01-27 09:33:59","2020-01-27 09:33:59","HSUSER01","HSUSER01","Y","Y","2020-01-27 00:00:00","","","","0","","0",""
"3KE4PZ87","3KE4PZ6Z","3AE4PY1R","2020-01-29 04:01:37","2020-01-29 04:01:37","RPTINP01","RPTINP01","Y","Y","2020-01-21 00:00:00","","","","0","","0",""
"3KE4PZ8B","3KE4PZ6Y","3AE4PY1R","2020-01-29 04:01:37","2020-01-29 04:01:37","RPTINP01","RPTINP01","Y","Y","2020-01-21 00:00:00","","","","0","","0",""
"ADE5UZ3C","ADE5UZ25","AZE5UHHM","2020-02-20 08:23:51","2020-02-20 08:23:51","RPTINP01","RPTINP01","Y","Y","2020-03-23 00:00:00","","","","0","","0",""
"9ZEF82GZ","9ZEF82GL","9ZEF82FW","2020-08-20 17:12:20","2020-08-20 17:12:20","JAQUITAN","JAQUITAN","Y","Y","2020-05-27 00:00:00","","","","0","","0","CG852"
"YZEFEZU9","YZEFEXAM","YZEFEWHH","2020-08-24 11:04:45","2020-08-24 11:04:45","SMANZANO","SMANZANO","Y","Y","2020-05-27 00:00:00","","","","0","","0","CG852"
"Y5EFF55X","Y5EFF559","Y5EFF54U","2020-08-24 12:31:29","2020-08-24 12:31:29","LIQUSR03","LIQUSR03","Y","Y","2020-05-27 00:00:00","","","","0","","0","CG852"
"(7EFGUFC","(7EFGUEQ","(7EFGUDZ","2020-08-25 10:35:43","2020-08-25 18:43:03","CMARTILL","RPTSUP01","Y","Y","2019-04-03 00:00:00","","","","0","","0","CG852"
"(7EFGW4D","(7EFGW2U","(7EFGUDZ","2020-08-25 11:36:08","2020-08-25 11:36:08","CMARTILL","CMARTILL","Y","Y","2019-05-27 00:00:00","","","","0","","0",""
"(7EFGW48","(7EFGW2V","(7EFGUDZ","2020-08-25 11:36:08","2020-08-25 11:36:08","CMARTILL","CMARTILL","Y","Y","2019-05-27 00:00:00","","","","0","","0",""
"@+EFH6X7","@+EFH6WT","@+EFH6W4","2020-08-25 14:52:34","2020-08-25 14:52:34","LIQUSR03","LIQUSR03","Y","Y","2020-05-27 00:00:00","","","","0","","0","CG852"
"@-EFH7AE","@-EFH76E","@-EFH36G","2020-08-25 15:38:39","2020-08-25 15:38:39","JAQUITAN","JAQUITAN","Y","Y","2020-05-27 00:00:00","","","","0","","0","CG852"
"C6EFHAS0","C6EFHAR6","C6EFHAQD","2020-08-25 16:22:52","2020-08-25 16:22:52","JAQUITAN","JAQUITAN","Y","Y","2020-05-27 00:00:00","","","","0","","0","CG852"
"O;EGCFEQ","O;EGCFDG","C6EFHAQD","2020-09-11 11:38:55","2020-09-11 11:38:55","JAQUITAN","JAQUITAN","Y","Y","2020-05-27 00:00:00","","","","0","","0",""
"O;EGCFEU","O;EGCFDF","C6EFHAQD","2020-09-11 11:38:55","2020-09-11 11:38:55","JAQUITAN","JAQUITAN","Y","Y","2020-05-27 00:00:00","","","","0","","0",""
"OCEGCELK","OCEGCEKA","IREFMDBJ","2020-09-11 11:39:24","2020-09-11 11:39:24","SMANZANO","SMANZANO","Y","Y","2020-05-29 00:00:00","","","","0","","0",""
"OCEGCELO","OCEGCEK9","IREFMDBJ","2020-09-11 11:39:24","2020-09-11 11:39:24","SMANZANO","SMANZANO","Y","Y","2020-05-29 00:00:00","","","","0","","0",""
"66EGI02W","66EGI01P","J6EGCZ38","2020-09-14 11:18:17","2020-09-14 11:18:17","INPDEL01","INPDEL01","Y","Y","2020-03-23 00:00:00","","","","0","","0",""
"66EGI02Z","66EGI01O","J6EGCZ38","2020-09-14 11:18:17","2020-09-14 11:18:17","INPDEL01","INPDEL01","Y","Y","2020-03-23 00:00:00","","","","0","","0",""
"6HEGI0VP","6HEGI0UI","J6EGCZ38","2020-09-14 11:54:25","2020-09-14 11:54:25","INPDEL01","INPDEL01","Y","Y","2020-03-23 00:00:00","","","","0","","0",""
"6HEGI0VS","6HEGI0UH","J6EGCZ38","2020-09-14 11:54:25","2020-09-14 11:54:25","INPDEL01","INPDEL01","Y","Y","2020-03-23 00:00:00","","","","0","","0",""
"6:EGI2HB","6:EGI2G4","J6EGCZ38","2020-09-14 13:22:17","2020-09-14 13:22:17","INPDEL01","INPDEL01","Y","Y","2020-03-23 00:00:00","","","","0","","0",""
"6:EGI2HE","6:EGI2G3","J6EGCZ38","2020-09-14 13:22:17","2020-09-14 13:22:17","INPDEL01","INPDEL01","Y","Y","2020-03-23 00:00:00","","","","0","","0",""
"M#EGI5YL","M#EGI5XA","J6EGCZ38","2020-09-14 14:42:16","2020-09-14 14:42:16","INPDEL01","INPDEL01","Y","Y","2020-03-23 00:00:00","","","","0","","0",""
"M#EGI5YI","M#EGI5XB","J6EGCZ38","2020-09-14 14:42:16","2020-09-14 14:42:16","INPDEL01","INPDEL01","Y","Y","2020-03-23 00:00:00","","","","0","","0",""
"W3EGICG4","W3EGICEX","W9EGIAUO","2020-09-14 16:46:50","2020-09-14 16:46:50","INPELY01","INPELY01","Y","Y","2020-03-23 00:00:00","","","","0","","0",""
"W3EGICG7","W3EGICEW","W9EGIAUO","2020-09-14 16:46:50","2020-09-14 16:46:50","INPELY01","INPELY01","Y","Y","2020-03-23 00:00:00","","","","0","","0",""
"S8EGJURV","S8EGJUQK","D?EGJOO8","2020-09-15 11:37:42","2020-09-15 11:37:42","INPDEL01","INPDEL01","Y","Y","2020-03-23 00:00:00","","","","0","","0",""
"S8EGJURS","S8EGJUQL","D?EGJOO8","2020-09-15 11:37:42","2020-09-15 11:37:42","INPDEL01","INPDEL01","Y","Y","2020-03-23 00:00:00","","","","0","","0",""
"S#EGJWGK","S#EGJWET","S8EGJUUO","2020-09-15 13:10:36","2020-09-15 13:14:19","INPDEL01","INPDEL01","Y","Y","2020-03-23 00:00:00","","","","0","","0",""
"NDEGKGIM","NDEGKGHB","N;EGKEWZ","2020-09-15 20:10:11","2020-09-15 20:10:11","INPDEL01","INPDEL01","Y","Y","2020-03-23 00:00:00","","","","0","","0",""
"NDEGKGIJ","NDEGKGHC","N;EGKEWZ","2020-09-15 20:10:11","2020-09-15 20:10:11","INPDEL01","INPDEL01","Y","Y","2020-03-23 00:00:00","","","","0","","0",""
"I#EGLG7M","I#EGLG6F","N;EGKEWZ","2020-09-16 08:04:24","2020-09-16 08:04:24","INPDEL01","INPDEL01","Y","Y","2020-03-23 00:00:00","","","","0","","0",""
"I#EGLG7P","I#EGLG6E","N;EGKEWZ","2020-09-16 08:04:24","2020-09-16 08:04:24","INPDEL01","INPDEL01","Y","Y","2020-03-23 00:00:00","","","","0","","0",""
"I+EGLH3J","I+EGLH2C","N;EGKEWZ","2020-09-16 09:21:37","2020-09-16 09:21:37","INPDEL01","INPDEL01","Y","Y","2020-03-23 00:00:00","","","","0","","0",""
"I+EGLH3M","I+EGLH2B","N;EGKEWZ","2020-09-16 09:21:37","2020-09-16 09:21:37","INPDEL01","INPDEL01","Y","Y","2020-03-23 00:00:00","","","","0","","0",""
"28EGLJE8","28EGLJCX","N;EGKEWZ","2020-09-16 10:25:27","2020-09-16 10:25:27","INPDEL01","INPDEL01","Y","Y","2020-03-23 00:00:00","","","","0","","0",""
"28EGLJE5","28EGLJCY","N;EGKEWZ","2020-09-16 10:25:27","2020-09-16 10:25:27","INPDEL01","INPDEL01","Y","Y","2020-03-23 00:00:00","","","","0","","0",""
"5AEGMDZ7","5AEGMDY0","Q2EGMCDJ","2020-09-16 20:28:30","2020-09-16 20:28:30","INPELY01","INPELY01","Y","Y","2020-03-23 00:00:00","","","","0","","0",""
"5AEGMDZA","5AEGMDXZ","Q2EGMCDJ","2020-09-16 20:28:30","2020-09-16 20:28:30","INPELY01","INPELY01","Y","Y","2020-03-23 00:00:00","","","","0","","0",""
"0JEGNPYG","0JEGNPY5","YZEFEWHH","2020-09-17 13:07:49","2020-09-17 13:17:38","SMANZANO","MANZANOS","Y","Y","2020-06-25 00:00:00","","","","0","","0","CG852"
"P(EGO3PD","P(EGO3O6","!SEGO15H","2020-09-17 19:26:53","2020-09-17 19:26:53","INPDEL01","INPDEL01","Y","Y","2020-03-23 00:00:00","","","","0","","0",""
"P(EGO3PG","P(EGO3O5","!SEGO15H","2020-09-17 19:26:53","2020-09-17 19:26:53","INPDEL01","INPDEL01","Y","Y","2020-03-23 00:00:00","","","","0","","0",""
"PLEGOADP","PLEGOACI","P1EGO6ZO","2020-09-17 21:52:05","2020-09-17 21:52:05","INPDEL01","INPDEL01","Y","Y","2020-03-23 00:00:00","","","","0","","0",""
"PLEGOADS","PLEGOACH","P1EGO6ZO","2020-09-17 21:52:05","2020-09-17 21:52:05","INPDEL01","INPDEL01","Y","Y","2020-03-23 00:00:00","","","","0","","0",""
"KAEGP5SW","KAEGP5RL","P1EGO6ZO","2020-09-18 08:08:40","2020-09-18 08:08:40","INPDEL01","INPDEL01","Y","Y","2020-03-23 00:00:00","","","","0","","0",""
"KAEGP5ST","KAEGP5RM","P1EGO6ZO","2020-09-18 08:08:40","2020-09-18 08:08:40","INPDEL01","INPDEL01","Y","Y","2020-03-23 00:00:00","","","","0","","0",""
"S#EESVRR","S#EESVR1","S#EESVQA","2020-08-12 11:44:21","2020-08-12 14:08:21","CMARTILL","CMARTILL","Y","Y","2020-05-27 00:00:00","","","","0","","0","CG852"
".FEF9SUK",".FEF9QTS",".FEF9QTC","2020-08-21 15:42:47","2020-08-21 15:42:47","LIQUSR03","LIQUSR03","Y","Y","2020-05-27 00:00:00","","","","0","","0","CG852"
".UEF9UBC",".UEF9UA1","ZKEF7QSM","2020-08-21 16:13:59","2020-08-21 16:13:59","JCUSR01 ","JCUSR01 ","Y","Y","2013-11-28 00:00:00","","","","0","","0",""
".UEF9UBG",".UEF9UA0","ZKEF7QSM","2020-08-21 16:13:59","2020-08-21 16:13:59","JCUSR01 ","JCUSR01 ","Y","Y","2013-11-28 00:00:00","","","","0","","0",""
"3.EFFE00","3.EFFDZL","3.EFFDZ2","2020-08-24 15:04:29","2020-08-24 15:04:29","JAQUITAN","JAQUITAN","Y","Y","2020-05-27 00:00:00","","","","0","","0","CG852"
"OBEGCJF5","OBEGCJDU","O=EGCHKA","2020-09-11 12:30:04","2020-09-11 12:30:04","INPDEL01","INPDEL01","Y","Y","2020-03-23 00:00:00","","","","0","","0",""
"OBEGCJF2","OBEGCJDV","O=EGCHKA","2020-09-11 12:30:04","2020-09-11 12:30:04","INPDEL01","INPDEL01","Y","Y","2020-03-23 00:00:00","","","","0","","0",""
"B+EGM39V","B+EGM37W","S#EESVQA","2020-09-16 17:34:37","2020-09-16 17:34:37","CMARTILL","CMARTILL","Y","Y","2020-05-27 00:00:00","","","","0","","0",""
"B+EGM39M","B+EGM37X","S#EESVQA","2020-09-16 17:34:37","2020-09-16 17:34:37","CMARTILL","CMARTILL","Y","Y","2020-05-27 00:00:00","","","","0","","0",""
"V.EGNJTT","V.EGNJRT","0REF4EZ0","2020-09-17 10:30:13","2020-09-17 10:30:13","LIQUSR05","LIQUSR05","Y","Y","2020-05-27 00:00:00","","","","0","","0",""
"V.EGNJTP","V.EGNJRU","0REF4EZ0","2020-09-17 10:30:13","2020-09-17 10:30:13","LIQUSR05","LIQUSR05","Y","Y","2020-05-27 00:00:00","","","","0","","0",""
"VOEGNH7Z","VOEGNH6D","YZEFEWHH","2020-09-17 10:44:44","2020-09-17 10:44:44","SMANZANO","SMANZANO","Y","Y","2020-05-27 00:00:00","","","","0","","0",""
"VOEGNH87","VOEGNH6C","YZEFEWHH","2020-09-17 10:44:44","2020-09-17 10:44:44","SMANZANO","SMANZANO","Y","Y","2020-05-27 00:00:00","","","","0","","0",""
"V9EGNF08","V9EGNEYP","9ZEF82FW","2020-09-17 10:45:50","2020-09-17 10:45:50","JAQUITAN","JAQUITAN","Y","Y","2020-05-27 00:00:00","","","","0","","0",""
"V9EGNF03","V9EGNEYQ","9ZEF82FW","2020-09-17 10:45:50","2020-09-17 10:45:50","JAQUITAN","JAQUITAN","Y","Y","2020-05-27 00:00:00","","","","0","","0",""
"GREGNHUJ","GREGNHU7","9ZEF82FW","2020-09-17 11:23:12","2020-09-17 11:32:25","JAQUITAN","JANICEA1","Y","Y","2020-06-25 00:00:00","","","","0","","0","CG852"
"0$EF4ADD","0$EF4ABY","TAEE7HSR","2020-08-18 16:08:50","2020-08-18 16:08:50","INPCHER ","INPCHER ","Y","Y","2020-06-02 00:00:00","","","","0","","0",""
"0$EF4AD9","0$EF4ABZ","TAEE7HSR","2020-08-18 16:08:50","2020-08-18 16:08:50","INPCHER ","INPCHER ","Y","Y","2020-06-02 00:00:00","","","","0","","0",""
"0REF4FWK","0REF4FMA","0REF4EZ0","2020-08-18 16:15:37","2020-08-18 16:15:37","LIQUSR03","LIQUSR03","Y","Y","2020-05-27 00:00:00","","","","0","","0","CG852"
"(7EFID6L","(7EFID52","(7EFGUDZ","2020-08-25 18:39:02","2020-08-25 18:41:08","CMARTILL","CMARTILL","Y","Y","2019-04-03 00:00:00","","","","0","","0",""
"(7EFID6G","(7EFID53","(7EFGUDZ","2020-08-25 18:39:02","2020-08-25 18:39:02","CMARTILL","CMARTILL","Y","Y","2019-05-27 00:00:00","","","","0","","0",""
"I:EFMEN7","I:EFMEGK","IREFMDBJ","2020-08-28 11:06:02","2020-08-28 11:06:02","SMANZANO","SMANZANO","Y","Y","2020-05-29 00:00:00","","","","0","","0","CG852"
"#!EFTRXF","#!EFTRT9","#!EFTROM","2020-09-01 09:58:21","2020-09-01 11:09:12","CMARTILL","RPTSUP01","Y","Y","2020-05-29 00:00:00","","","","0","","0","CG852"
"GMEGNO4W","GMEGNO31","0REF4EZ0","2020-09-17 12:03:06","2020-09-17 12:03:06","LIQUSR04","LIQUSR04","Y","Y","2020-05-27 00:00:00","","","","0","","0",""
"GMEGNO57","GMEGNO30","0REF4EZ0","2020-09-17 12:03:06","2020-09-17 12:03:06","LIQUSR04","LIQUSR04","Y","Y","2020-05-27 00:00:00","","","","0","","0",""
"4!EGOB73","4!EGOB5W","P1EGO6ZO","2020-09-17 22:13:24","2020-09-17 22:13:24","INPDEL01","INPDEL01","Y","Y","2020-03-23 00:00:00","","","","0","","0",""
"4!EGOB76","4!EGOB5V","P1EGO6ZO","2020-09-17 22:13:24","2020-09-17 22:13:24","INPDEL01","INPDEL01","Y","Y","2020-03-23 00:00:00","","","","0","","0",""
"4)EGOC47","4)EGOC30","P1EGO6ZO","2020-09-17 22:41:17","2020-09-17 22:41:17","INPDEL01","INPDEL01","Y","Y","2020-03-23 00:00:00","","","","0","","0",""
"4)EGOC4A","4)EGOC2Z","P1EGO6ZO","2020-09-17 22:41:17","2020-09-17 22:41:17","INPDEL01","INPDEL01","Y","Y","2020-03-23 00:00:00","","","","0","","0",""
"DAEI1SL0","DAEI1SJQ","40EDZTDK","2020-10-14 13:04:02","2020-10-14 13:04:02","SMANZANO","SMANZANO","Y","Y","2021-03-09 00:00:00","","","","0","","0",""
"=+EI1JQB","=+EI1JPZ","40EDZTDK","2020-10-14 11:17:14","2020-10-14 13:12:43","SMANZANO","MANZANOS","Y","Y","2021-03-03 00:00:00","","","","0","","0","CG852"
"DAEI1SL4","DAEI1SJP","40EDZTDK","2020-10-14 13:04:02","2020-10-14 13:04:02","SMANZANO","SMANZANO","Y","Y","2021-03-09 00:00:00","","","","0","","0",""
"$QEI1OMB","$QEI1OLY","$QEI1OKF","2020-10-14 13:05:58","2020-10-14 13:05:58","LIQUSR03","LIQUSR03","Y","Y","2021-03-03 00:00:00","","","","0","","0","CG852"
"DXEI1OQN","DXEI1OOP","DXEI1OML","2020-10-14 14:14:18","2020-10-14 14:14:18","JAQUITAN","JAQUITAN","Y","Y","2021-03-03 00:00:00","","","","0","","0","CG852"
"V8EF4728","V8EF471U","V8EF470I","2020-08-18 12:34:15","2020-08-18 12:34:15","LIQUSR05","LIQUSR05","Y","Y","2020-05-27 00:00:00","","","","0","","0","CG852"
"0?EF4B1H","0?EF4B07","TAEE7HSR","2020-08-18 16:22:23","2020-08-18 16:22:23","INPCHER ","INPCHER ","Y","Y","2020-06-02 00:00:00","","","","0","","0",""
"0?EF4B1L","0?EF4B06","TAEE7HSR","2020-08-18 16:22:23","2020-08-18 16:22:23","INPCHER ","INPCHER ","Y","Y","2020-06-02 00:00:00","","","","0","","0",""
"JIEGD1N6","JIEGD1LV","J6EGCZ38","2020-09-11 20:05:29","2020-09-11 20:05:29","INPDEL01","INPDEL01","Y","Y","2020-03-23 00:00:00","","","","0","","0",""
"JIEGD1N3","JIEGD1LW","J6EGCZ38","2020-09-11 20:05:29","2020-09-11 20:05:29","INPDEL01","INPDEL01","Y","Y","2020-03-23 00:00:00","","","","0","","0",""
"3?EGFNI3","3?EGFNGT","YZEFEWHH","2020-09-13 05:07:42","2020-09-13 05:07:42","LOANIQ01","LOANIQ01","Y","Y","2020-05-27 00:00:00","","","","0","","0",""
"3?EGFNI7","3?EGFNGS","YZEFEWHH","2020-09-13 05:07:42","2020-09-13 05:07:42","LOANIQ01","LOANIQ01","Y","Y","2020-05-27 00:00:00","","","","0","","0",""
"6IEGI1OI","6IEGI1NB","J6EGCZ38","2020-09-14 12:19:58","2020-09-14 12:19:58","INPDEL01","INPDEL01","Y","Y","2020-03-23 00:00:00","","","","0","","0",""
"6IEGI1OL","6IEGI1NA","J6EGCZ38","2020-09-14 12:19:58","2020-09-14 12:19:58","INPDEL01","INPDEL01","Y","Y","2020-03-23 00:00:00","","","","0","","0",""
"W(EGIA2S","W(EGIA1L","WUEGI7OA","2020-09-14 16:05:39","2020-09-14 16:05:39","INPDEL01","INPDEL01","Y","Y","2020-03-23 00:00:00","","","","0","","0",""
"W(EGIA2V","W(EGIA1K","WUEGI7OA","2020-09-14 16:05:39","2020-09-14 16:05:39","INPDEL01","INPDEL01","Y","Y","2020-03-23 00:00:00","","","","0","","0",""
"WXEGID4U","WXEGID3N","WUEGI7OA","2020-09-14 17:17:17","2020-09-14 17:17:17","INPDEL01","INPDEL01","Y","Y","2020-03-23 00:00:00","","","","0","","0",""
"WXEGID4X","WXEGID3M","WUEGI7OA","2020-09-14 17:17:17","2020-09-14 17:17:17","INPDEL01","INPDEL01","Y","Y","2020-03-23 00:00:00","","","","0","","0",""
"H$EGINSB","H$EGINR0","HMEGIM6S","2020-09-14 19:59:50","2020-09-14 19:59:50","INPDEL01","INPDEL01","Y","Y","2020-03-23 00:00:00","","","","0","","0",""
"H$EGINS8","H$EGINR1","HMEGIM6S","2020-09-14 19:59:50","2020-09-14 19:59:50","INPDEL01","INPDEL01","Y","Y","2020-03-23 00:00:00","","","","0","","0",""
"DGEGJR3C","DGEGJR21","D?EGJOO8","2020-09-15 10:21:05","2020-09-15 10:21:05","INPDEL01","INPDEL01","Y","Y","2020-03-23 00:00:00","","","","0","","0",""
"DGEGJR39","DGEGJR22","D?EGJOO8","2020-09-15 10:21:05","2020-09-15 10:21:05","INPDEL01","INPDEL01","Y","Y","2020-03-23 00:00:00","","","","0","","0",""
"NIEGKHKC","NIEGKHJ5","N;EGKEWZ","2020-09-15 20:48:19","2020-09-15 20:48:19","INPDEL01","INPDEL01","Y","Y","2020-03-23 00:00:00","","","","0","","0",""
"NIEGKHKF","NIEGKHJ4","N;EGKEWZ","2020-09-15 20:48:19","2020-09-15 20:48:19","INPDEL01","INPDEL01","Y","Y","2020-03-23 00:00:00","","","","0","","0",""
"2KEGLI4P","2KEGLI3I","N;EGKEWZ","2020-09-16 09:58:13","2020-09-16 09:58:13","INPDEL01","INPDEL01","Y","Y","2020-03-23 00:00:00","","","","0","","0",""
"2KEGLI4S","2KEGLI3H","N;EGKEWZ","2020-09-16 09:58:13","2020-09-16 09:58:13","INPDEL01","INPDEL01","Y","Y","2020-03-23 00:00:00","","","","0","","0",""
"-?EGLQX6","-?EGLQVW","S2E4D56T","2020-09-16 12:05:51","2020-09-16 12:05:51","KIDUENAS","KIDUENAS","Y","Y","2013-04-02 00:00:00","","","","0","","0",""
"-?EGLQX9","-?EGLQVV","S2E4D56T","2020-09-16 12:05:51","2020-09-16 12:05:51","KIDUENAS","KIDUENAS","Y","Y","2013-04-02 00:00:00","","","","0","","0",""
"#KEGLQ10","#KEGLPZP","-$EGLND8","2020-09-16 12:44:33","2020-09-16 12:44:33","INPDEL01","INPDEL01","Y","Y","2020-03-23 00:00:00","","","","0","","0",""
"#KEGLQ0X","#KEGLPZQ","-$EGLND8","2020-09-16 12:44:33","2020-09-16 12:44:33","INPDEL01","INPDEL01","Y","Y","2020-03-23 00:00:00","","","","0","","0",""
"BKEGLVGU","BKEGLVFJ","-$EGLND8","2020-09-16 14:46:15","2020-09-16 14:46:15","INPDEL01","INPDEL01","Y","Y","2020-03-23 00:00:00","","","","0","","0",""
"BKEGLVGR","BKEGLVFK","-$EGLND8","2020-09-16 14:46:15","2020-09-16 14:46:15","INPDEL01","INPDEL01","Y","Y","2020-03-23 00:00:00","","","","0","","0",""
"B8EGLWOO","B8EGLWNH","-$EGLND8","2020-09-16 15:12:36","2020-09-16 15:12:36","INPDEL01","INPDEL01","Y","Y","2020-03-23 00:00:00","","","","0","","0",""
"B8EGLWOR","B8EGLWNG","-$EGLND8","2020-09-16 15:12:36","2020-09-16 15:12:36","INPDEL01","INPDEL01","Y","Y","2020-03-23 00:00:00","","","","0","","0",""
"B3EGLXJI","B3EGLXI8","9ZEF82FW","2020-09-16 15:31:06","2020-09-16 15:31:06","JAQUITAN","JAQUITAN","Y","Y","2020-05-27 00:00:00","","","","0","","0",""
"B3EGLXJM","B3EGLXI7","9ZEF82FW","2020-09-16 15:31:06","2020-09-16 15:31:06","JAQUITAN","JAQUITAN","Y","Y","2020-05-27 00:00:00","","","","0","","0",""
"BBEGM2ES","BBEGM2DL","B@EGM0T4","2020-09-16 16:27:47","2020-09-16 16:27:47","INPELY01","INPELY01","Y","Y","2020-03-23 00:00:00","","","","0","","0",""
"BBEGM2EV","BBEGM2DK","B@EGM0T4","2020-09-16 16:27:47","2020-09-16 16:27:47","INPELY01","INPELY01","Y","Y","2020-03-23 00:00:00","","","","0","","0",""
"3ZEFFD3B","3ZEFFD2W","3ZEFFD2D","2020-08-24 14:42:04","2020-08-24 14:42:04","JAQUITAN","JAQUITAN","Y","Y","2020-05-27 00:00:00","","","","0","","0","CG852"
"HSEGIOM8","HSEGIOKX","HMEGIM6S","2020-09-14 20:35:21","2020-09-14 20:35:21","INPDEL01","INPDEL01","Y","Y","2020-03-23 00:00:00","","","","0","","0",""
"HSEGIOM5","HSEGIOKY","HMEGIM6S","2020-09-14 20:35:21","2020-09-14 20:35:21","INPDEL01","INPDEL01","Y","Y","2020-03-23 00:00:00","","","","0","","0",""
"DQEGJQ9S","DQEGJQ8L","D?EGJOO8","2020-09-15 09:53:07","2020-09-15 09:53:07","INPDEL01","INPDEL01","Y","Y","2020-03-23 00:00:00","","","","0","","0",""
"DQEGJQ9V","DQEGJQ8K","D?EGJOO8","2020-09-15 09:53:07","2020-09-15 09:53:07","INPDEL01","INPDEL01","Y","Y","2020-03-23 00:00:00","","","","0","","0",""
"?KEGJRVT","?KEGJRUI","D?EGJOO8","2020-09-15 10:36:07","2020-09-15 10:36:07","INPDEL01","INPDEL01","Y","Y","2020-03-23 00:00:00","","","","0","","0",""
"?KEGJRVQ","?KEGJRUJ","D?EGJOO8","2020-09-15 10:36:07","2020-09-15 10:36:07","INPDEL01","INPDEL01","Y","Y","2020-03-23 00:00:00","","","","0","","0",""
"S#EGJWG4","S#EGJWET","S8EGJUUH","2020-09-15 12:50:27","2020-09-15 13:14:19","INPDEL01","INPDEL01","N","Y","2020-03-23 00:00:00","","","","0","","0",""
"S#EGJWG1","S#EGJWEU","S8EGJUUH","2020-09-15 12:50:27","2020-09-15 12:50:27","INPDEL01","INPDEL01","Y","Y","2020-03-23 00:00:00","","","","0","","0",""
"74EGJXON","74EGJXN5","S8EGJUUO","2020-09-15 13:23:37","2020-09-15 13:23:37","INPDEL01","INPDEL01","Y","Y","2020-03-23 00:00:00","","","","0","","0",""
"74EGJXOD","74EGJXN6","S8EGJUUH","2020-09-15 13:23:37","2020-09-15 13:23:37","INPDEL01","INPDEL01","N","Y","2020-03-23 00:00:00","","","","0","","0",""
"74EGJXOG","74EGJXN5","S8EGJUUH","2020-09-15 13:23:37","2020-09-15 13:23:37","INPDEL01","INPDEL01","N","Y","2020-03-23 00:00:00","","","","0","","0",""
"74EGJXOK","74EGJXN6","S8EGJUUO","2020-09-15 13:23:37","2020-09-15 13:23:37","INPDEL01","INPDEL01","Y","Y","2020-03-23 00:00:00","","","","0","","0",""
"73EGK1SB","73EGK1R4","74EGJZ8T","2020-09-15 14:55:55","2020-09-15 14:55:55","INPDEL01","INPDEL01","Y","Y","2020-03-23 00:00:00","","","","0","","0",""
"73EGK1SE","73EGK1R3","74EGJZ8T","2020-09-15 14:55:55","2020-09-15 14:55:55","INPDEL01","INPDEL01","Y","Y","2020-03-23 00:00:00","","","","0","","0",""
"7;EGK2X9","7;EGK2VY","74EGJZ8T","2020-09-15 15:31:59","2020-09-15 15:31:59","INPDEL01","INPDEL01","Y","Y","2020-03-23 00:00:00","","","","0","","0",""
"7;EGK2X6","7;EGK2VZ","74EGJZ8T","2020-09-15 15:31:59","2020-09-15 15:31:59","INPDEL01","INPDEL01","Y","Y","2020-03-23 00:00:00","","","","0","","0",""
"7IEGKA1K","7IEGKA09","7$EGK8FX","2020-09-15 17:05:44","2020-09-15 17:05:44","INPELY01","INPELY01","Y","Y","2020-03-23 00:00:00","","","","0","","0",""
"7IEGKA1H","7IEGKA0A","7$EGK8FX","2020-09-15 17:05:44","2020-09-15 17:05:44","INPELY01","INPELY01","Y","Y","2020-03-23 00:00:00","","","","0","","0",""
"N!EGKDAJ","N!EGKD9C","74EGJZ8T","2020-09-15 18:02:06","2020-09-15 18:02:06","INPDEL01","INPDEL01","Y","Y","2020-03-23 00:00:00","","","","0","","0",""
"N!EGKDAM","N!EGKD9B","74EGJZ8T","2020-09-15 18:02:06","2020-09-15 18:02:06","INPDEL01","INPDEL01","Y","Y","2020-03-23 00:00:00","","","","0","","0",""
"NKEGKE4C","NKEGKE31","74EGJZ8T","2020-09-15 19:01:48","2020-09-15 19:01:48","INPDEL01","INPDEL01","Y","Y","2020-03-23 00:00:00","","","","0","","0",""
"NKEGKE49","NKEGKE32","74EGJZ8T","2020-09-15 19:01:48","2020-09-15 19:01:48","INPDEL01","INPDEL01","Y","Y","2020-03-23 00:00:00","","","","0","","0",""
"B(EGLZEW","B(EGLZDP","-$EGLND8","2020-09-16 16:11:33","2020-09-16 16:11:33","INPDEL01","INPDEL01","Y","Y","2020-03-23 00:00:00","","","","0","","0",""
"B(EGLZEZ","B(EGLZDO","-$EGLND8","2020-09-16 16:11:33","2020-09-16 16:11:33","INPDEL01","INPDEL01","Y","Y","2020-03-23 00:00:00","","","","0","","0",""
"-BEGM184","-BEGM16L","S#EESVQA","2020-09-16 16:31:42","2020-09-16 16:31:42","CMARTILL","CMARTILL","Y","Y","2020-05-27 00:00:00","","","","0","","0",""
"-BEGM17Z","-BEGM16M","S#EESVQA","2020-09-16 16:31:42","2020-09-16 16:31:42","CMARTILL","CMARTILL","Y","Y","2020-05-27 00:00:00","","","","0","","0",""
"B+EGMAM8","B+EGMAKG","S#EESVQA","2020-09-16 20:10:06","2020-09-16 20:10:06","CMARTILL","CMARTILL","Y","Y","2020-05-27 00:00:00","","","","0","","0",""
"B+EGMAMI","B+EGMAKF","S#EESVQA","2020-09-16 20:10:06","2020-09-16 20:10:06","CMARTILL","CMARTILL","Y","Y","2020-05-27 00:00:00","","","","0","","0",""
"E+EF9JZU","E+EF9JYK","ZKEF7QSM","2020-08-21 12:31:15","2020-08-21 12:31:15","JCUSR01 ","JCUSR01 ","Y","Y","2013-11-28 00:00:00","","","","0","","0",""
"EGEF9J74","EGEF9J5P","ZKEF7QSM","2020-08-21 11:03:36","2020-08-21 11:03:36","JCUSR01 ","JCUSR01 ","Y","Y","2013-11-28 00:00:00","","","","0","","0",""
"EGEF9J70","EGEF9J5Q","ZKEF7QSM","2020-08-21 11:03:36","2020-08-21 11:03:36","JCUSR01 ","JCUSR01 ","Y","Y","2013-11-28 00:00:00","","","","0","","0",""
"E+EF9JZY","E+EF9JYJ","ZKEF7QSM","2020-08-21 12:31:15","2020-08-21 12:31:15","JCUSR01 ","JCUSR01 ","Y","Y","2013-11-28 00:00:00","","","","0","","0",""
"L#EGNDJR","L#EGNDIE","YZEFEWHH","2020-09-17 08:54:48","2020-09-17 08:54:48","SMANZANO","SMANZANO","Y","Y","2020-05-27 00:00:00","","","","0","","0",""
"L#EGNDJV","L#EGNDID","YZEFEWHH","2020-09-17 08:54:48","2020-09-17 08:54:48","SMANZANO","SMANZANO","Y","Y","2020-05-27 00:00:00","","","","0","","0",""
"L$EGNHY3","L$EGNHWN","0REF4EZ0","2020-09-17 09:49:54","2020-09-17 09:49:54","LIQSVR05","LIQSVR05","Y","Y","2020-05-27 00:00:00","","","","0","","0",""
"L$EGNHXZ","L$EGNHWO","0REF4EZ0","2020-09-17 09:49:54","2020-09-17 09:49:54","LIQSVR05","LIQSVR05","Y","Y","2020-05-27 00:00:00","","","","0","","0",""
"L*EGNGEC","L*EGNGCT","(7EFGXIX","2020-09-17 10:44:26","2020-09-17 10:44:26","CMARTILL","CMARTILL","Y","Y","2020-05-27 00:00:00","","","","0","","0",""
"L*EGNGE7","L*EGNGCU","(7EFGXIX","2020-09-17 10:44:26","2020-09-17 10:44:26","CMARTILL","CMARTILL","Y","Y","2020-05-27 00:00:00","","","","0","","0",""
"G$EGNIUN","G$EGNIUB","9ZEF82FW","2020-09-17 11:49:43","2020-09-17 12:04:09","JAQUITAN","JANICEA1","Y","Y","2020-06-25 00:00:00","","","","0","","0","CG852"
"L*EGNJP9","L*EGNJN2","(7EFGXIX","2020-09-17 12:26:59","2020-09-17 12:26:59","CMARTILL","CMARTILL","Y","Y","2020-05-27 00:00:00","","","","0","","0",""
"L*EGNJOY","L*EGNJN3","(7EFGXIX","2020-09-17 12:26:59","2020-09-17 12:26:59","CMARTILL","CMARTILL","Y","Y","2020-05-27 00:00:00","","","","0","","0",""
"G:EGNNGG","G:EGNNEX","Y5EFF54U","2020-09-17 12:32:53","2020-09-17 12:32:53","LIQUSR03","LIQUSR03","Y","Y","2020-05-27 00:00:00","","","","0","","0",""
"G:EGNNGB","G:EGNNEY","Y5EFF54U","2020-09-17 12:32:53","2020-09-17 12:32:53","LIQUSR03","LIQUSR03","Y","Y","2020-05-27 00:00:00","","","","0","","0",""
"0PEGNNSN","0PEGNNRC","GIEGNM6S","2020-09-17 12:44:50","2020-09-17 12:44:50","INPELY01","INPELY01","Y","Y","2020-03-23 00:00:00","","","","0","","0",""
"0PEGNNSK","0PEGNNRD","GIEGNM6S","2020-09-17 12:44:50","2020-09-17 12:44:50","INPELY01","INPELY01","Y","Y","2020-03-23 00:00:00","","","","0","","0",""
"!@EGNXSL","!@EGNXRA","*UEGNSEZ","2020-09-17 17:30:02","2020-09-17 17:30:02","INPELY01","INPELY01","Y","Y","2020-03-23 00:00:00","","","","0","","0",""
"!@EGNXSI","!@EGNXRB","*UEGNSEZ","2020-09-17 17:30:02","2020-09-17 17:30:02","INPELY01","INPELY01","Y","Y","2020-03-23 00:00:00","","","","0","","0",""
"P#EGO9KL","P#EGO9JE","P1EGO6ZO","2020-09-17 21:33:16","2020-09-17 21:33:16","INPDEL01","INPDEL01","Y","Y","2020-03-23 00:00:00","","","","0","","0",""
"P#EGO9KO","P#EGO9JD","P1EGO6ZO","2020-09-17 21:33:16","2020-09-17 21:33:16","INPDEL01","INPDEL01","Y","Y","2020-03-23 00:00:00","","","","0","","0",""
"K4EGP6LU","K4EGP6KN","P1EGO6ZO","2020-09-18 08:33:23","2020-09-18 08:33:23","INPDEL01","INPDEL01","Y","Y","2020-03-23 00:00:00","","","","0","","0",""
"K4EGP6LX","K4EGP6KM","P1EGO6ZO","2020-09-18 08:33:23","2020-09-18 08:33:23","INPDEL01","INPDEL01","Y","Y","2020-03-23 00:00:00","","","","0","","0",""
"UZEGPAOW","UZEGPANP","K3EGP89U","2020-09-18 11:01:43","2020-09-18 11:01:43","INPDEL01","INPDEL01","Y","Y","2020-03-23 00:00:00","","","","0","","0",""
"UZEGPAOZ","UZEGPANO","K3EGP89U","2020-09-18 11:01:43","2020-09-18 11:01:43","INPDEL01","INPDEL01","Y","Y","2020-03-23 00:00:00","","","","0","","0",""
"UOEGPBIF","UOEGPBH4","K3EGP89U","2020-09-18 11:21:11","2020-09-18 11:21:11","INPDEL01","INPDEL01","Y","Y","2020-03-23 00:00:00","","","","0","","0",""
"UOEGPBIC","UOEGPBH5","K3EGP89U","2020-09-18 11:21:11","2020-09-18 11:21:11","INPDEL01","INPDEL01","Y","Y","2020-03-23 00:00:00","","","","0","","0",""
"(1EGV8OD","(1EGV8MQ","81EGT6XY","2020-09-21 14:59:30","2020-09-21 14:59:30","CCUISIA ","CCUISIA ","Y","Y","2020-11-26 00:00:00","","","","0","","0",""
"(1EGV8O7","(1EGV8MR","81EGT6XY","2020-09-21 14:59:30","2020-09-21 14:59:30","CCUISIA ","CCUISIA ","Y","Y","2020-11-26 00:00:00","","","","0","","0",""
"W3EGYUSD","W3EGYUQX","6!EGYBFG","2020-09-23 15:01:17","2020-09-23 15:01:17","CCUISIA ","CCUISIA ","Y","Y","2020-11-27 00:00:00","","","","0","","0",""
"W3EGYUSJ","W3EGYUQW","6!EGYBFG","2020-09-23 15:01:17","2020-09-23 15:01:17","CCUISIA ","CCUISIA ","Y","Y","2020-11-27 00:00:00","","","","0","","0",""
"=DEGZIC6","=DEGZIAW","6.EGZB6D","2020-09-23 23:28:53","2020-09-23 23:28:53","JCUSR01 ","JCUSR01 ","Y","Y","2013-11-28 00:00:00","","","","0","","0",""
"=DEGZICA","=DEGZIAV","6.EGZB6D","2020-09-23 23:28:53","2020-09-23 23:28:53","JCUSR01 ","JCUSR01 ","Y","Y","2013-11-28 00:00:00","","","","0","","0",""
"N)EH28JT","N)EH28IE","7NEH25WS","2020-09-25 10:43:15","2020-09-25 10:43:15","JCAPR01 ","JCAPR01 ","Y","Y","2012-04-03 00:00:00","","","","0","","0",""
"N)EH28JP","N)EH28IF","7NEH25WS","2020-09-25 10:43:15","2020-09-25 10:43:15","JCAPR01 ","JCAPR01 ","Y","Y","2012-04-03 00:00:00","","","","0","","0",""
"X2EH2OK9","X2EH2OIE","YZEFEWHH","2020-09-25 16:37:03","2020-09-25 16:37:03","SMANZANO","SMANZANO","Y","Y","2020-05-27 00:00:00","","","","0","","0",""
"X2EH2OK1","X2EH2OIF","YZEFEWHH","2020-09-25 16:37:03","2020-09-25 16:37:03","SMANZANO","SMANZANO","Y","Y","2020-05-27 00:00:00","","","","0","","0",""
"-KEH2QIK","-KEH2QGM","YZEFEWHH","2020-09-25 16:49:44","2020-09-25 16:49:44","SMANZANO","SMANZANO","Y","Y","2020-05-27 00:00:00","","","","0","","0",""
"-KEH2QIC","-KEH2QGN","YZEFEWHH","2020-09-25 16:49:44","2020-09-25 16:49:44","SMANZANO","SMANZANO","Y","Y","2020-05-27 00:00:00","","","","0","","0",""
":SEH80G4",":SEH80EF","YZEFEWHH","2020-09-28 11:16:43","2020-09-28 11:16:43","LIQUSR05","LIQUSR05","Y","Y","2020-05-27 00:00:00","","","","0","","0",""
":SEH80GD",":SEH80EE","YZEFEWHH","2020-09-28 11:16:43","2020-09-28 11:16:43","LIQUSR05","LIQUSR05","Y","Y","2020-05-27 00:00:00","","","","0","","0",""
"QPEH81BC","QPEH819K","YZEFEWHH","2020-09-28 11:38:16","2020-09-28 11:38:16","LIQSVR05","LIQSVR05","Y","Y","2020-05-27 00:00:00","","","","0","","0",""
"QPEH81BM","QPEH819J","YZEFEWHH","2020-09-28 11:38:16","2020-09-28 11:38:16","LIQSVR05","LIQSVR05","Y","Y","2020-05-27 00:00:00","","","","0","","0",""
"QPEH81FS","QPEH81ED","#!EFTROM","2020-09-28 11:50:11","2020-09-28 11:50:11","LIQSVR05","LIQSVR05","Y","Y","2020-05-29 00:00:00","","","","0","","0",""
"QPEH81FO","QPEH81EE","#!EFTROM","2020-09-28 11:50:11","2020-09-28 11:50:11","LIQSVR05","LIQSVR05","Y","Y","2020-05-29 00:00:00","","","","0","","0",""
"+OEH9ZGH","+OEH9ZD0","+OEH9ZEO","2020-09-29 14:24:31","2020-09-29 14:24:31","JAQUITAN","JAQUITAN","Y","Y","2020-07-08 00:00:00","","","","0","","0","CG852"
"?EEHN4MW","?EEHN4L9","IREFMDBJ","2020-10-06 13:41:42","2020-10-06 13:41:42","LIQUSR05","LIQUSR05","Y","Y","2020-05-29 00:00:00","","","","0","","0",""
"?EEHN4MQ","?EEHN4LA","IREFMDBJ","2020-10-06 13:41:42","2020-10-06 13:41:42","LIQUSR05","LIQUSR05","Y","Y","2020-05-29 00:00:00","","","","0","","0",""
"#XEHOQYS","#XEHOQ7N","#XEHOQA7","2020-10-07 11:39:02","2020-10-07 11:51:13","LIQSVR04","LIQSVR05","Y","Y","2020-07-09 00:00:00","","","","0","","0","CG852"
"(7EFGXYO","(7EFGXST","(7EFGXIX","2020-08-25 12:17:02","2020-08-25 12:17:02","CMARTILL","CMARTILL","Y","Y","2020-05-27 00:00:00","","","","0","","0","CG852"
"@EEFH7ZX","@EEFH10F","@EEFGXOK","2020-08-25 15:56:18","2020-08-25 15:56:18","SMANZANO","SMANZANO","Y","Y","2020-05-27 00:00:00","","","","0","","0","CG852"
"K#EGP9VQ","K#EGP9UJ","K3EGP89U","2020-09-18 10:44:57","2020-09-18 10:44:57","INPDEL01","INPDEL01","Y","Y","2020-03-23 00:00:00","","","","0","","0",""
"K#EGP9VT","K#EGP9UI","K3EGP89U","2020-09-18 10:44:57","2020-09-18 10:44:57","INPDEL01","INPDEL01","Y","Y","2020-03-23 00:00:00","","","","0","","0",""
"EUEGPUP3","EUEGPUNN","1*EGJ2AC","2020-09-18 17:57:52","2020-09-18 17:57:52","DANUSR01","DANUSR01","Y","Y","2020-10-16 00:00:00","","","","0","","0",""
"EUEGPUP9","EUEGPUNM","1*EGJ2AC","2020-09-18 17:57:52","2020-09-18 17:57:52","DANUSR01","DANUSR01","Y","Y","2020-10-16 00:00:00","","","","0","","0",""
"Q@EH859K","Q@EH8587","IREFMDBJ","2020-09-28 13:26:31","2020-09-28 13:26:31","LIQUSR05","LIQUSR05","Y","Y","2020-05-29 00:00:00","","","","0","","0",""
"Q@EH859P","Q@EH8586","IREFMDBJ","2020-09-28 13:26:31","2020-09-28 13:26:31","LIQUSR05","LIQUSR05","Y","Y","2020-05-29 00:00:00","","","","0","","0",""
"42EHSA34","42EHSA2A","42EHSA00","2020-10-09 11:15:01","2020-10-09 11:15:01","LIQUSR03","LIQUSR03","Y","Y","2020-07-10 00:00:00","","","","0","","0","CG852"
".XEHY4Q4",".XEHY4PA",".XEHY4MY","2020-10-12 15:28:50","2020-10-12 15:28:50","LIQUSR03","LIQUSR03","Y","Y","2020-07-13 00:00:00","","","","0","","0","CG852"
"T*EHY7SR","T*EHY77J",")YEHXS8A","2020-10-12 17:21:07","2020-10-13 16:06:28","CESSINP1","RPTMGR01","Y","Y","2021-03-01 00:00:00","","","","0","","0","CG852"
"38EHZOLH","38EHZOL4","9ZEF82FW","2020-10-13 10:54:32","2020-10-13 11:05:18","JAQUITAN","JANICEA1","Y","Y","2021-03-01 00:00:00","","","","0","","0","CG852"
"@9EHZSRK","@9EHZSR7","9ZEF82FW","2020-10-13 12:56:32","2020-10-13 13:06:02","JAQUITAN","JANICEA1","Y","Y","2021-03-01 00:00:00","","","","0","","0","CG852"
"CKEHZVCF","CKEHZVC2","9ZEF82FW","2020-10-13 14:33:41","2020-10-13 14:40:22","JAQUITAN","JANICEA1","Y","Y","2021-03-01 00:00:00","","","","0","","0","CG852"
"@5EI03BA","@5EI038S","@EEI01WO","2020-10-13 14:38:38","2020-10-13 14:38:38","LIQUSR05","LIQUSR05","Y","Y","2021-03-01 00:00:00","","","","0","","0","CG852"
"C6EHZZZZ","C6EHZZZO","9ZEF82FW","2020-10-13 15:50:20","2020-10-13 16:05:44","JAQUITAN","JANICEA1","Y","Y","2021-03-01 00:00:00","","","","0","","0","CG852"
"CNEHZZXP","CNEHZZU5",")YEHXS8A","2020-10-13 16:27:01","2020-10-13 16:51:26","RPTINP01","RPTMGR01","Y","Y","2021-03-01 00:00:00","","","","0","","0","CG852"
"DKEI1TEB","DKEI1TCW","40EDZTDK","2020-10-14 13:11:07","2020-10-14 13:11:37","SMANZANO","SMANZANO","Y","Y","2021-03-03 00:00:00","","","","0","","0",""
"DKEI1TE7","DKEI1TCX","40EDZTDK","2020-10-14 13:11:07","2020-10-14 13:11:07","SMANZANO","SMANZANO","Y","Y","2021-03-09 00:00:00","","","","0","","0",""
"DTEI1UF5","DTEI1UDQ","40EDZTDK","2020-10-14 13:48:19","2020-10-14 13:48:19","SMANZANO","SMANZANO","Y","Y","2021-03-03 00:00:00","","","","0","","0",""
"DTEI1UF1","DTEI1UDR","40EDZTDK","2020-10-14 13:48:19","2020-10-14 13:48:19","SMANZANO","SMANZANO","Y","Y","2021-03-03 00:00:00","","","","0","","0",""
"NPEI1VKU","NPEI1VIS","DXEI1OML","2020-10-14 16:47:53","2020-10-14 16:56:52","JAQUITAN","JANICEA1","Y","Y","2021-03-04 00:00:00","","","","0","","0","CG852"
"SREI1W3A","SREI1W1V","40EDZTDK","2020-10-14 15:37:47","2020-10-14 15:37:47","SMANZANO","SMANZANO","Y","Y","2021-03-03 00:00:00","","","","0","","0",""
"SREI1W36","SREI1W1W","40EDZTDK","2020-10-14 15:37:47","2020-10-14 15:37:47","SMANZANO","SMANZANO","Y","Y","2021-03-03 00:00:00","","","","0","","0",""
"IKEI223P","IKEI2226","DXEI1OML","2020-10-14 19:06:45","2020-10-14 19:06:45","SMANZANO","SMANZANO","Y","Y","2021-03-05 00:00:00","","","","0","","0",""
"IKEI223K","IKEI2227","DXEI1OML","2020-10-14 19:06:45","2020-10-14 19:06:45","SMANZANO","SMANZANO","Y","Y","2021-03-05 00:00:00","","","","0","","0",""
"BPEI37OE","BPEI37NY","#+EI35X2","2020-10-15 09:22:06","2020-10-15 09:22:06","JAQUITAN","JAQUITAN","Y","Y","2021-03-05 00:00:00","","","","0","","0","CG852"
":6EI3G1T",":6EI3G1H","$QEI1OKF","2020-10-15 11:19:14","2020-10-15 11:19:14","LIQUSR03","LIQUSR03","Y","Y","","","","","0","","0","CG852"
":6EI3GIR",":6EI3GI8",":6EI3GF1","2020-10-15 12:10:45","2020-10-15 12:10:45","LIQUSR03","LIQUSR03","Y","Y","2021-03-08 00:00:00","","","","0","","0","CG852"
"($EID4ZB","($EID4XS","DXEI1OML","2020-10-20 17:24:17","2020-10-20 17:24:17","SMANZANO","SMANZANO","Y","Y","2021-03-05 00:00:00","","","","0","","0",""
"($EID4Z6","($EID4XT","DXEI1OML","2020-10-20 17:24:17","2020-10-20 17:24:17","SMANZANO","SMANZANO","Y","Y","2021-03-05 00:00:00","","","","0","","0",""
"($EID544","($EID52L","DXEI1OML","2020-10-20 17:31:18","2020-10-20 17:31:18","SMANZANO","SMANZANO","Y","Y","2021-03-05 00:00:00","","","","0","","0",""
"($EID53Z","($EID52M","DXEI1OML","2020-10-20 17:31:18","2020-10-20 17:31:18","SMANZANO","SMANZANO","Y","Y","2021-03-05 00:00:00","","","","0","","0",""
":IEIIM9W",":IEIIM8J","DXEI1OML","2020-10-23 17:20:32","2020-10-23 17:20:32","SMANZANO","SMANZANO","Y","Y","2021-03-05 00:00:00","","","","0","","0",""
":IEIIMA1",":IEIIM8I","DXEI1OML","2020-10-23 17:20:32","2020-10-23 17:20:32","SMANZANO","SMANZANO","Y","Y","2021-03-05 00:00:00","","","","0","","0",""
"::EIINWD","::EIINUU","DXEI1OML","2020-10-23 17:32:38","2020-10-23 17:32:38","SMANZANO","SMANZANO","Y","Y","2021-03-05 00:00:00","","","","0","","0",""
"::EIINW8","::EIINUV","DXEI1OML","2020-10-23 17:32:38","2020-10-23 17:32:38","SMANZANO","SMANZANO","Y","Y","2021-03-05 00:00:00","","","","0","","0",""
":LEIIOQ8",":LEIIOOP","DXEI1OML","2020-10-23 17:36:38","2020-10-23 17:36:38","SMANZANO","SMANZANO","Y","Y","2021-03-05 00:00:00","","","","0","","0",""
":LEIIOQ3",":LEIIOOQ","DXEI1OML","2020-10-23 17:36:38","2020-10-23 17:36:38","SMANZANO","SMANZANO","Y","Y","2021-03-05 00:00:00","","","","0","","0",""
"5LEJELYG","5LEJELY3","Q.EJEGLW","2020-11-10 00:12:40","2020-11-10 00:25:49","CESSINP1","CESSMNG1","Y","Y","2021-10-15 00:00:00","","","","0","","0","CG852"
"ZUEJHSAF","ZUEJHSA1","ZUEJHS9G","2020-11-11 14:18:07","2020-11-11 14:18:07","FOULISTR","FOULISTR","Y","Y","2021-10-18 00:00:00","","","","0","","0","CB141"
"IKEI226Y","IKEI224J","DXEI1OML","2020-10-14 19:09:52","2020-10-14 19:23:12","SMANZANO","MANZANOS","Y","Y","2021-03-05 00:00:00","","","","0","","0","CG852"
"I-EI259O","I-EI259A","DXEI1OML","2020-10-14 20:00:12","2020-10-14 20:09:47","SMANZANO","MANZANOS","Y","Y","2021-03-05 00:00:00","","","","0","","0","CG852"
":OEI3AR6",":OEI3APN","DXEI1OML","2020-10-15 10:57:27","2020-10-15 10:57:27","LIQUSR03","LIQUSR03","Y","Y","2021-03-08 00:00:00","","","","0","","0",""
":OEI3AR1",":OEI3APO","DXEI1OML","2020-10-15 10:57:27","2020-10-15 10:57:27","LIQUSR03","LIQUSR03","Y","Y","2021-03-08 00:00:00","","","","0","","0",""
":6EI3GFP",":6EI3GFB",":6EI3GF1","2020-10-15 12:07:47","2020-10-15 12:07:47","LIQUSR03","LIQUSR03","Y","Y","2021-03-08 00:00:00","","","","0","","0","CG852"
":YEI3H7H",":YEI3H0U",":YEI3GBN","2020-10-15 13:32:35","2020-10-15 13:32:35","CESSINP1","CESSINP1","Y","Y","2021-03-08 00:00:00","","","","0","","0","CG852"
":YEI3MJY",":YEI3MDQ",":YEI3LP8","2020-10-15 15:28:04","2020-10-15 15:28:04","CESSINP1","CESSINP1","Y","Y","2021-03-08 00:00:00","","","","0","","0","CG852"
"34EITJ06","34EITIZT",")XEIRVSG","2020-10-29 13:54:35","2020-10-29 13:54:35","TESTINP ","TESTINP ","Y","Y","2021-08-12 00:00:00","","","","0","","0","CG852"
"A6EK3OML","A6EK3OLE","*VEK3GJG","2020-11-23 13:11:26","2020-11-23 13:11:26","INPALN01","INPALN01","Y","Y","2020-03-23 00:00:00","","","","0","","0",""
"A6EK3OMO","A6EK3OLD","*VEK3GJG","2020-11-23 13:11:26","2020-11-23 13:11:26","INPALN01","INPALN01","Y","Y","2020-03-23 00:00:00","","","","0","","0",""
"A6EK3PQ4","A6EK3OLD","*VEK3GJN","2020-11-23 13:35:55","2020-11-23 13:35:55","INPALN01","INPALN01","N","Y","2020-03-23 00:00:00","","","","0","","0",""
"X-EI20JQ","X-EI206K","DXEI1OML","2020-10-14 18:34:29","2020-10-14 18:43:41","SMANZANO","MANZANOS","Y","Y","2021-03-05 00:00:00","","","","0","","0","CG852"
"=)EIEW3C","=)EIEW1Z","DXEI1OML","2020-10-21 17:16:57","2020-10-21 17:16:57","SMANZANO","SMANZANO","Y","Y","2021-03-05 00:00:00","","","","0","","0",""
"=)EIEW3H","=)EIEW1Y","DXEI1OML","2020-10-21 17:16:57","2020-10-21 17:16:57","SMANZANO","SMANZANO","Y","Y","2021-03-05 00:00:00","","","","0","","0",""
"G5EIO7UL","G5EIO7T6","=KEIEX19","2020-10-26 17:18:55","2020-10-26 17:18:55","INPAMT01","INPAMT01","Y","Y","2021-05-04 00:00:00","","","","0","","0",""
"G5EIO7UH","G5EIO7T7","=KEIEX19","2020-10-26 17:18:55","2020-10-26 17:18:55","INPAMT01","INPAMT01","Y","Y","2021-05-04 00:00:00","","","","0","","0",""
"?NEJ51ZU","?NEJ51YF","?NEJ517R","2020-11-04 19:32:18","2020-11-04 19:32:18","MGALING ","MGALING ","Y","Y","2021-10-11 00:00:00","","","","0","","0",""
"?NEJ51ZQ","?NEJ51YG","?NEJ517R","2020-11-04 19:32:18","2020-11-04 19:32:18","MGALING ","MGALING ","Y","Y","2021-10-11 00:00:00","","","","0","","0",""
":+EJEFVB",":+EJEFUX",":+EJEFSJ","2020-11-09 21:10:48","2020-11-09 21:10:48","CESSINP1","CESSINP1","Y","Y","2021-10-15 00:00:00","","","","0","","0","CG852"
"Q.EJEGOO","Q.EJEGOA","Q.EJEGLW","2020-11-09 22:03:10","2020-11-09 22:03:10","CESSINP1","CESSINP1","Y","Y","2021-10-15 00:00:00","","","","0","","0","CG852"
"5JEJEJRC","5JEJEJQZ","Q.EJEGLW","2020-11-09 22:57:41","2020-11-09 22:57:41","CESSINP1","CESSINP1","Y","Y","","","","","0","","0","CG852"
"5;EJEK7N","5;EJEK7A","Q.EJEGLW","2020-11-09 23:14:45","2020-11-09 23:14:45","CESSINP1","CESSINP1","Y","Y","","","","","0","","0","CG852"
"PJEJGE83","PJEJGE6O","+6EJFR2P","2020-11-10 23:13:36","2020-11-10 23:13:36","INPAMT02","INPAMT02","Y","Y","2021-10-21 00:00:00","","","","0","","0",""
"PJEJGE7Z","PJEJGE6P","+6EJFR2P","2020-11-10 23:13:36","2020-11-10 23:13:36","INPAMT02","INPAMT02","Y","Y","2021-10-21 00:00:00","","","","0","","0",""
"P;EJGIRV","P;EJGIQG","+6EJFR2P","2020-11-11 01:01:45","2020-11-11 01:01:45","INPAMT02","INPAMT02","Y","Y","2021-10-21 00:00:00","","","","0","","0",""
"P;EJGIRR","P;EJGIQH","+6EJFR2P","2020-11-11 01:01:45","2020-11-11 01:01:45","INPAMT02","INPAMT02","Y","Y","2021-10-21 00:00:00","","","","0","","0",""
":?EJWQ5K",":?EJWQ4A",":IEJEC8T","2020-11-19 19:00:27","2020-11-19 19:00:27","KDINPUT ","KDINPUT ","Y","Y","2021-10-19 00:00:00","","","","0","","0",""
":?EJWQ5O",":?EJWQ49",":IEJEC8T","2020-11-19 19:00:27","2020-11-19 19:00:27","KDINPUT ","KDINPUT ","Y","Y","2021-10-19 00:00:00","","","","0","","0",""
")EEIAO9D",")EEIAO93",")9EIAME1","2020-10-19 09:34:26","2020-10-19 09:34:26","DELINP01","DELINP01","Y","Y","2021-03-08 00:00:00","","","","0","","0","CG852"
")=EIAU1Y",")=EIAU1O",")=EIATZU","2020-10-19 12:38:09","2020-10-19 12:38:09","ARFELI01","ARFELI01","Y","Y","2021-03-08 00:00:00","","","","0","","0","CG852"
"SHEJ6AJY","SHEJ6AIO","=AEIEWCU","2020-11-05 13:35:11","2020-11-05 13:35:11","LOANIQ01","LOANIQ01","Y","Y","2021-05-04 00:00:00","","","","0","","0",""
"SHEJ6AK2","SHEJ6AIN","=AEIEWCU","2020-11-05 13:35:11","2020-11-05 13:35:11","LOANIQ01","LOANIQ01","Y","Y","2021-05-04 00:00:00","","","","0","","0",""
"40EJGK5Z","40EJGK4P","+6EJFR2P","2020-11-11 01:29:05","2020-11-11 01:29:05","INPAMT02","INPAMT02","Y","Y","2021-10-21 00:00:00","","","","0","","0",""
"40EJGK63","40EJGK4O","+6EJFR2P","2020-11-11 01:29:05","2020-11-11 01:29:05","INPAMT02","INPAMT02","Y","Y","2021-10-21 00:00:00","","","","0","","0",""
"VUEJYJRY","VUEJYJQR","LMEJY6AV","2020-11-20 18:38:18","2020-11-20 18:38:18","INPALN01","INPALN01","Y","Y","2020-03-23 00:00:00","","","","0","","0",""
"VUEJYJS1","VUEJYJQQ","LMEJY6AV","2020-11-20 18:38:18","2020-11-20 18:38:18","INPALN01","INPALN01","Y","Y","2020-03-23 00:00:00","","","","0","","0",""
":.EI39TU","B4EI393N","DXEI1OML","2020-10-15 10:47:33","2020-10-15 10:54:48","LIQUSR03","LIQAPCP3","Y","Y","2021-03-08 00:00:00","","","","0","","0","CG852"
":YEI3K5K",":YEI3JZ1",":YEI3J9H","2020-10-15 14:36:14","2020-10-15 14:36:14","CESSINP1","CESSINP1","Y","Y","2021-03-08 00:00:00","","","","0","","0","CG852"
"*4EI53RI","*4EI53R8","*4EI53PE","2020-10-16 09:34:35","2020-10-16 09:34:35","ARFELI01","ARFELI01","Y","Y","2021-03-08 00:00:00","","","","0","","0","CG852"
"3SEICY64","3SEICY4R","DXEI1OML","2020-10-20 16:06:30","2020-10-20 16:06:30","SMANZANO","SMANZANO","Y","Y","2021-03-05 00:00:00","","","","0","","0",""
"3SEICY69","3SEICY4Q","DXEI1OML","2020-10-20 16:06:30","2020-10-20 16:06:30","SMANZANO","SMANZANO","Y","Y","2021-03-05 00:00:00","","","","0","","0",""
"3SEICYE9","3SEICYCW","DXEI1OML","2020-10-20 16:11:22","2020-10-20 16:11:22","SMANZANO","SMANZANO","Y","Y","2021-03-05 00:00:00","","","","0","","0",""
"3SEICYEE","3SEICYCV","DXEI1OML","2020-10-20 16:11:22","2020-10-20 16:11:22","SMANZANO","SMANZANO","Y","Y","2021-03-05 00:00:00","","","","0","","0",""
"3GEICZLI","3GEICZK5","DXEI1OML","2020-10-20 16:37:18","2020-10-20 16:37:18","SMANZANO","SMANZANO","Y","Y","2021-03-05 00:00:00","","","","0","","0",""
"3GEICZLN","3GEICZK4","DXEI1OML","2020-10-20 16:37:18","2020-10-20 16:37:18","SMANZANO","SMANZANO","Y","Y","2021-03-05 00:00:00","","","","0","","0",""
"3GEID08U","3GEID07F","DXEI1OML","2020-10-20 16:51:16","2020-10-20 16:51:16","SMANZANO","SMANZANO","Y","Y","2021-03-05 00:00:00","","","","0","","0",""
"3GEID08Q","3GEID07G","DXEI1OML","2020-10-20 16:51:16","2020-10-20 16:51:16","SMANZANO","SMANZANO","Y","Y","2021-03-05 00:00:00","","","","0","","0",""
"3GEID0F0","3GEID0DH","DXEI1OML","2020-10-20 16:54:54","2020-10-20 16:54:54","SMANZANO","SMANZANO","Y","Y","2021-03-08 00:00:00","","","","0","","0",""
"3GEID0EV","3GEID0DI","DXEI1OML","2020-10-20 16:54:54","2020-10-20 16:54:54","SMANZANO","SMANZANO","Y","Y","2021-03-08 00:00:00","","","","0","","0",""
"?LEIG76H","?LEIG74Y","DXEI1OML","2020-10-22 10:14:01","2020-10-22 10:14:01","SMANZANO","SMANZANO","Y","Y","2021-03-05 00:00:00","","","","0","","0",""
"?LEIG76C","?LEIG74Z","DXEI1OML","2020-10-22 10:14:01","2020-10-22 10:14:01","SMANZANO","SMANZANO","Y","Y","2021-03-05 00:00:00","","","","0","","0",""
"34EITJ7V","34EITJ7N",")XEIRVSG","2020-10-29 14:32:15","2020-10-29 14:32:15","TESTINP ","TESTINP ","Y","Y","2021-08-12 00:00:00","","","","0","","0","CG852"
"LZEJY1B3","LZEJY19S",":VEJWWK1","2020-11-20 11:59:20","2020-11-20 11:59:20","INPALN01","INPALN01","Y","Y","2020-03-23 00:00:00","","","","0","","0",""
"LZEJY1B0","LZEJY19T",":VEJWWK1","2020-11-20 11:59:20","2020-11-20 11:59:20","INPALN01","INPALN01","Y","Y","2020-03-23 00:00:00","","","","0","","0",""
"V6EJYMNE","V6EJYMM3","LMEJY6AV","2020-11-20 19:40:20","2020-11-20 19:40:20","INPALN01","INPALN01","Y","Y","2020-03-23 00:00:00","","","","0","","0",""
"V6EJYMNB","V6EJYMM4","LMEJY6AV","2020-11-20 19:40:20","2020-11-20 19:40:20","INPALN01","INPALN01","Y","Y","2020-03-23 00:00:00","","","","0","","0",""
"VDEJYORQ","VDEJYOQJ","LMEJY6AV","2020-11-20 20:26:11","2020-11-20 20:26:11","INPALN01","INPALN01","Y","Y","2020-03-23 00:00:00","","","","0","","0",""
"VDEJYORT","VDEJYOQI","LMEJY6AV","2020-11-20 20:26:11","2020-11-20 20:26:11","INPALN01","INPALN01","Y","Y","2020-03-23 00:00:00","","","","0","","0",""
