"BSG_RID_SUBLEDGER","BSG_CDE_GL_ACCOUNT","BSG_CDE_GL_SHTNAME","BSG_CDE_BRANCH","BSG_CDE_EXPENSE","BSG_RID_OWNER","BSG_CDE_OWNER_TYPE","BSG_CDE_CURRENCY","BSG_PID_DEAL","BSG_CID_CUSTOMER","BSG_PID_FACILITY","BSG_XID_JOURNAL","BSG_XID_SECURITY","BSG_AMT_PRIOR_EOD","BSG_IND_ACTIVE","BSG_CDE_PORTFOLIO","BSG_UID_REC_CREATE","BSG_UID_REC_UPDATE","BSG_TSP_REC_CREATE","BSG_TSP_REC_UPDATE","BSG_XID_CUST_MCN","BSG_NME_OST_ALIAS","BSG_CDE_FEE_TYPE"
"SCEBYVQZ","LOANPRNEVAR    ","PRINC","CG852","BG_COL         ","SJEBYUH5","OST  ","EUR","SUEBXL0I","?ZE4CIA6","SUEBXL2B","610011","SJEBYUH5      ","1000000","Y","HFIEU","RPTSUPAM","LS2BATCH","2020-06-18 10:09:50","2020-11-17 19:41:35","          ","60000028       ",""
"SREBYXR0","LOANPRNEVAR    ","PRINC","CG852","BG_COL         ","?2EBX2O1","OST  ","EUR","?.EBVNFE","?ZE4CIA6","?REBVOYO","610011","?2EBX2O1      ","1000000","Y","HFIEU","RPTINPAM","LS2BATCH","2020-06-18 11:15:22","2020-11-17 19:41:37","          ","60000027       ",""
"SWEBYZWV","LOANPRNEFIX    ","PRINC","CG852","BG_COL         ","SREBYXUN","OST  ","EUR","?.EBVNFE","?ZE4CIA6","?XEBVXIH","610011","SREBYXUN      ","5000000","Y","HFIEU","RPTSUPAM","LS2BATCH","2020-06-18 11:35:30","2020-11-17 19:41:36","          ","60000029       ",""
"SBEBZ5AI","LOANPRNEVAR    ","PRINC","CG852","BG_COL         ","SDEBZ23K","OST  ","EUR","SUEBXL0I","?ZE4CIA6","SUEBXL2B","610011","SDEBZ23K      ","2000000","Y","HFIEU","RPTSUPAM","LS2BATCH","2020-06-18 12:31:36","2020-11-17 19:41:37","          ","60000031       ",""
"7JEETCIP","LOANPRNEVAR    ","PRINC","CG852","BP_COL         ","7)EETAU9","OST  ","EUR","S#EESVPY","SIEESUTN","S#EESVR1","610011","7)EETAU9      ","200000","Y","HFIEU","RPTMGR01","LS2BATCH","2020-08-12 18:27:28","2020-11-17 19:41:36","          ","60000131       ",""
"@FEGGT2W","LOANINTEVAR    ","INTRC","CG852","BG_COL         ","OCEGCG78","OST  ","EUR","IREFMCO3",")?EF8978","I:EFMEGK","610011","OCEGCG78      ","141.54","Y","HFIEU","LS2BATCH","LS2BATCH","2020-09-13 21:01:43","2020-11-17 19:41:24","          ","60000744       ",""
"Y.EFF0HI","LOANPRNEVAR    ","PRINC","CG852","BG_COL         ","ZIEF9NP7","OST  ","EUR","V8EF4706","5QEF3VVU","V8EF471U","610011","ZIEF9NP7      ","731","Y","HFIEU","LIQUSR05","LS2BATCH","2020-08-24 09:17:10","2020-11-17 19:41:37","          ","60000420       ",""
"Y.EFF0RA","LOANPRNEVAR    ","PRINC","CG852","BG_COL         ","ZIEF9MNN","OST  ","EUR","V8EF4706","5QEF3VVU","V8EF471U","610011","ZIEF9MNN      ","631","Y","HFIEU","LIQUSR05","LS2BATCH","2020-08-24 09:22:37","2020-11-17 19:41:35","          ","60000419       ",""
"3IEFFGRL","LOANPRNEVAR    ","PRINC","CG852","BG_COL         ","3SEFFFII","OST  ","EUR","3ZEFFD20","ZHEF7YY1","3ZEFFD2W","610011","3SEFFFII      ","1000000","Y","HFIEU","JANICEA1","LS2BATCH","2020-08-24 16:16:45","2020-11-17 19:41:35","          ","60000472       ",""
"+JEFZN16","LOANINTEVAR    ","INTRC","CG852","BP_COL         ","#!EFUAOU","OST  ","EUR","#!EFTROA","SIEESUTN","#!EFTRT9","610011","#!EFUAOU      ","3423","Y","HFIEU","LS2BATCH","LS2BATCH","2020-09-04 14:31:54","2020-11-17 19:41:20","          ","60000638       ",""
"+JEFZN17","LOANINTEVAR    ","INTRC","CG852","BP_COL         ","#!EFUH6R","OST  ","EUR","(7EFGXIA","SIEESUTN","(7EFGXST","610011","#!EFUH6R      ","72.97","Y","HFIEU","LS2BATCH","LS2BATCH","2020-09-04 14:31:54","2020-11-17 19:41:20","          ","60000639       ",""
"+JEFZN18","LOANINTEVAR    ","INTRC","CG852","BG_COL         ","#AEFTQDM","OST  ","EUR","YZEFEWH5",")?EF8978","YZEFEXAM","610011","#AEFTQDM      ","70210.96","Y","HFIEU","LS2BATCH","LS2BATCH","2020-09-04 14:31:54","2020-11-17 19:41:20","          ","60000634       ",""
"Z;EF7ZTX","LOANPRNEFIX    ","PRINC","CG852","BG_COL         ","Z;EF7ZNA","OST  ","EUR","0REF4EYL","SIEESUTN","0REF4FMA","610011","Z;EF7ZNA      ","1200000","Y","HFIEU","LIQUSR03","LS2BATCH","2020-08-20 16:18:00","2020-11-17 19:41:35","          ","60000378       ",""
"@UEFGX8H","LOANPRNEVAR    ","PRINC","CG852","BG_COL         ","(DEFGR26","OST  ","EUR","YZEFEWH5",")?EF8978","YZEFEXAM","610011","(DEFGR26      ","1080000","Y","HFIEU","MANZANOM","LS2BATCH","2020-08-25 11:33:14","2020-11-17 19:41:37","          ","60000478       ",""
"CREFHAAF","LOANPRNEVAR    ","PRINC","CG852","BG_COL         ","C(EFH91P","OST  ","EUR","@-EFH363","ZHEF7YY1","@-EFH76E","610011","C(EFH91P      ","240000","Y","HFIEU","JANICEA1","LS2BATCH","2020-08-25 16:08:08","2020-11-17 19:41:36","          ","60000489       ",""
"*+EFZZB0","LOANINTEVAR    ","INTRC","CG852","BP_COL         ","0-EFZSFV","OST  ","EUR","S#EESVPY","SIEESUTN","S#EESVR1","610011","0-EFZSFV      ","30.97","Y","HFIEU","LS2BATCH","LS2BATCH","2020-09-04 18:57:00","2020-11-17 19:41:23","          ","60000657       ",""
"SDEFKWD3","LOANINTEFIX    ","INTRC","CG852","BG_COL         ","H+EFJ1OL","OST  ","EUR","0REF4EYL","SIEESUTN","0REF4FMA","610011","H+EFJ1OL      ","18000.14","Y","HFIEU","LS2BATCH","LS2BATCH","2020-08-27 15:29:26","2020-11-17 19:41:22","          ","60000527       ",""
"SDEFKWD4","LOANINTEFIX    ","INTRC","CG852","BG_COL         ","H+EFJ25O","OST  ","EUR","0REF4EYL","SIEESUTN","0REF4FMA","610011","H+EFJ25O      ","43388.85","Y","HFIEU","LS2BATCH","LS2BATCH","2020-08-27 15:29:26","2020-11-17 19:41:22","          ","60000529       ",""
"SDEFKWD5","LOANINTEFIX    ","INTRC","CG852","BG_COL         ","H+EFJ2J9","OST  ","EUR","0REF4EYL","SIEESUTN","0REF4FMA","610011","H+EFJ2J9      ","15414.72","Y","HFIEU","LS2BATCH","LS2BATCH","2020-08-27 15:29:26","2020-11-17 19:41:22","          ","60000530       ",""
"SDEFKWD7","LOANINTEVAR    ","INTRC","CG852","BG_COL         ","HREFIUF7","OST  ","EUR","9ZEF82FK","ZHEF7YY1","9ZEF82GL","610011","HREFIUF7      ","107260.56","Y","HFIEU","LS2BATCH","LS2BATCH","2020-08-27 15:29:26","2020-11-17 19:41:22","          ","60000511       ",""
"SDEFKWD8","LOANINTEVAR    ","INTRC","CG852","BP_COL         ","HZEFIZFY","OST  ","EUR","(7EFGUDN","SIEESUTN","(7EFGUEQ","610011","HZEFIZFY      ","1486.68","Y","HFIEU","LS2BATCH","LS2BATCH","2020-08-27 15:29:26","2020-11-17 19:41:22","          ","60000519       ",""
"SDEFKWD9","LOANINTEVAR    ","INTRC","CG852","BP_COL         ","HZEFJ1HC","OST  ","EUR","S#EESVPY","SIEESUTN","S#EESVR1","610011","HZEFJ1HC      ","486.9","Y","HFIEU","LS2BATCH","LS2BATCH","2020-08-27 15:29:26","2020-11-17 19:41:23","          ","60000525       ",""
"UVEG6W96","LOANINTEVAR    ","INTRC","CG852","BG_COL         ","4IEG5FAI","OST  ","EUR","3ZEFFD20","ZHEF7YY1","3ZEFFD2W","610011","4IEG5FAI      ","79164.75","Y","HFIEU","LS2BATCH","LS2BATCH","2020-09-08 12:34:17","2020-11-17 19:41:20","          ","60000672       ",""
"+JEFZN19","LOANINTEVAR    ","INTRC","CG852","BG_COL         ","#AEFTQWG","OST  ","EUR","YZEFEWH5",")?EF8978","YZEFEXAM","610011","#AEFTQWG      ","60180.79","Y","HFIEU","LS2BATCH","LS2BATCH","2020-09-04 14:31:54","2020-11-17 19:41:20","          ","60000636       ",""
"+JEFZN1B","LOANINTEVAR    ","INTRC","CG852","BG_COL         ","-AEFMZGX","OST  ","EUR","IREFMCO3",")?EF8978","I:EFMEGK","610011","-AEFMZGX      ","1763.71","Y","HFIEU","LS2BATCH","LS2BATCH","2020-09-04 14:31:54","2020-11-17 19:41:24","          ","60000623       ",""
"+JEFZN1C","LOANINTEVAR    ","INTRC","CG852","BP_COL         ","-LEFSEVP","OST  ","EUR","(7EFGUDN","SIEESUTN","(7EFGUEQ","610011","-LEFSEVP      ","137.84","Y","HFIEU","LS2BATCH","LS2BATCH","2020-09-04 14:31:54","2020-11-17 19:41:20","          ","60000632       ",""
"+JEFZN1D","LOANINTEVAR    ","INTRC","CG852","BP_COL         ","04EFZDZF","OST  ","EUR","S#EESVPY","SIEESUTN","S#EESVR1","610011","04EFZDZF      ","166.8","Y","HFIEU","LS2BATCH","LS2BATCH","2020-09-04 14:31:54","2020-11-17 19:41:23","          ","60000655       ",""
"+JEFZN1E","LOANINTEVAR    ","INTRC","CG852","BP_COL         ","04EFZE6G","OST  ","EUR","S#EESVPY","SIEESUTN","S#EESVR1","610011","04EFZE6G      ","258.59","Y","HFIEU","LS2BATCH","LS2BATCH","2020-09-04 14:31:54","2020-11-17 19:41:23","          ","60000656       ",""
"UVEG6W99","LOANINTEVAR    ","INTRC","CG852","BG_COL         ","KLEG6TZ1","OST  ","EUR","9ZEF82FK","ZHEF7YY1","9ZEF82GL","610011","KLEG6TZ1      ","98766.7","Y","HFIEU","LS2BATCH","LS2BATCH","2020-09-08 12:34:17","2020-11-17 19:41:24","          ","60000685       ",""
"+JEFZN1H","LOANINTEVAR    ","INTRC","CG852","BG_COL         ","2YEFMLYV","OST  ","EUR","9ZEF82FK","ZHEF7YY1","9ZEF82GL","610011","2YEFMLYV      ","94207.22","Y","HFIEU","LS2BATCH","LS2BATCH","2020-09-04 14:31:54","2020-11-17 19:41:20","          ","60000618       ",""
"+JEFZN1I","LOANINTEVAR    ","INTRC","CG852","BG_COL         ","44EF64ER","OST  ","EUR","V8EF4706","5QEF3VVU","V8EF471U","610011","44EF64ER      ","34.22","Y","HFIEU","LS2BATCH","LS2BATCH","2020-09-04 14:31:54","2020-11-17 19:41:24","          ","60000298       ",""
"+JEFZN1J","LOANINTEVAR    ","INTRC","CG852","BG_COL         ","7GEFL2JQ","OST  ","EUR","@EEFGXO8",")?EF8978","@EEFH10F","610011","7GEFL2JQ      ","121132.35","Y","HFIEU","LS2BATCH","LS2BATCH","2020-09-04 14:31:54","2020-11-17 19:41:20","          ","60000576       ",""
"+JEFZN1K","LOANINTEVAR    ","INTRC","CG852","BP_COL         ","B*EFVX86","OST  ","EUR","#!EFTROA","SIEESUTN","#!EFTRT9","610011","B*EFVX86      ","6.67","Y","HFIEU","LS2BATCH","LS2BATCH","2020-09-04 14:31:54","2020-11-17 19:41:21","          ","60000641       ",""
"+JEFZN1L","LOANINTEVAR    ","INTRC","CG852","BP_COL         ","HZEFJAAY","OST  ","EUR","(7EFGUDN","SIEESUTN","(7EFGUEQ","610011","HZEFJAAY      ","187.88","Y","HFIEU","LS2BATCH","LS2BATCH","2020-09-04 14:31:54","2020-11-17 19:41:22","          ","60000542       ",""
"+JEFZN1M","LOANINTEVAR    ","INTRC","CG852","BG_COL         ","IHEFMJUB","OST  ","EUR","V8EF4706","5QEF3VVU","V8EF471U","610011","IHEFMJUB      ","15.66","Y","HFIEU","LS2BATCH","LS2BATCH","2020-09-04 14:31:54","2020-11-17 19:41:22","          ","60000603       ",""
"+JEFZN1N","LOANINTEVAR    ","INTRC","CG852","BG_COL         ","J!EFFB21","OST  ","EUR","V8EF4706","5QEF3VVU","V8EF471U","610011","J!EFFB21      ","8.98","Y","HFIEU","LS2BATCH","LS2BATCH","2020-09-04 14:31:54","2020-11-17 19:41:22","          ","60000457       ",""
"+JEFZN1O","LOANINTEVAR    ","INTRC","CG852","BG_COL         ","S!EFKY0T","OST  ","EUR","@EEFGXO8",")?EF8978","@EEFH10F","610011","S!EFKY0T      ","86751.18","Y","HFIEU","LS2BATCH","LS2BATCH","2020-09-04 14:31:54","2020-11-17 19:41:22","          ","60000567       ",""
"+JEFZN1P","LOANINTEVAR    ","INTRC","CG852","BG_COL         ","X=EFL8BR","OST  ","EUR","YZEFEWH5",")?EF8978","YZEFEXAM","610011","X=EFL8BR      ","169861.6","Y","HFIEU","LS2BATCH","LS2BATCH","2020-09-04 14:31:54","2020-11-17 19:41:22","          ","60000587       ",""
"+JEFZN1Q","LOANINTEVAR    ","INTRC","CG852","BP_COL         ","XHEFLBMZ","OST  ","EUR","(7EFGXIA","SIEESUTN","(7EFGXST","610011","XHEFLBMZ      ","-0.59","Y","HFIEU","LS2BATCH","LS2BATCH","2020-09-04 14:31:54","2020-11-17 19:41:24","          ","60000592       ",""
"+JEFZN1S","FEESIBLDREC    ","FEERC","CG852","BG_COL         ","I:EFMH5Q","FEE  ","EUR","IREFMCO3",")?EF8978","I:EFMEGK","610011","I:EFMEGK      ","1660686.76","Y","HFIEU","LS2BATCH","LS2BATCH","2020-09-04 14:31:54","2020-11-17 19:41:28","          ","","UNUT "
"+JEFZN1T","FEESIBLDREC    ","FEERC","CG852","BP_COL         ","#!EFTRUA","FEE  ","EUR","#!EFTROA","SIEESUTN","#!EFTRT9","610011","#!EFTRT9      ","4870.09","Y","HFIEU","LS2BATCH","LS2BATCH","2020-09-04 14:31:54","2020-11-17 19:41:27","          ","","UNUT "
"UVEG6W9A","LOANINTEVAR    ","INTRC","CG852","BG_COL         ","KREG5NHP","OST  ","EUR","3ZEFFD20","ZHEF7YY1","3ZEFFD2W","610011","KREG5NHP      ","7069.2","Y","HFIEU","LS2BATCH","LS2BATCH","2020-09-08 12:34:17","2020-11-17 19:41:22","          ","60000681       ",""
"Z;EF7Y7N","LOANPRNEFIX    ","PRINC","CG852","BG_COL         ","ZFEF7YYO","OST  ","EUR","0REF4EYL","SIEESUTN","0REF4FMA","610011","ZFEF7YYO      ","1000000","Y","HFIEU","LIQUSR03","LS2BATCH","2020-08-20 15:18:03","2020-11-17 19:41:35","          ","60000366       ",""
".FEF9TGD","LOANPRNEVAR    ","PRINC","CG852","BG_COL         ",".FEF9T99","OST  ","EUR",".FEF9QSQ","SIEESUTN",".FEF9QTS","610011",".FEF9T99      ","1000000","Y","HFIEU","LIQUSR03","LS2BATCH","2020-08-21 15:55:33","2020-11-17 19:41:36","          ","60000425       ",""
"!NEG57ZO","LOANPRNEVAR    ","PRINC","CG852","BG_COL         ","!1EG56OY","OST  ","EUR","9ZEF82FK","ZHEF7YY1","9ZEF82GL","610011","!1EG56OY      ","1100000","Y","HFIEU","JANICEA1","LS2BATCH","2020-09-07 11:48:48","2020-11-17 19:41:36","          ","60000663       ",""
"YHEGCPKL","LOANPRNEVAR    ","PRINC","CG852","BP_COL         ","OWEGCGRA","OST  ","EUR","S#EESVPY","SIEESUTN","S#EESVR1","610011","OWEGCGRA      ","22000","Y","HFIEU","RPTSUP01","LS2BATCH","2020-09-11 15:03:37","2020-11-17 19:41:37","          ","60000740       ",""
"C2EFHAVP","LOANPRNEVAR    ","PRINC","CG852","BG_COL         ","JLEFFB50","OST  ","EUR","Y5EFF54H","SIEESUTN","Y5EFF559","610011","JLEFFB50      ","300000","Y","HFIEU","LIQUSR03","LS2BATCH","2020-08-25 16:27:00","2020-11-17 19:41:35","          ","60000459       ",""
"C9EFHN5D","LOANPRNEFIX    ","PRINC","CG852","BP_COL         ","(7EFHHE2","OST  ","EUR","(7EFGXIA","SIEESUTN","(7EFGXST","610011","(7EFHHE2      ","5600","Y","HFIEU","RPTSUP01","LS2BATCH","2020-08-25 17:18:22","2020-11-17 19:41:37","          ","60000490       ",""
"YHEGCPW0","LOANPRNEFIX    ","PRINC","CG852","BP_COL         ","OWEGCHFR","OST  ","EUR","S#EESVPY","SIEESUTN","S#EESVR1","610011","OWEGCHFR      ","21000","Y","HFIEU","RPTSUP01","LS2BATCH","2020-09-11 15:16:55","2020-11-17 19:41:35","          ","60000743       ",""
"F$EG79D9","LOANPRNEVAR    ","PRINC","CG852","BG_COL         ","FJEG71OI","OST  ","EUR","YZEFEWH5",")?EF8978","YZEFEXAM","610011","FJEG71OI      ","1111000","Y","HFIEU","MANZANOM","LS2BATCH","2020-09-08 16:57:10","2020-11-17 19:41:37","          ","60000690       ",""
"F$EG7AVG","LOANPRNEVAR    ","PRINC","CG852","BG_COL         ","FJEG73SD","OST  ","EUR","YZEFEWH5",")?EF8978","YZEFEXAM","610011","FJEG73SD      ","2500000","Y","HFIEU","MANZANOM","LS2BATCH","2020-09-08 17:55:19","2020-11-17 19:41:35","          ","60000696       ",""
"YHEGCPFC","LOANPRNEVAR    ","PRINC","CG852","BP_COL         ","OWEGCGLE","OST  ","EUR","S#EESVPY","SIEESUTN","S#EESVR1","610011","OWEGCGLE      ","6500","Y","HFIEU","RPTSUP01","LS2BATCH","2020-09-11 14:57:09","2020-11-17 19:41:37","          ","60000739       ",""
"YBEH6H8G","LOANPRNEFIX    ","PRINC","CG852","BG_COL         ","OCEGCH22","OST  ","EUR","IREFMCO3",")?EF8978","I:EFMEGK","610011","OCEGCH22      ","620000","Y","HFIEU","JAQUITAN","LS2BATCH","2020-09-11 16:15:29","2020-11-17 19:41:35","          ","60000745       ",""
"7REFKYZP","LOANPRNEVAR    ","PRINC","CG852","BP_COL         ","HZEFJAAY","OST  ","EUR","(7EFGUDN","SIEESUTN","(7EFGUEQ","610011","HZEFJAAY      ","4200","Y","HFIEU","RPTSUP01","LS2BATCH","2020-08-27 16:30:18","2020-11-17 19:41:37","          ","60000542       ",""
"K9EG5HCW","LOANPRNEVAR    ","PRINC","CG852","BG_COL         ","4IEG5FAI","OST  ","EUR","3ZEFFD20","ZHEF7YY1","3ZEFFD2W","610011","4IEG5FAI      ","1400000","Y","HFIEU","JANICEA1","LS2BATCH","2020-09-07 17:51:21","2020-11-17 19:41:36","          ","60000672       ",""
"Z;EF7YHW","LOANPRNEFIX    ","PRINC","CG852","BG_COL         ","Z;EF7YBJ","OST  ","EUR","0REF4EYL","SIEESUTN","0REF4FMA","610011","Z;EF7YBJ      ","1100000","Y","HFIEU","LIQUSR03","LS2BATCH","2020-08-20 15:27:32","2020-11-17 19:41:35","          ","60000374       ",""
"W1EFIOKO","LOANINTEVAR    ","INTRC","CG852","BG_COL         ","!ZEF5V91","OST  ","EUR","V8EF4706","5QEF3VVU","V8EF471U","610011","!ZEF5V91      ","0.14","Y","HFIEU","LS2BATCH","LS2BATCH","2020-08-26 10:46:00","2020-11-17 19:41:20","          ","60000297       ",""
"UAEG6V97","LOANPRNEVAR    ","PRINC","CG852","BG_COL         ","KLEG6TZ1","OST  ","EUR","9ZEF82FK","ZHEF7YY1","9ZEF82GL","610011","KLEG6TZ1      ","1000000","Y","HFIEU","JANICEA1","LS2BATCH","2020-09-08 10:25:15","2020-11-17 19:41:37","          ","60000685       ",""
"8WEFDZMI","LOANPRNEVAR    ","PRINC","CG852","BP_COL         ","86EFDXX2","OST  ","EUR","S#EESVPY","SIEESUTN","S#EESVR1","610011","86EFDXX2      ","50000","Y","HFIEU","RPTSUP01","LS2BATCH","2020-08-23 21:27:39","2020-11-17 19:41:37","          ","60000451       ",""
"2@EFMNF0","LOANPRNEVAR    ","PRINC","CG852","BG_COL         ","2YEFMLYV","OST  ","EUR","9ZEF82FK","ZHEF7YY1","9ZEF82GL","610011","2YEFMLYV      ","1100000","Y","HFIEU","JANICEA1","LS2BATCH","2020-08-28 13:17:36","2020-11-17 19:41:36","          ","60000618       ",""
"W1EFIOKQ","LOANINTEFIX    ","INTRC","CG852","BP_COL         ","(7EFHHE2","OST  ","EUR","(7EFGXIA","SIEESUTN","(7EFGXST","610011","(7EFHHE2      ","319.9","Y","HFIEU","LS2BATCH","LS2BATCH","2020-08-26 10:46:00","2020-11-17 19:41:24","          ","60000490       ",""
"W1EFIOKR","LOANINTEVAR    ","INTRC","CG852","BG_COL         ","(DEFGR26","OST  ","EUR","YZEFEWH5",")?EF8978","YZEFEXAM","610011","(DEFGR26      ","93203.39","Y","HFIEU","LS2BATCH","LS2BATCH","2020-08-26 10:46:00","2020-11-17 19:41:24","          ","60000478       ",""
"W1EFIOKS","LOANINTEVAR    ","INTRC","CG852","BG_COL         ",".FEF9T99","OST  ","EUR",".FEF9QSQ","SIEESUTN",".FEF9QTS","610011",".FEF9T99      ","29111.11","Y","HFIEU","LS2BATCH","LS2BATCH","2020-08-26 10:46:00","2020-11-17 19:41:20","          ","60000425       ",""
"W1EFIOKU","LOANINTEVAR    ","INTRC","CG852","BG_COL         ","3SEFFFII","OST  ","EUR","3ZEFFD20","ZHEF7YY1","3ZEFFD2W","610011","3SEFFFII      ","71371.75","Y","HFIEU","LS2BATCH","LS2BATCH","2020-08-26 10:46:00","2020-11-17 19:41:23","          ","60000472       ",""
"W1EFIOKV","LOANINTEVAR    ","INTRC","CG852","BP_COL         ","7)EETAU9","OST  ","EUR","S#EESVPY","SIEESUTN","S#EESVR1","610011","7)EETAU9      ","7469.24","Y","HFIEU","LS2BATCH","LS2BATCH","2020-08-26 10:46:00","2020-11-17 19:41:20","          ","60000131       ",""
"K1EG6MOM","LOANPRNEVAR    ","PRINC","CG852","BG_COL         ","KREG5NHP","OST  ","EUR","3ZEFFD20","ZHEF7YY1","3ZEFFD2W","610011","KREG5NHP      ","100000","Y","HFIEU","SMANZANO","LS2BATCH","2020-09-08 08:29:56","2020-11-17 19:41:37","          ","60000681       ",""
"W1EFIOKX","LOANINTEVAR    ","INTRC","CG852","BP_COL         ","86EFDXX2","OST  ","EUR","S#EESVPY","SIEESUTN","S#EESVR1","610011","86EFDXX2      ","2948.73","Y","HFIEU","LS2BATCH","LS2BATCH","2020-08-26 10:46:00","2020-11-17 19:41:24","          ","60000451       ",""
"W1EFIOKY","LOANINTEVAR    ","INTRC","CG852","BG_COL         ","?2EBX2O1","OST  ","EUR","?.EBVNFE","?ZE4CIA6","?REBVOYO","610011","?2EBX2O1      ","71645.73","Y","HFIEU","LS2BATCH","LS2BATCH","2020-08-26 10:46:00","2020-11-17 19:41:21","          ","60000027       ",""
"W1EFIOKZ","LOANINTEVAR    ","INTRC","CG852","BG_COL         ","C(EFH91P","OST  ","EUR","@-EFH363","ZHEF7YY1","@-EFH76E","610011","C(EFH91P      ","24102.36","Y","HFIEU","LS2BATCH","LS2BATCH","2020-08-26 10:46:00","2020-11-17 19:41:24","          ","60000489       ",""
"W1EFIOL0","LOANINTEVAR    ","INTRC","CG852","BG_COL         ","F?EF7SNQ","OST  ","EUR","V8EF4706","5QEF3VVU","V8EF471U","610011","F?EF7SNQ      ","-0.1","Y","HFIEU","LS2BATCH","LS2BATCH","2020-08-26 10:46:00","2020-11-17 19:41:23","          ","60000365       ",""
"W1EFIOL2","LOANINTEVAR    ","INTRC","CG852","BG_COL         ","JLEFFB50","OST  ","EUR","Y5EFF54H","SIEESUTN","Y5EFF559","610011","JLEFFB50      ","8651.51","Y","HFIEU","LS2BATCH","LS2BATCH","2020-08-26 10:46:00","2020-11-17 19:41:22","          ","60000459       ",""
"W1EFIOL4","LOANINTEVAR    ","INTRC","CG852","BG_COL         ","SDEBZ23K","OST  ","EUR","SUEBXL0I","?ZE4CIA6","SUEBXL2B","610011","SDEBZ23K      ","171946.67","Y","HFIEU","LS2BATCH","LS2BATCH","2020-08-26 10:46:00","2020-11-17 19:41:22","          ","60000031       ",""
"W1EFIOL5","LOANINTEVAR    ","INTRC","CG852","BG_COL         ","SJEBYUH5","OST  ","EUR","SUEBXL0I","?ZE4CIA6","SUEBXL2B","610011","SJEBYUH5      ","57973.11","Y","HFIEU","LS2BATCH","LS2BATCH","2020-08-26 10:46:00","2020-11-17 19:41:22","          ","60000028       ",""
"W1EFIOL6","LOANINTEFIX    ","INTRC","CG852","BG_COL         ","SREBYXUN","OST  ","EUR","?.EBVNFE","?ZE4CIA6","?XEBVXIH","610011","SREBYXUN      ","358904.12","Y","HFIEU","LS2BATCH","LS2BATCH","2020-08-26 10:46:00","2020-11-17 19:41:22","          ","60000029       ",""
"W1EFIOL9","LOANINTEFIX    ","INTRC","CG852","BG_COL         ","Z;EF7YBJ","OST  ","EUR","0REF4EYL","SIEESUTN","0REF4FMA","610011","Z;EF7YBJ      ","34023.61","Y","HFIEU","LS2BATCH","LS2BATCH","2020-08-26 10:46:00","2020-11-17 19:41:22","          ","60000374       ",""
"W1EFIOLA","LOANINTEFIX    ","INTRC","CG852","BG_COL         ","Z;EF7ZNA","OST  ","EUR","0REF4EYL","SIEESUTN","0REF4FMA","610011","Z;EF7ZNA      ","39300","Y","HFIEU","LS2BATCH","LS2BATCH","2020-08-26 10:46:00","2020-11-17 19:41:22","          ","60000378       ",""
"W1EFIOLB","LOANINTEFIX    ","INTRC","CG852","BG_COL         ","ZFEF7YYO","OST  ","EUR","0REF4EYL","SIEESUTN","0REF4FMA","610011","ZFEF7YYO      ","29111.11","Y","HFIEU","LS2BATCH","LS2BATCH","2020-08-26 10:46:00","2020-11-17 19:41:22","          ","60000366       ",""
"W1EFIOLD","LOANINTEVAR    ","INTRC","CG852","BG_COL         ","ZIEF9MNN","OST  ","EUR","V8EF4706","5QEF3VVU","V8EF471U","610011","ZIEF9MNN      ","26.2","Y","HFIEU","LS2BATCH","LS2BATCH","2020-08-26 10:46:00","2020-11-17 19:41:22","          ","60000419       ",""
"W1EFIOLE","LOANINTEVAR    ","INTRC","CG852","BG_COL         ","ZIEF9NP7","OST  ","EUR","V8EF4706","5QEF3VVU","V8EF471U","610011","ZIEF9NP7      ","30.69","Y","HFIEU","LS2BATCH","LS2BATCH","2020-08-26 10:46:00","2020-11-17 19:41:22","          ","60000420       ",""
"W1EFIOLF","LOANINTEVAR    ","INTRC","CG852","BG_COL         ","ZIEF9NY0","OST  ","EUR","V8EF4706","5QEF3VVU","V8EF471U","610011","ZIEF9NY0      ","0.52","Y","HFIEU","LS2BATCH","LS2BATCH","2020-08-26 10:46:00","2020-11-17 19:41:22","          ","60000421       ",""
"W1EFIOLG","FEESIBLDREC    ","FEERC","CG852","BG_COL         ","0REF4FV7","FEE  ","EUR","0REF4EYL","SIEESUTN","0REF4FMA","610011","0REF4FMA      ","49927.21","Y","HFIEU","LS2BATCH","LS2BATCH","2020-08-26 10:46:00","2020-11-17 19:41:27","          ","","UNUT "
"W1EFIOLR","FEESIBLDREC    ","FEERC","CG852","BG_COL         ","3ZEFFD41","FEE  ","EUR","3ZEFFD20","ZHEF7YY1","3ZEFFD2W","610011","3ZEFFD2W      ","3451315.06","Y","HFIEU","LS2BATCH","LS2BATCH","2020-08-26 10:46:00","2020-11-17 19:41:28","          ","","UNUT "
"W1EFIOLS","FEESIBLDREC    ","FEERC","CG852","BG_COL         ","3.EFFE0Q","FEE  ","EUR","3.EFFDYP","ZHEF7YY1","3.EFFDZL","610011","3.EFFDZL      ","3543123.28","Y","HFIEU","LS2BATCH","LS2BATCH","2020-08-26 10:46:00","2020-11-17 19:41:28","          ","","UNUT "
"W1EFIOLH","FEESIBLDREC    ","FEERC","CG852","BP_COL         ","S#EESVSH","FEE  ","EUR","S#EESVPY","SIEESUTN","S#EESVR1","610011","S#EESVR1      ","421011.39","Y","HFIEU","LS2BATCH","LS2BATCH","2020-08-26 10:46:00","2020-11-17 19:41:27","          ","","UNUT "
"W1EFIOLI","FEESIBLDREC    ","FEERC","CG852","BG_COL         ","SUEBXL2M","FEE  ","EUR","SUEBXL0I","?ZE4CIA6","SUEBXL2B","610011","SUEBXL2B      ","8658739.73","Y","HFIEU","LS2BATCH","LS2BATCH","2020-08-26 10:46:00","2020-11-17 19:41:27","          ","","UNUT "
"W1EFIOLJ","FEESIBLDREC    ","FEERC","CG852","IT_SAF         ","Q4EDGQM9","FEE  ","EUR",":*EDG12Y","I-EDB3F1","Q4EDGQL9","610011","Q4EDGQL9      ","1273611.11","Y","HFIEU","LS2BATCH","LS2BATCH","2020-08-26 10:46:00","2020-11-17 19:41:27","          ","","UNUT "
"W1EFIOLK","FEESIBLDREC    ","FEERC","CG852","IT_SAF         ","QFEDH1TP","FEE  ","EUR",":*EDG12Y","I-EDB3F1","QFEDH1QH","610011","QFEDH1QH      ","509444.43","Y","HFIEU","LS2BATCH","LS2BATCH","2020-08-26 10:46:00","2020-11-17 19:41:27","          ","","UNUT "
"W1EFIOLL","FEESIBLDREC    ","FEERC","CG852","IT_SAF         ","Q+EDKVZT","FEE  ","EUR","Q+EDKVCZ","I-EDB3F1","Q+EDKVL5","610011","Q+EDKVL5      ","764166.67","Y","HFIEU","LS2BATCH","LS2BATCH","2020-08-26 10:46:00","2020-11-17 19:41:27","          ","","UNUT "
"W1EFIOLM","FEESIBLDREC    ","FEERC","CG852","BG_COL         ","SUEBXL1J","FEE  ","EUR","SUEBXL0I","?ZE4CIA6","SUEBXL18","610011","SUEBXL18      ","5830137","Y","HFIEU","LS2BATCH","LS2BATCH","2020-08-26 10:46:00","2020-11-17 19:41:27","          ","","UNUT "
"W1EFIOLN","FEESIBLDREC    ","FEERC","CG852","IT_SAF         ","QFEDH1OY","FEE  ","EUR",":*EDG12Y","I-EDB3F1","QFEDH1MI","610011","QFEDH1MI      ","764166.67","Y","HFIEU","LS2BATCH","LS2BATCH","2020-08-26 10:46:00","2020-11-17 19:41:27","          ","","UNUT "
"W1EFIOLO","FEESIBLDREC    ","FEERC","CG852","IT_SAF         ","Q+EDKWM4","FEE  ","EUR","Q+EDKVCZ","I-EDB3F1","Q+EDKW7K","610011","Q+EDKW7K      ","509444.43","Y","HFIEU","LS2BATCH","LS2BATCH","2020-08-26 10:46:00","2020-11-17 19:41:27","          ","","UNUT "
"W1EFIOLP","FEESIBLDREC    ","FEERC","CG852","BG_COL         ",".FEF9SX4","FEE  ","EUR",".FEF9QSQ","SIEESUTN",".FEF9QTS","610011",".FEF9QTS      ","131000","Y","HFIEU","LS2BATCH","LS2BATCH","2020-08-26 10:46:00","2020-11-17 19:41:27","          ","","UNUT "
"W1EFIOLT","FEESIBLDREC    ","FEERC","CG852","BG_COL         ","@-EFH7C0","FEE  ","EUR","@-EFH363","ZHEF7YY1","@-EFH76E","610011","@-EFH76E      ","1056853.97","Y","HFIEU","LS2BATCH","LS2BATCH","2020-08-26 10:46:00","2020-11-17 19:41:28","          ","","UNUT "
"W1EFIOLU","FEESIBLDREC    ","FEERC","CG852","BG_COL         ","V8EF4733","FEE  ","EUR","V8EF4706","5QEF3VVU","V8EF471U","610011","V8EF471U      ","91193.19","Y","HFIEU","LS2BATCH","LS2BATCH","2020-08-26 10:46:00","2020-11-17 19:41:27","          ","","UNUT "
"W1EFIOLV","FEESIBLDREC    ","FEERC","CG852","BG_COL         ","C6EFHASQ","FEE  ","EUR","C6EFHAQ1","ZHEF7YY1","C6EFHAR6","610011","C6EFHAR6      ","954024.67","Y","HFIEU","LS2BATCH","LS2BATCH","2020-08-26 10:46:00","2020-11-17 19:41:28","          ","","UNUT "
"W1EFIOLW","FEESIBLDREC    ","FEERC","CG852","IT_SAF         ","Q+EDKVGH","FEE  ","EUR","Q+EDKVCZ","I-EDB3F1","Q+EDKVFH","610011","Q+EDKVFH      ","1273611.11","Y","HFIEU","LS2BATCH","LS2BATCH","2020-08-26 10:46:00","2020-11-17 19:41:27","          ","","UNUT "
"W1EFIOLX","FEESIBLDREC    ","FEERC","CG852","BG_COL         ","@+EFH6Y2","FEE  ","EUR","3MEFH2AH","SIEESUTN","@+EFH6WT","610011","@+EFH6WT      ","145555.57","Y","HFIEU","LS2BATCH","LS2BATCH","2020-08-26 10:46:00","2020-11-17 19:41:27","          ","","UNUT "
"W1EFIOLY","FEESIBLDREC    ","FEERC","CG852","BP_COL         ","(7EFGY14","FEE  ","EUR","(7EFGXIA","SIEESUTN","(7EFGXST","610011","(7EFGXST      ","37098.99","Y","HFIEU","LS2BATCH","LS2BATCH","2020-08-26 10:46:00","2020-11-17 19:41:27","          ","","UNUT "
"W1EFIOLZ","FEESIBLDREC    ","FEERC","CG852","BG_COL         ","?XEBVXQJ","FEE  ","EUR","?.EBVNFE","?ZE4CIA6","?XEBVXIH","610011","?XEBVXIH      ","5598904.11","Y","HFIEU","LS2BATCH","LS2BATCH","2020-08-26 10:46:00","2020-11-17 19:41:27","          ","","UNUT "
"W1EFIOM0","FEESIBLDREC    ","FEERC","CG852","BG_COL         ","YZEFF053","FEE  ","EUR","YZEFEWH5",")?EF8978","YZEFEXAM","610011","YZEFEXAM      ","3105925.04","Y","HFIEU","LS2BATCH","LS2BATCH","2020-08-26 10:46:00","2020-11-17 19:41:29","          ","","UNUT "
"W1EFIOM1","FEESIBLDREC    ","FEERC","CG852","BG_COL         ","@EEFH3UJ","FEE  ","EUR","@EEFGXO8",")?EF8978","@EEFH10F","610011","@EEFH10F      ","5615301.59","Y","HFIEU","LS2BATCH","LS2BATCH","2020-08-26 10:46:00","2020-11-17 19:41:27","          ","","UNUT "
"W1EFIOM2","FEESIBLDREC    ","FEERC","CG852","BG_COL         ","?REBVOZX","FEE  ","EUR","?.EBVNFE","?ZE4CIA6","?REBVOYO","610011","?REBVOYO      ","11456219.18","Y","HFIEU","LS2BATCH","LS2BATCH","2020-08-26 10:46:00","2020-11-17 19:41:27","          ","","UNUT "
"W1EFIOM3","FEESIBLDREC    ","FEERC","CG852","BG_COL         ","Y5EFF56S","FEE  ","EUR","Y5EFF54H","SIEESUTN","Y5EFF559","610011","Y5EFF559      ","40980.79","Y","HFIEU","LS2BATCH","LS2BATCH","2020-08-26 10:46:00","2020-11-17 19:41:27","          ","","UNUT "
"W1EFIOM4","FEESIBLDREC    ","FEERC","CG852","BG_COL         ","9ZEF82HP","FEE  ","EUR","9ZEF82FK","ZHEF7YY1","9ZEF82GL","610011","9ZEF82GL      ","3096450.11","Y","HFIEU","LS2BATCH","LS2BATCH","2020-08-26 10:46:00","2020-11-17 19:41:29","          ","","UNUT "
"H+EFJ1VG","LOANPRNEFIX    ","PRINC","CG852","BG_COL         ","H+EFJ1OL","OST  ","EUR","0REF4EYL","SIEESUTN","0REF4FMA","610011","H+EFJ1OL      ","697900","Y","HFIEU","LIQUSR03","LS2BATCH","2020-08-26 15:36:13","2020-11-17 19:41:37","          ","60000527       ",""
"H+EFJ2QX","LOANPRNEFIX    ","PRINC","CG852","BG_COL         ","H+EFJ2J9","OST  ","EUR","0REF4EYL","SIEESUTN","0REF4FMA","610011","H+EFJ2J9      ","598816.57","Y","HFIEU","LIQUSR03","LS2BATCH","2020-08-26 15:49:15","2020-11-17 19:41:35","          ","60000530       ",""
"H8EFJ2MW","LOANPRNEVAR    ","PRINC","CG852","BP_COL         ","HZEFJ1HC","OST  ","EUR","S#EESVPY","SIEESUTN","S#EESVR1","610011","HZEFJ1HC      ","9900","Y","HFIEU","RPTSUP01","LS2BATCH","2020-08-26 15:52:57","2020-11-17 19:41:36","          ","60000525       ",""
"!3EG526J","LOANPRNEVAR    ","PRINC","CG852","BG_COL         ","!TEG50VR","OST  ","EUR","9ZEF82FK","ZHEF7YY1","9ZEF82GL","610011","!TEG50VR      ","1300000","Y","HFIEU","JANICEA1","LS2BATCH","2020-09-07 11:24:19","2020-11-17 19:41:36","          ","60000659       ",""
"FQEG7DE8","LOANPRNEVAR    ","PRINC","CG852","BG_COL         ","F?EG7BYL","OST  ","EUR","9ZEF82FK","ZHEF7YY1","9ZEF82GL","610011","F?EG7BYL      ","1700000","Y","HFIEU","JANICEA1","LS2BATCH","2020-09-08 18:26:11","2020-11-17 19:41:37","          ","60000703       ",""
"IHEFMJ1U","LOANPRNEVAR    ","PRINC","CG852","BG_COL         ","J!EFFB21","OST  ","EUR","V8EF4706","5QEF3VVU","V8EF471U","610011","J!EFFB21      ","213","Y","HFIEU","LIQUSR05","LS2BATCH","2020-08-28 09:52:06","2020-11-17 19:41:36","          ","60000457       ",""
"IHEFMKAH","LOANPRNEVAR    ","PRINC","CG852","BG_COL         ","IHEFMJUB","OST  ","EUR","V8EF4706","5QEF3VVU","V8EF471U","610011","IHEFMJUB      ","400","Y","HFIEU","LIQUSR05","LS2BATCH","2020-08-28 11:08:27","2020-11-17 19:41:36","          ","60000603       ",""
"-*EFSG8Z","LOANPRNEVAR    ","PRINC","CG852","BP_COL         ","-LEFSEVP","OST  ","EUR","(7EFGUDN","SIEESUTN","(7EFGUEQ","610011","-LEFSEVP      ","3200","Y","HFIEU","RPTSUP01","LS2BATCH","2020-08-31 17:17:00","2020-11-17 19:41:36","          ","60000632       ",""
"#CEFU1V2","LOANPRNEVAR    ","PRINC","CG852","BG_COL         ","#AEFTQWG","OST  ","EUR","YZEFEWH5",")?EF8978","YZEFEXAM","610011","#AEFTQWG      ","600000","Y","HFIEU","MANZANOM","LS2BATCH","2020-09-01 13:21:07","2020-11-17 19:41:35","          ","60000636       ",""
"#CEFU1V3","LOANPRNEVAR    ","PRINC","CG852","BG_COL         ","#AEFTQDM","OST  ","EUR","YZEFEWH5",")?EF8978","YZEFEXAM","610011","#AEFTQDM      ","700000","Y","HFIEU","MANZANOM","LS2BATCH","2020-09-01 13:21:07","2020-11-17 19:41:36","          ","60000634       ",""
"#FEFUIBM","LOANPRNEVAR    ","PRINC","CG852","BP_COL         ","#!EFUH6R","OST  ","EUR","(7EFGXIA","SIEESUTN","(7EFGXST","610011","#!EFUH6R      ","1500","Y","HFIEU","RPTSUP01","LS2BATCH","2020-09-01 20:06:29","2020-11-17 19:41:37","          ","60000639       ",""
"+QEFZV3M","LOANPRNEVAR    ","PRINC","CG852","BP_COL         ","0-EFZSFV","OST  ","EUR","S#EESVPY","SIEESUTN","S#EESVR1","610011","0-EFZSFV      ","600","Y","HFIEU","RPTSUP01","LS2BATCH","2020-09-04 17:30:54","2020-11-17 19:41:35","          ","60000657       ",""
"O5EGCIED","LOANPRNEVAR    ","PRINC","CG852","BG_COL         ","OSEGCH4C","OST  ","EUR","C6EFHAQ1","ZHEF7YY1","C6EFHAR6","610011","OSEGCH4C      ","630000","Y","HFIEU","JANICEA1","LS2BATCH","2020-09-11 13:04:45","2020-11-17 19:41:36","          ","60000742       ",""
"Y9EH67SK","LOANPRNEFIX    ","PRINC","CG852","BG_COL         ","OGEGCLGB","OST  ","EUR","C6EFHAQ1","ZHEF7YY1","C6EFHAR6","610011","OGEGCLGB      ","660000","Y","HFIEU","JANICEA1","LS2BATCH","2020-09-11 14:03:46","2020-11-17 19:41:37","          ","60000746       ",""
"Y*EGCSDP","LOANPRNEFIX    ","PRINC","CG852","BG_COL         ","YVEGDOZV","OST  ","EUR","IREFMCO3",")?EF8978","I:EFMEGK","610011","YVEGDOZV      ","10000","Y","HFIEU","RPTSUP01","LS2BATCH","2020-09-11 17:00:40","2020-11-17 19:41:37","          ","60000752       ",""
"Y*EGCSLL","LOANPRNEVAR    ","PRINC","CG852","BP_COL         ","YVEGE4PI","OST  ","EUR","#!EFTROA","SIEESUTN","#!EFTRT9","610011","YVEGE4PI      ","5500","Y","HFIEU","RPTSUP01","LS2BATCH","2020-09-11 17:04:03","2020-11-17 19:41:35","          ","60000755       ",""
"@FEGGT2Y","LOANINTEFIX    ","INTRC","CG852","BG_COL         ","OCEGCH22","OST  ","EUR","IREFMCO3",")?EF8978","I:EFMEGK","610011","OCEGCH22      ","50958.97","Y","HFIEU","LS2BATCH","LS2BATCH","2020-09-13 21:01:43","2020-11-17 19:41:22","          ","60000745       ",""
"@FEGGT2Z","LOANINTEFIX    ","INTRC","CG852","BG_COL         ","OGEGCLGB","OST  ","EUR","C6EFHAQ1","ZHEF7YY1","C6EFHAR6","610011","OGEGCLGB      ","45205","Y","HFIEU","LS2BATCH","LS2BATCH","2020-09-13 21:01:43","2020-11-17 19:41:22","          ","60000746       ",""
"@FEGGT30","LOANINTEVAR    ","INTRC","CG852","BG_COL         ","OSEGCH4C","OST  ","EUR","C6EFHAQ1","ZHEF7YY1","C6EFHAR6","610011","OSEGCH4C      ","51780","Y","HFIEU","LS2BATCH","LS2BATCH","2020-09-13 21:01:43","2020-11-17 19:41:22","          ","60000742       ",""
"H8EFJ046","LOANPRNEVAR    ","PRINC","CG852","BP_COL         ","HZEFIZFY","OST  ","EUR","(7EFGUDN","SIEESUTN","(7EFGUEQ","610011","HZEFIZFY      ","30000","Y","HFIEU","RPTSUP01","LS2BATCH","2020-08-26 14:58:29","2020-11-17 19:41:36","          ","60000519       ",""
"TTEGB12E","LOANINTEVAR    ","INTRC","CG852","BG_COL         ","F?EG7BYL","OST  ","EUR","9ZEF82FK","ZHEF7YY1","9ZEF82GL","610011","F?EG7BYL      ","143916.76","Y","HFIEU","LS2BATCH","LS2BATCH","2020-09-10 18:08:38","2020-11-17 19:41:21","          ","60000703       ",""
"#FEFUGHE","LOANPRNEVAR    ","PRINC","CG852","BP_COL         ","#!EFUAOU","OST  ","EUR","#!EFTROA","SIEESUTN","#!EFTRT9","610011","#!EFUAOU      ","60000","Y","HFIEU","RPTSUP01","LS2BATCH","2020-09-01 19:26:35","2020-11-17 19:41:37","          ","60000638       ",""
":TEFW6R6","LOANPRNEVAR    ","PRINC","CG852","BP_COL         ","B*EFVX86","OST  ","EUR","#!EFTROA","SIEESUTN","#!EFTRT9","610011","B*EFVX86      ","108","Y","HFIEU","MANZANOM","LS2BATCH","2020-09-02 17:53:07","2020-11-17 19:41:37","          ","60000641       ",""
"TTEGB12F","LOANINTEVAR    ","INTRC","CG852","BG_COL         ","FJEG71OI","OST  ","EUR","YZEFEWH5",")?EF8978","YZEFEXAM","610011","FJEG71OI      ","94054.45","Y","HFIEU","LS2BATCH","LS2BATCH","2020-09-10 18:08:38","2020-11-17 19:41:21","          ","60000690       ",""
"TTEGB12G","LOANINTEVAR    ","INTRC","CG852","BG_COL         ","FJEG73SD","OST  ","EUR","YZEFEWH5",")?EF8978","YZEFEXAM","610011","FJEG73SD      ","246916.76","Y","HFIEU","LS2BATCH","LS2BATCH","2020-09-10 18:08:38","2020-11-17 19:41:21","          ","60000696       ",""
"Y;EGCQRD","LOANPRNEVAR    ","PRINC","CG852","BG_COL         ","Y(EGCPGU","OST  ","EUR","C6EFHAQ1","ZHEF7YY1","C6EFHAR6","610011","Y(EGCPGU      ","690000","Y","HFIEU","JANICEA1","LS2BATCH","2020-09-11 14:28:21","2020-11-17 19:41:36","          ","60000747       ",""
"YWEH6DLC","LOANPRNEFIX    ","PRINC","CG852","BG_COL         ","YREGCR95","OST  ","EUR","C6EFHAQ1","ZHEF7YY1","C6EFHAR6","610011","YREGCR95      ","720000","Y","HFIEU","JANICEA1","LS2BATCH","2020-09-11 14:36:31","2020-11-17 19:41:35","          ","60000748       ",""
"@FEGGT31","LOANINTEVAR    ","INTRC","CG852","BP_COL         ","OWEGCGLE","OST  ","EUR","S#EESVPY","SIEESUTN","S#EESVR1","610011","OWEGCGLE      ","315.69","Y","HFIEU","LS2BATCH","LS2BATCH","2020-09-13 21:01:43","2020-11-17 19:41:22","          ","60000739       ",""
"@FEGGT32","LOANINTEVAR    ","INTRC","CG852","BP_COL         ","OWEGCGRA","OST  ","EUR","S#EESVPY","SIEESUTN","S#EESVR1","610011","OWEGCGRA      ","1133.92","Y","HFIEU","LS2BATCH","LS2BATCH","2020-09-13 21:01:43","2020-11-17 19:41:22","          ","60000740       ",""
"@FEGGT34","LOANINTEFIX    ","INTRC","CG852","BP_COL         ","OWEGCHFR","OST  ","EUR","S#EESVPY","SIEESUTN","S#EESVR1","610011","OWEGCHFR      ","1156.44","Y","HFIEU","LS2BATCH","LS2BATCH","2020-09-13 21:01:43","2020-11-17 19:41:22","          ","60000743       ",""
"@FEGGT35","LOANINTEVAR    ","INTRC","CG852","BG_COL         ","Y(EGCPGU","OST  ","EUR","C6EFHAQ1","ZHEF7YY1","C6EFHAR6","610011","Y(EGCPGU      ","56710.04","Y","HFIEU","LS2BATCH","LS2BATCH","2020-09-13 21:01:43","2020-11-17 19:41:22","          ","60000747       ",""
"@FEGGT36","LOANINTEFIX    ","INTRC","CG852","BG_COL         ","YREGCR95","OST  ","EUR","C6EFHAQ1","ZHEF7YY1","C6EFHAR6","610011","YREGCR95      ","49315","Y","HFIEU","LS2BATCH","LS2BATCH","2020-09-13 21:01:43","2020-11-17 19:41:22","          ","60000748       ",""
"@FEGGT3A","LOANINTEFIX    ","INTRC","CG852","BG_COL         ","YVEGDOZV","OST  ","EUR","IREFMCO3",")?EF8978","I:EFMEGK","610011","YVEGDOZV      ","685","Y","HFIEU","LS2BATCH","LS2BATCH","2020-09-13 21:01:43","2020-11-17 19:41:22","          ","60000752       ",""
"@FEGGT3B","LOANINTEVAR    ","INTRC","CG852","BP_COL         ","YVEGE4PI","OST  ","EUR","#!EFTROA","SIEESUTN","#!EFTRT9","610011","YVEGE4PI      ","304.92","Y","HFIEU","LS2BATCH","LS2BATCH","2020-09-13 21:01:43","2020-11-17 19:41:22","          ","60000755       ",""
"H*EFIZU6","LOANPRNEVAR    ","PRINC","CG852","BG_COL         ","HREFIUF7","OST  ","EUR","9ZEF82FK","ZHEF7YY1","9ZEF82GL","610011","HREFIUF7      ","1500000","Y","HFIEU","JAQUITAN","LS2BATCH","2020-08-26 14:52:00","2020-11-17 19:41:37","          ","60000511       ",""
"44EG5AV7","LOANINTEVAR    ","INTRC","CG852","BG_COL         ","!(EG52QL","OST  ","EUR","9ZEF82FK","ZHEF7YY1","9ZEF82GL","610011","!(EG52QL      ","263.01","Y","HFIEU","LS2BATCH","LS2BATCH","2020-09-07 15:54:43","2020-11-17 19:41:20","          ","60000660       ",""
"0.EJFG89","FEESIBLDREC    ","FEERC","CG852","IT_COL         ","5LEJELZ2","FEE  ","EUR","Q.EJEGLJ","$$EHNARP","5LEJELY3","610011","5LEJELY3      ","36986.3","Y","HFIEU","LS2BATCH","LS2BATCH","2020-11-10 11:07:21","2020-11-17 19:41:27","          ","","UNUT "
"H+EFJ2EJ","LOANPRNEFIX    ","PRINC","CG852","BG_COL         ","H+EFJ25O","OST  ","EUR","0REF4EYL","SIEESUTN","0REF4FMA","610011","H+EFJ25O      ","798422.09","Y","HFIEU","LIQUSR03","LS2BATCH","2020-08-26 15:45:31","2020-11-17 19:41:36","          ","60000529       ",""
"44EG5AV8","LOANINTEVAR    ","INTRC","CG852","BG_COL         ","!1EG56OY","OST  ","EUR","9ZEF82FK","ZHEF7YY1","9ZEF82GL","610011","!1EG56OY      ","94207.22","Y","HFIEU","LS2BATCH","LS2BATCH","2020-09-07 15:54:43","2020-11-17 19:41:20","          ","60000663       ",""
"0OEFZG7M","LOANPRNEVAR    ","PRINC","CG852","BP_COL         ","04EFZDZF","OST  ","EUR","S#EESVPY","SIEESUTN","S#EESVR1","610011","04EFZDZF      ","3200","Y","HFIEU","RPTMGR01","LS2BATCH","2020-09-04 12:09:21","2020-11-17 19:41:36","          ","60000655       ",""
"7JEFKZM5","LOANPRNEVAR    ","PRINC","CG852","BG_COL         ","S!EFKY0T","OST  ","EUR","@EEFGXO8",")?EF8978","@EEFH10F","610011","S!EFKY0T      ","1011000","Y","HFIEU","MANZANOM","LS2BATCH","2020-08-27 16:07:37","2020-11-17 19:41:37","          ","60000567       ",""
"N+EFL3UZ","LOANPRNEVAR    ","PRINC","CG852","BG_COL         ","7GEFL2JQ","OST  ","EUR","@EEFGXO8",")?EF8978","@EEFH10F","610011","7GEFL2JQ      ","1210000","Y","HFIEU","MANZANOM","LS2BATCH","2020-08-27 18:10:23","2020-11-17 19:41:37","          ","60000576       ",""
"44EG5AVA","LOANINTEVAR    ","INTRC","CG852","BG_COL         ","!TEG50VR","OST  ","EUR","9ZEF82FK","ZHEF7YY1","9ZEF82GL","610011","!TEG50VR      ","129895.69","Y","HFIEU","LS2BATCH","LS2BATCH","2020-09-07 15:54:43","2020-11-17 19:41:20","          ","60000659       ",""
"XDEFL9I8","LOANPRNEVAR    ","PRINC","CG852","BG_COL         ","X=EFL8BR","OST  ","EUR","YZEFEWH5",")?EF8978","YZEFEXAM","610011","X=EFL8BR      ","1700000","Y","HFIEU","MANZANOM","LS2BATCH","2020-08-27 20:16:18","2020-11-17 19:41:35","          ","60000587       ",""
"0.EJFG8A","FEESIBLDREC    ","FEERC","CG852","BG_COL         ","Q.EJEGPL","FEE  ","EUR","Q.EJEGLJ","$$EHNARP","Q.EJEGOA","610011","Q.EJEGOA      ","88767.12","Y","HFIEU","LS2BATCH","LS2BATCH","2020-11-10 11:07:21","2020-11-17 19:41:27","          ","","UNUT "
"IHEFMIVG","LOANPRNEVAR    ","PRINC","CG852","BG_COL         ","44EF64ER","OST  ","EUR","V8EF4706","5QEF3VVU","V8EF471U","610011","44EF64ER      ","750","Y","HFIEU","LIQUSR05","LS2BATCH","2020-08-28 09:39:25","2020-11-17 19:41:36","          ","60000298       ",""
"0OEFZGLT","LOANPRNEVAR    ","PRINC","CG852","BP_COL         ","04EFZE6G","OST  ","EUR","S#EESVPY","SIEESUTN","S#EESVR1","610011","04EFZE6G      ","5050","Y","HFIEU","RPTMGR01","LS2BATCH","2020-09-04 12:17:47","2020-11-17 19:41:36","          ","60000656       ",""
"#SEGLPLK","LOANINTEVAR    ","INTRC","CG852","BG_COL         ","-VEGLP8S","OST  ","EUR","YZEFEWH5",")?EF8978","YZEFEXAM","610011","-VEGLP8S      ","10172.24","Y","HFIEU","LS2BATCH","LS2BATCH","2020-09-16 12:34:32","2020-11-17 19:41:20","          ","60000859       ",""
"BVEGM3V2","LOANPRNEVAR    ","PRINC","CG852","BG_COL         ","B#EGM233","OST  ","GBP","9ZEF82FK","ZHEF7YY1","9ZEF82GL","610011","B#EGM233      ","1000000","Y","HFIEU","JANICEA1","LS2BATCH","2020-09-16 16:27:06","2020-11-17 19:41:37","          ","60000861       ",""
"USEGPH2H","LOANPRNEVAR    ","PRINC","CG852","BP_COL         ","UMEGPG4V","OST  ","NOK","(7EFGXIA","SIEESUTN","(7EFGXST","610011","UMEGPG4V      ","5800","Y","HFIEU","RPTMGR01","LS2BATCH","2020-09-18 12:50:10","2020-11-17 19:41:35","          ","60000924       ",""
"Z2EGPJH0","LOANINTEVAR    ","INTRC","CG852","BG_COL         ","ACEGO0MK","OST  ","EUR","YZEFEWH5",")?EF8978","YZEFEXAM","610011","ACEGO0MK      ","108.49","Y","HFIEU","LS2BATCH","LS2BATCH","2020-09-18 14:12:35","2020-11-17 19:41:21","          ","60000903       ",""
"Z2EGPJH1","LOANINTEVAR    ","INTRC","CG852","BG_COL         ","KIEGPC52","OST  ","EUR","YZEFEWH5",")?EF8978","YZEFEXAM","610011","KIEGPC52      ","21032.39","Y","HFIEU","LS2BATCH","LS2BATCH","2020-09-18 14:12:35","2020-11-17 19:41:22","          ","60000920       ",""
"Z2EGPJH2","LOANINTEVAR    ","INTRC","CG852","BG_COL         ","KIEGPCDP","OST  ","EUR","YZEFEWH5",")?EF8978","YZEFEXAM","610011","KIEGPCDP      ","18108.64","Y","HFIEU","LS2BATCH","LS2BATCH","2020-09-18 14:12:35","2020-11-17 19:41:22","          ","60000921       ",""
"Z2EGPJH4","LOANINTEVAR    ","INTRC","CG852","BG_COL         ","P!EGO5B1","OST  ","EUR","YZEFEWH5",")?EF8978","YZEFEXAM","610011","P!EGO5B1      ","25173.56","Y","HFIEU","LS2BATCH","LS2BATCH","2020-09-18 14:12:35","2020-11-17 19:41:22","          ","60000911       ",""
"Z2EGPJH5","LOANINTEVAR    ","INTRC","CG852","BG_COL         ","P3EGO6VJ","OST  ","EUR","9ZEF82FK","ZHEF7YY1","9ZEF82GL","610011","P3EGO6VJ      ","542.47","Y","HFIEU","LS2BATCH","LS2BATCH","2020-09-18 14:12:35","2020-11-17 19:41:22","          ","60000912       ",""
"Z2EGPJH6","LOANINTEVAR    ","INTRC","CG852","BG_COL         ","PHEGO8R1","OST  ","GBP","9ZEF82FK","ZHEF7YY1","GREGNHU7","610011","PHEGO8R1      ","493.15","Y","HFIEU","LS2BATCH","LS2BATCH","2020-09-18 14:12:35","2020-11-17 19:41:22","          ","60000913       ",""
"Z2EGPJH7","LOANINTEVAR    ","INTRC","CG852","BP_COL         ","UMEGPG4V","OST  ","NOK","(7EFGXIA","SIEESUTN","(7EFGXST","610011","UMEGPG4V      ","313.36","Y","HFIEU","LS2BATCH","LS2BATCH","2020-09-18 14:12:35","2020-11-17 19:41:22","          ","60000924       ",""
"Q)EH9NFX","LOANPRNEFIX    ","PRINC","CG852","BG_COL         ",":+EH7WYB","OST  ","EUR","YZEFEWH5",")?EF8978","YZEFEXAM","610011",":+EH7WYB      ","200000","Y","HFIEU","MANZANOM","LS2BATCH","2020-09-28 12:43:35","2020-11-17 19:41:35","          ","60001027       ",""
"Q)EH9NN1","LOANPRNEFIX    ","PRINC","CG852","BG_COL         ",":+EH8RLZ","OST  ","EUR","YZEFEWH5",")?EF8978","YZEFEXAM","610011",":+EH8RLZ      ","210000","Y","HFIEU","MANZANOM","LS2BATCH","2020-09-28 12:46:01","2020-11-17 19:41:37","          ","60001028       ",""
"4OEHBV3V","LOANPRNEFIX    ","PRINC","CG852","BP_COL         ","4.EHBQJE","OST  ","EUR","(7EFGXIA","SIEESUTN","(7EFGXST","610011","4.EHBQJE      ","86000","Y","HFIEU","RPTSUP01","LS2BATCH","2020-09-30 14:35:19","2020-11-17 19:41:36","          ","60001057       ",""
"+.EHBJPJ","LOANPRNEVAR    ","PRINC","CG852","BG_COL         ","+.EHBIRF","OST  ","EUR","V8EF4706","5QEF3VVU","V8EF471U","610011","+.EHBIRF      ","13200","Y","HFIEU","LIQUSR05","LS2BATCH","2020-09-30 09:33:53","2020-11-17 19:41:37","          ","60001046       ",""
"+(EHBMI6","LOANPRNEVAR    ","PRINC","CG852","BG_COL         ","+.EHBLOA","OST  ","EUR","V8EF4706","5QEF3VVU","V8EF471U","610011","+.EHBLOA      ","21300","Y","HFIEU","LIQSVR05","LS2BATCH","2020-09-30 10:33:24","2020-11-17 19:41:35","          ","60001055       ",""
"#AEGLQ5Y","LOANPRNEVAR    ","PRINC","CG852","BG_COL         ","-VEGLP8S","OST  ","EUR","YZEFEWH5",")?EF8978","YZEFEXAM","610011","-VEGLP8S      ","125000","Y","HFIEU","MANZANOM","LS2BATCH","2020-09-16 12:21:40","2020-11-17 19:41:37","          ","60000859       ",""
":!EGM5PE","LOANPRNEVAR    ","PRINC","CG852","BG_COL         ","BGEGM4DB","OST  ","EUR","9ZEF82FK","ZHEF7YY1","9ZEF82GL","610011","BGEGM4DB      ","1000000","Y","HFIEU","JANICEA1","LS2BATCH","2020-09-16 17:07:04","2020-11-17 19:41:36","          ","60000862       ",""
":JEGMC1L","LOANPRNEVAR    ","PRINC","CG852","BP_COL         ","B+EGMA8L","OST  ","CHF","S#EESVPY","SIEESUTN","S#EESVR1","610011","B+EGMA8L      ","9800","Y","HFIEU","RPTSUP01","LS2BATCH","2020-09-16 20:44:47","2020-11-17 19:41:36","          ","60000867       ",""
":JEGMCEL","LOANPRNEVAR    ","PRINC","CG852","BP_COL         ","B+EGM9Y5","OST  ","THB","S#EESVPY","SIEESUTN","S#EESVR1","610011","B+EGM9Y5      ","11500","Y","HFIEU","RPTSUP01","LS2BATCH","2020-09-16 20:51:38","2020-11-17 19:41:37","          ","60000866       ",""
"+LEGNYH6","LOANPRNEFIX    ","PRINC","CG852","BG_COL         ","0AEGNRGP","OST  ","EUR","0REF4EYL","SIEESUTN","0REF4FMA","610011","0AEGNRGP      ","1933.75","Y","HFIEU","LIQSVR04","LS2BATCH","2020-09-17 14:47:07","2020-11-17 19:41:36","          ","60000879       ",""
"KQEGPDQU","LOANPRNEVAR    ","PRINC","CG852","BG_COL         ","KIEGPCDP","OST  ","EUR","YZEFEWH5",")?EF8978","YZEFEXAM","610011","KIEGPCDP      ","223000","Y","HFIEU","MANZANOM","LS2BATCH","2020-09-18 10:23:22","2020-11-17 19:41:35","          ","60000921       ",""
"9JEGPPR0","LOANPRNEVAR    ","PRINC","CG852","BG_COL         ","9FEGPOG0","OST  ","EUR","YZEFEWH5",")?EF8978","YZEFEXAM","610011","9FEGPOG0      ","219000","Y","HFIEU","MANZANOM","LS2BATCH","2020-09-18 14:54:37","2020-11-17 19:41:37","          ","60000935       ",""
"9MEGPRIX","LOANPRNEVAR    ","PRINC","CG852","BG_COL         ","9@EGPQ6A","OST  ","GBP","9ZEF82FK","ZHEF7YY1","GREGNHU7","610011","9@EGPQ6A      ","1000000","Y","HFIEU","JANICEA2","LS2BATCH","2020-09-18 15:11:18","2020-11-17 19:41:35","          ","60000938       ",""
"9LEGPRND","LOANPRNEVAR    ","PRINC","CG852","BG_COL         ","9$EGPQEM","OST  ","EUR","YZEFEWH5",")?EF8978","YZEFEXAM","610011","9$EGPQEM      ","520000","Y","HFIEU","MANZANOM","LS2BATCH","2020-09-18 15:47:46","2020-11-17 19:41:37","          ","60000941       ",""
".9EGQ2C4","LOANINTEVAR    ","INTRC","CG852","BG_COL         ","9$EGPQEM","OST  ","EUR","YZEFEWH5",")?EF8978","YZEFEXAM","610011","9$EGPQEM      ","27925.07","Y","HFIEU","LS2BATCH","LS2BATCH","2020-09-18 21:00:04","2020-11-17 19:41:20","          ","60000941       ",""
".9EGQ2C5","LOANINTEVAR    ","INTRC","CG852","BG_COL         ","9@EGPQ6A","OST  ","GBP","9ZEF82FK","ZHEF7YY1","GREGNHU7","610011","9@EGPQ6A      ","53699.1","Y","HFIEU","LS2BATCH","LS2BATCH","2020-09-18 21:00:04","2020-11-17 19:41:20","          ","60000938       ",""
".9EGQ2C6","LOANINTEVAR    ","INTRC","CG852","BG_COL         ","9FEGPOG0","OST  ","EUR","YZEFEWH5",")?EF8978","YZEFEXAM","610011","9FEGPOG0      ","11760","Y","HFIEU","LS2BATCH","LS2BATCH","2020-09-18 21:00:04","2020-11-17 19:41:20","          ","60000935       ",""
".9EGQ2C7","LOANINTEVAR    ","INTRC","CG852","BG_COL         ","9ZEGPOGX","OST  ","EUR","9ZEF82FK","ZHEF7YY1","9ZEF82GL","610011","9ZEGPOGX      ","96657.4","Y","HFIEU","LS2BATCH","LS2BATCH","2020-09-18 21:00:04","2020-11-17 19:41:20","          ","60000934       ",""
"Q)EH9N8T","LOANPRNEFIX    ","PRINC","CG852","BG_COL         ",":+EH7WBA","OST  ","EUR","YZEFEWH5",")?EF8978","YZEFEXAM","610011",":+EH7WBA      ","190000","Y","HFIEU","MANZANOM","LS2BATCH","2020-09-28 12:41:21","2020-11-17 19:41:37","          ","60001026       ",""
"0REH9SUD","LOANINTEFIX    ","INTRC","CG852","BG_COL         ",":+EH7WBA","OST  ","EUR","YZEFEWH5",")?EF8978","YZEFEXAM","610011",":+EH7WBA      ","12571.23","Y","HFIEU","LS2BATCH","LS2BATCH","2020-09-29 12:47:01","2020-11-17 19:41:21","          ","60001026       ",""
"GYEH9TRQ","LOANPRNEVAR    ","PRINC","CG852","BG_COL         ","G)EH9SQ0","OST  ","EUR","9ZEF82FK","ZHEF7YY1","9ZEF82GL","610011","G)EH9SQ0      ","1300000","Y","HFIEU","JANICEA2","LS2BATCH","2020-09-29 11:35:36","2020-11-17 19:41:37","          ","60001038       ",""
"V:EH9WTT","LOANPRNEVAR    ","PRINC","CG852","BG_COL         ","V:EH9VG2","OST  ","EUR","IREFMCO3",")?EF8978","I:EFMEGK","610011","V:EH9VG2      ","509499.3","Y","HFIEU","LIQUSR05","LS2BATCH","2020-09-29 12:19:51","2020-11-17 19:41:37","          ","60001039       ",""
"0REH9SUE","LOANINTEFIX    ","INTRC","CG852","BG_COL         ",":+EH7WYB","OST  ","EUR","YZEFEWH5",")?EF8978","YZEFEXAM","610011",":+EH7WYB      ","15848.13","Y","HFIEU","LS2BATCH","LS2BATCH","2020-09-29 12:47:01","2020-11-17 19:41:21","          ","60001027       ",""
"0REH9SUF","LOANINTEFIX    ","INTRC","CG852","BG_COL         ",":+EH8RLZ","OST  ","EUR","YZEFEWH5",")?EF8978","YZEFEXAM","610011",":+EH8RLZ      ","19410.17","Y","HFIEU","LS2BATCH","LS2BATCH","2020-09-29 12:47:01","2020-11-17 19:41:21","          ","60001028       ",""
"0REH9SUG","LOANINTEVAR    ","INTRC","CG852","BG_COL         ","G)EH9SQ0","OST  ","EUR","9ZEF82FK","ZHEF7YY1","9ZEF82GL","610011","G)EH9SQ0      ","103003.4","Y","HFIEU","LS2BATCH","LS2BATCH","2020-09-29 12:47:01","2020-11-17 19:41:22","          ","60001038       ",""
"0REH9SUI","LOANINTEVAR    ","INTRC","CG852","BG_COL         ","GPEH9QQA","OST  ","EUR","IREFMCO3",")?EF8978","I:EFMEGK","610011","GPEH9QQA      ","31663.96","Y","HFIEU","LS2BATCH","LS2BATCH","2020-09-29 12:47:01","2020-11-17 19:41:22","          ","60001036       ",""
"0REH9SUK","LOANINTEVAR    ","INTRC","CG852","BG_COL         ","V:EH9VG2","OST  ","EUR","IREFMCO3",")?EF8978","I:EFMEGK","610011","V:EH9VG2      ","17710.12","Y","HFIEU","LS2BATCH","LS2BATCH","2020-09-29 12:47:01","2020-11-17 19:41:24","          ","60001039       ",""
"+(EHBMNR","LOANPRNEVAR    ","PRINC","CG852","BG_COL         ","+.EHBLEU","OST  ","EUR","V8EF4706","5QEF3VVU","V8EF471U","610011","+.EHBLEU      ","12300","Y","HFIEU","LIQSVR05","LS2BATCH","2020-09-30 10:36:25","2020-11-17 19:41:35","          ","60001054       ",""
"P-EHBOO3","LOANINTEVAR    ","INTRC","CG852","BG_COL         ","+.EHBIRF","OST  ","EUR","V8EF4706","5QEF3VVU","V8EF471U","610011","+.EHBIRF      ","481.01","Y","HFIEU","LS2BATCH","LS2BATCH","2020-09-30 13:12:01","2020-11-17 19:41:20","          ","60001046       ",""
"RREI0BPS","LOANINTEVAR    ","INTRC","CG852","BP_COL         ","(VEHZRVD","OST  ","EUR","#!EFTROA","SIEESUTN","#!EFTRT9","610011","(VEHZRVD      ","535.81","Y","HFIEU","LS2BATCH","LS2BATCH","2020-10-13 20:32:16","2020-11-17 19:41:20","          ","60001186       ",""
"RREI0BPT","LOANINTEVAR    ","INTRC","CG852","BP_COL         ","(VEHZXGI","OST  ","EUR","(7EFGXIA","SIEESUTN","(7EFGXST","610011","(VEHZXGI      ","4066.77","Y","HFIEU","LS2BATCH","LS2BATCH","2020-10-13 20:32:16","2020-11-17 19:41:20","          ","60001189       ",""
"P-EHBOO4","LOANINTEVAR    ","INTRC","CG852","BG_COL         ","+.EHBLEU","OST  ","EUR","V8EF4706","5QEF3VVU","V8EF471U","610011","+.EHBLEU      ","471.35","Y","HFIEU","LS2BATCH","LS2BATCH","2020-09-30 13:12:01","2020-11-17 19:41:20","          ","60001054       ",""
"P-EHBOO5","LOANINTEVAR    ","INTRC","CG852","BG_COL         ","+.EHBLOA","OST  ","EUR","V8EF4706","5QEF3VVU","V8EF471U","610011","+.EHBLOA      ","812.89","Y","HFIEU","LS2BATCH","LS2BATCH","2020-09-30 13:12:01","2020-11-17 19:41:20","          ","60001055       ",""
"P-EHBOO6","LOANINTEVAR    ","INTRC","CG852","BP_COL         ","+REHA1EG","OST  ","EUR","(7EFGXIA","SIEESUTN","(7EFGXST","610011","+REHA1EG      ","3.02","Y","HFIEU","LS2BATCH","LS2BATCH","2020-09-30 13:12:01","2020-11-17 19:41:20","          ","60001045       ",""
"P-EHBOO7","FEESIBLDREC    ","FEERC","CG852","BG_COL         ","+OEH9ZDB","FEE  ","EUR","+OEH9ZC4","ZHEF7YY1","+OEH9ZD0","610011","+OEH9ZD0      ","1917369.85","Y","HFIEU","LS2BATCH","LS2BATCH","2020-09-30 13:12:01","2020-11-17 19:41:28","          ","","UNUT "
"RREI0BPU","LOANINTEVAR    ","INTRC","CG852","BG_COL         ","3=EHZP5B","OST  ","GBP","9ZEF82FK","ZHEF7YY1","38EHZOL4","610011","3=EHZP5B      ","5391780.82","Y","HFIEU","LS2BATCH","LS2BATCH","2020-10-13 20:32:16","2020-11-17 19:41:20","          ","60001183       ",""
"RREI0BPV","LOANINTEVAR    ","INTRC","CG852","BG_COL         ","JIEHZR6V","OST  ","EUR","V8EF4706","5QEF3VVU","V8EF471U","610011","JIEHZR6V      ","13.06","Y","HFIEU","LS2BATCH","LS2BATCH","2020-10-13 20:32:16","2020-11-17 19:41:22","          ","60001179       ",""
"RREI0BQ2","FEESIBLDREC    ","FEERC","CG852","BG_COL         ","CNEHZZZ9","FEE  ","EUR",")YEHXS7X","$$EHNARP","CNEHZZU5","610011","CNEHZZU5      ","303287.68","Y","HFIEU","LS2BATCH","LS2BATCH","2020-10-13 20:32:16","2020-11-17 19:41:27","          ","","UNUT "
"RREI0BQ3","FEESIBLDREC    ","FEERC","CG852","BG_COL         ","T*EHY7XB","FEE  ","EUR",")YEHXS7X","$$EHNARP","T*EHY77J","610011","T*EHY77J      ","606575.35","Y","HFIEU","LS2BATCH","LS2BATCH","2020-10-13 20:32:16","2020-11-17 19:41:27","          ","","UNUT "
"RREI0BQ4","FEESIBLDREC    ","FEERC","CG852","BG_COL         ","@5EI03CM","FEE  ","AUD","@EEI01UV","5QEF3VVU","@5EI038S","610011","@5EI038S      ","8492.05","Y","HFIEU","LS2BATCH","LS2BATCH","2020-10-13 20:32:16","2020-11-17 19:41:27","          ","","UNUT "
"RREI0BQ5","FEESIBLDREC    ","FEERC","CG852","BG_COL         ","CKEHZVD2","FEE  ","GBP","9ZEF82FK","ZHEF7YY1","CKEHZVC2","610011","CKEHZVC2      ","673972.59","Y","HFIEU","LS2BATCH","LS2BATCH","2020-10-13 20:32:16","2020-11-17 19:41:27","          ","","UNUT "
")MEHDSME","LOANPRNEVAR    ","PRINC","CG852","BP_COL         ","92EHDPMF","OST  ","EUR","#!EFTROA","SIEESUTN","#!EFTRT9","610011","92EHDPMF      ","110000","Y","HFIEU","RPTSUP01","LS2BATCH","2020-10-01 16:40:24","2020-11-17 19:41:35","          ","60001068       ",""
".YEHDUMG","LOANPRNEFIX    ","PRINC","CG852","BG_COL         ","..EHDTBL","OST  ","EUR","0REF4EYL","SIEESUTN","0REF4FMA","610011","..EHDTBL      ","15000","Y","HFIEU","LIQAPCP3","LS2BATCH","2020-10-01 16:45:31","2020-11-17 19:41:35","          ","60001069       ",""
"RREI0BQ6","FEESIBLDREC    ","FEERC","CG852","BG_COL         ","@9EHZSS7","FEE  ","GBP","9ZEF82FK","ZHEF7YY1","@9EHZSR7","610011","@9EHZSR7      ","3369863.01","Y","HFIEU","LS2BATCH","LS2BATCH","2020-10-13 20:32:16","2020-11-17 19:41:27","          ","","UNUT "
":JEGMBOL","LOANPRNEVAR    ","PRINC","CG852","BP_COL         ","B+EGM7QV","OST  ","CAD","S#EESVPY","SIEESUTN","S#EESVR1","610011","B+EGM7QV      ","5000","Y","HFIEU","RPTSUP01","LS2BATCH","2020-09-16 20:37:45","2020-11-17 19:41:36","          ","60000863       ",""
":JEGMBV6","LOANPRNEVAR    ","PRINC","CG852","BP_COL         ","B+EGM97T","OST  ","CHF","S#EESVPY","SIEESUTN","S#EESVR1","610011","B+EGM97T      ","7500","Y","HFIEU","RPTSUP01","LS2BATCH","2020-09-16 20:41:39","2020-11-17 19:41:37","          ","60000864       ",""
":JEGMC82","LOANPRNEVAR    ","PRINC","CG852","BP_COL         ","B+EGM9NV","OST  ","CNH","S#EESVPY","SIEESUTN","S#EESVR1","610011","B+EGM9NV      ","8500","Y","HFIEU","RPTSUP01","LS2BATCH","2020-09-16 20:48:32","2020-11-17 19:41:36","          ","60000865       ",""
"VAEGNGBK","LOANPRNEVAR    ","PRINC","CG852","BG_COL         ","LVEGNF9I","OST  ","HKD","YZEFEWH5",")?EF8978","YZEFEXAM","610011","LVEGNF9I      ","211000","Y","HFIEU","MANZANOM","LS2BATCH","2020-09-17 09:34:39","2020-11-17 19:41:37","          ","60000868       ",""
"0WEGNS36","LOANPRNEVAR    ","PRINC","CG852","BG_COL         ","0JEGNPI3","OST  ","EUR","YZEFEWH5",")?EF8978","YZEFEXAM","610011","0JEGNPI3      ","217000","Y","HFIEU","MANZANOM","LS2BATCH","2020-09-17 13:25:06","2020-11-17 19:41:35","          ","60000875       ",""
"0WEGNS9G","LOANPRNEVAR    ","PRINC","CG852","BG_COL         ","0JEGNPQC","OST  ","EUR","YZEFEWH5",")?EF8978","YZEFEXAM","610011","0JEGNPQC      ","218000","Y","HFIEU","MANZANOM","LS2BATCH","2020-09-17 13:25:58","2020-11-17 19:41:36","          ","60000876       ",""
"+LEGNYC7","LOANPRNEFIX    ","PRINC","CG852","BG_COL         ","0HEGNTQ8","OST  ","EUR","0REF4EYL","SIEESUTN","0REF4FMA","610011","0HEGNTQ8      ","1496.25","Y","HFIEU","LIQSVR04","LS2BATCH","2020-09-17 14:42:52","2020-11-17 19:41:35","          ","60000881       ",""
"98EGPPJ8","LOANPRNEVAR    ","PRINC","CG852","BG_COL         ","9ZEGPOGX","OST  ","EUR","9ZEF82FK","ZHEF7YY1","9ZEF82GL","610011","9ZEGPOGX      ","1200000","Y","HFIEU","JANICEA2","LS2BATCH","2020-09-18 14:52:06","2020-11-17 19:41:37","          ","60000934       ",""
"GFEH9RWE","LOANPRNEVAR    ","PRINC","CG852","BG_COL         ","GPEH9QQA","OST  ","EUR","IREFMCO3",")?EF8978","I:EFMEGK","610011","GPEH9QQA      ","596605.06","Y","HFIEU","JANICEA2","LS2BATCH","2020-09-29 11:16:31","2020-11-17 19:41:37","          ","60001036       ",""
"7JEHN3KF","LOANPRNEVAR    ","PRINC","CG852","BP_COL         ","7MEHN24H","OST  ","EUR","(7EFGXIA","SIEESUTN","(7EFGXST","610011","7MEHN24H      ","34500","Y","HFIEU","RPTMGR01","LS2BATCH","2020-10-06 17:16:43","2020-11-17 19:41:37","          ","60001095       ",""
"?VEHMWY7","LOANPRNEVAR    ","PRINC","CG852","BP_COL         ","$UEHMNMB","OST  ","GBP","(7EFGXIA","SIEESUTN","(7EFGXST","610011","$UEHMNMB      ","8650","Y","HFIEU","RPTSUP01","LS2BATCH","2020-10-06 14:56:02","2020-11-17 19:41:37","          ","60001090       ",""
"0WEGNRWW","LOANPRNEVAR    ","PRINC","CG852","BG_COL         ","0JEGNP9U","OST  ","EUR","YZEFEWH5",")?EF8978","YZEFEXAM","610011","0JEGNP9U      ","216000","Y","HFIEU","MANZANOM","LS2BATCH","2020-09-17 13:24:06","2020-11-17 19:41:35","          ","60000874       ",""
"03EGNOV4","LOANPRNEVAR    ","PRINC","CG852","BP_COL         ","L*EGNM1D","OST  ","NOK","(7EFGXIA","SIEESUTN","(7EFGXST","610011","L*EGNM1D      ","5000","Y","HFIEU","RPTSUP01","LS2BATCH","2020-09-17 14:20:13","2020-11-17 19:41:36","          ","60000878       ",""
"*IEGNTW2","LOANINTEFIX    ","INTRC","CG852","BG_COL         ","0AEGNRGP","OST  ","EUR","0REF4EYL","SIEESUTN","0REF4FMA","610011","0AEGNRGP      ","37.33","Y","HFIEU","LS2BATCH","LS2BATCH","2020-09-17 16:02:26","2020-11-17 19:41:20","          ","60000879       ",""
"03EGNNXX","LOANPRNEVAR    ","PRINC","CG852","BP_COL         ","L*EGNLMN","OST  ","GBP","(7EFGXIA","SIEESUTN","(7EFGXST","610011","L*EGNLMN      ","8000","Y","HFIEU","RPTSUP01","LS2BATCH","2020-09-17 13:59:58","2020-11-17 19:41:37","          ","60000877       ",""
"03EGNOER","LOANPRNEVAR    ","PRINC","CG852","BP_COL         ","L*EGNKLO","OST  ","GBP","(7EFGXIA","SIEESUTN","(7EFGXST","610011","L*EGNKLO      ","12000","Y","HFIEU","RPTSUP01","LS2BATCH","2020-09-17 14:10:13","2020-11-17 19:41:35","          ","60000871       ",""
"*IEGNTW3","LOANINTEFIX    ","INTRC","CG852","BG_COL         ","0HEGNTQ8","OST  ","EUR","0REF4EYL","SIEESUTN","0REF4FMA","610011","0HEGNTQ8      ","18.74","Y","HFIEU","LS2BATCH","LS2BATCH","2020-09-17 16:02:26","2020-11-17 19:41:20","          ","60000881       ",""
"*IEGNTW4","LOANINTEVAR    ","INTRC","CG852","BG_COL         ","0JEGNP9U","OST  ","EUR","YZEFEWH5",")?EF8978","YZEFEXAM","610011","0JEGNP9U      ","17541.91","Y","HFIEU","LS2BATCH","LS2BATCH","2020-09-17 16:02:26","2020-11-17 19:41:20","          ","60000874       ",""
"*IEGNTW5","LOANINTEVAR    ","INTRC","CG852","BG_COL         ","0JEGNPI3","OST  ","EUR","YZEFEWH5",")?EF8978","YZEFEXAM","610011","0JEGNPI3      ","20560.25","Y","HFIEU","LS2BATCH","LS2BATCH","2020-09-17 16:02:26","2020-11-17 19:41:20","          ","60000875       ",""
"*IEGNTW6","LOANINTEVAR    ","INTRC","CG852","BG_COL         ","0JEGNPQC","OST  ","EUR","YZEFEWH5",")?EF8978","YZEFEXAM","610011","0JEGNPQC      ","23603.32","Y","HFIEU","LS2BATCH","LS2BATCH","2020-09-17 16:02:26","2020-11-17 19:41:20","          ","60000876       ",""
"*IEGNTW7","LOANINTEVAR    ","INTRC","CG852","BG_COL         ","B#EGM233","OST  ","GBP","9ZEF82FK","ZHEF7YY1","9ZEF82GL","610011","B#EGM233      ","54137.46","Y","HFIEU","LS2BATCH","LS2BATCH","2020-09-17 16:02:26","2020-11-17 19:41:21","          ","60000861       ",""
"*IEGNTW8","LOANINTEVAR    ","INTRC","CG852","BP_COL         ","B+EGM7QV","OST  ","CAD","S#EESVPY","SIEESUTN","S#EESVR1","610011","B+EGM7QV      ","217.13","Y","HFIEU","LS2BATCH","LS2BATCH","2020-09-17 16:02:26","2020-11-17 19:41:21","          ","60000863       ",""
"*IEGNTW9","LOANINTEVAR    ","INTRC","CG852","BP_COL         ","B+EGM97T","OST  ","CHF","S#EESVPY","SIEESUTN","S#EESVR1","610011","B+EGM97T      ","199.34","Y","HFIEU","LS2BATCH","LS2BATCH","2020-09-17 16:02:26","2020-11-17 19:41:21","          ","60000864       ",""
"*IEGNTWA","LOANINTEVAR    ","INTRC","CG852","BP_COL         ","B+EGM9NV","OST  ","CNH","S#EESVPY","SIEESUTN","S#EESVR1","610011","B+EGM9NV      ","235.3","Y","HFIEU","LS2BATCH","LS2BATCH","2020-09-17 16:02:26","2020-11-17 19:41:21","          ","60000865       ",""
"*IEGNTWB","LOANINTEVAR    ","INTRC","CG852","BP_COL         ","B+EGM9Y5","OST  ","THB","S#EESVPY","SIEESUTN","S#EESVR1","610011","B+EGM9Y5      ","473.02","Y","HFIEU","LS2BATCH","LS2BATCH","2020-09-17 16:02:26","2020-11-17 19:41:21","          ","60000866       ",""
"*IEGNTWC","LOANINTEVAR    ","INTRC","CG852","BP_COL         ","B+EGMA8L","OST  ","CHF","S#EESVPY","SIEESUTN","S#EESVR1","610011","B+EGMA8L      ","247.47","Y","HFIEU","LS2BATCH","LS2BATCH","2020-09-17 16:02:26","2020-11-17 19:41:21","          ","60000867       ",""
"*IEGNTWD","LOANINTEVAR    ","INTRC","CG852","BG_COL         ","BGEGM4DB","OST  ","EUR","9ZEF82FK","ZHEF7YY1","9ZEF82GL","610011","BGEGM4DB      ","81203.75","Y","HFIEU","LS2BATCH","LS2BATCH","2020-09-17 16:02:26","2020-11-17 19:41:21","          ","60000862       ",""
"*IEGNTWE","LOANINTEVAR    ","INTRC","CG852","BP_COL         ","L*EGNKLO","OST  ","GBP","(7EFGXIA","SIEESUTN","(7EFGXST","610011","L*EGNKLO      ","533.55","Y","HFIEU","LS2BATCH","LS2BATCH","2020-09-17 16:02:26","2020-11-17 19:41:22","          ","60000871       ",""
"*IEGNTWF","LOANINTEVAR    ","INTRC","CG852","BP_COL         ","L*EGNLMN","OST  ","GBP","(7EFGXIA","SIEESUTN","(7EFGXST","610011","L*EGNLMN      ","434.69","Y","HFIEU","LS2BATCH","LS2BATCH","2020-09-17 16:02:26","2020-11-17 19:41:22","          ","60000877       ",""
"*IEGNTWG","LOANINTEVAR    ","INTRC","CG852","BP_COL         ","L*EGNM1D","OST  ","NOK","(7EFGXIA","SIEESUTN","(7EFGXST","610011","L*EGNM1D      ","271.46","Y","HFIEU","LS2BATCH","LS2BATCH","2020-09-17 16:02:26","2020-11-17 19:41:22","          ","60000878       ",""
"*IEGNTWI","LOANINTEVAR    ","INTRC","CG852","BG_COL         ","LVEGNF9I","OST  ","HKD","YZEFEWH5",")?EF8978","YZEFEXAM","610011","LVEGNF9I      ","17131.95","Y","HFIEU","LS2BATCH","LS2BATCH","2020-09-17 16:02:26","2020-11-17 19:41:22","          ","60000868       ",""
"*IEGNTWJ","FEESIBLDREC    ","FEERC","CG852","BG_COL         ","0JEGNPZ7","FEE  ","USD","YZEFEWH5",")?EF8978","0JEGNPY5","610011","0JEGNPY5      ","4068493.14","Y","HFIEU","LS2BATCH","LS2BATCH","2020-09-17 16:02:26","2020-11-17 19:41:27","          ","","UNUT "
"*IEGNTWK","FEESIBLDREC    ","FEERC","CG852","BG_COL         ","GREGNHV8","FEE  ","GBP","9ZEF82FK","ZHEF7YY1","GREGNHU7","610011","GREGNHU7      ","2514328.77","Y","HFIEU","LS2BATCH","LS2BATCH","2020-09-17 16:02:26","2020-11-17 19:41:28","          ","","UNUT "
"*IEGNTWL","FEESIBLDREC    ","FEERC","CG852","BG_COL         ","G$EGNIVA","FEE  ","NZD","9ZEF82FK","ZHEF7YY1","G$EGNIUB","610011","G$EGNIUB      ","2712328.76","Y","HFIEU","LS2BATCH","LS2BATCH","2020-09-17 16:02:26","2020-11-17 19:41:27","          ","","UNUT "
"PYEGO6NJ","LOANPRNEVAR    ","PRINC","CG852","BG_COL         ","P!EGO5B1","OST  ","EUR","YZEFEWH5",")?EF8978","YZEFEXAM","610011","P!EGO5B1      ","310000","Y","HFIEU","MANZANOM","LS2BATCH","2020-09-17 19:17:40","2020-11-17 19:41:37","          ","60000911       ",""
"KQEGPDK6","LOANPRNEVAR    ","PRINC","CG852","BG_COL         ","KIEGPC52","OST  ","EUR","YZEFEWH5",")?EF8978","YZEFEXAM","610011","KIEGPC52      ","222000","Y","HFIEU","MANZANOM","LS2BATCH","2020-09-18 10:22:28","2020-11-17 19:41:35","          ","60000920       ",""
"46EHS7VK","LOANPRNEVAR    ","PRINC","CG852","BP_COL         ","4;EHS6TZ","OST  ","EUR","#!EFTROA","SIEESUTN","#!EFTRT9","610011","4;EHS6TZ      ","50000","Y","HFIEU","MANZANOM","LS2BATCH","2020-10-09 10:23:12","2020-11-17 19:41:36","          ","60001155       ",""
"4HEHS9GX","LOANPRNEVAR    ","PRINC","CG852","BG_COL         ","4MEHS8E8","OST  ","EUR","+OEH9ZC4","ZHEF7YY1","+OEH9ZD0","610011","4MEHS8E8      ","72000","Y","HFIEU","MANZANOM","LS2BATCH","2020-10-09 10:29:43","2020-11-17 19:41:35","          ","60001156       ",""
"4DEHSBIY","LOANPRNEVAR    ","PRINC","CG852","BP_COL         ","41EHS9YK","OST  ","EUR","#!EFTROA","SIEESUTN","#!EFTRT9","610011","41EHS9YK      ","55000","Y","HFIEU","MANZANOM","LS2BATCH","2020-10-09 10:40:36","2020-11-17 19:41:37","          ","60001157       ",""
"YJEHYN5A","FEESIBLDREC    ","FEERC","CG852","BG_COL         ",".XEHY4PH","FEE  ","AUD",".XEHY4LC","SIEESUTN",".XEHY4PA","610011",".XEHY4PA      ","7950000.02","Y","HFIEU","LS2BATCH","LS2BATCH","2020-10-12 22:43:58","2020-11-17 19:41:27","          ","","UNUT "
"BLEHONLW","LOANPRNEVAR    ","PRINC","CG852","BP_COL         ","B5EHONDY","OST  ","GBP","(7EFGXIA","SIEESUTN","(7EFGXST","610011","B5EHONDY      ","13600","Y","HFIEU","RPTSUP01","LS2BATCH","2020-10-07 13:29:18","2020-11-17 19:41:36","          ","60001119       ",""
"L?EHP5H2","LOANPRNEVAR    ","PRINC","CG852","BP_COL         ","L)EHP11T","OST  ","EUR","(7EFGXIA","SIEESUTN","(7EFGXST","610011","L)EHP11T      ","4100.51","Y","HFIEU","RPTMGR01","LS2BATCH","2020-10-07 19:10:51","2020-11-17 19:41:37","          ","60001131       ",""
"JIEHZRXR","LOANPRNEVAR    ","PRINC","CG852","BG_COL         ","JIEHZR6V","OST  ","EUR","V8EF4706","5QEF3VVU","V8EF471U","610011","JIEHZR6V      ","700","Y","HFIEU","LIQUSR05","LS2BATCH","2020-10-13 10:33:19","2020-11-17 19:41:36","          ","60001179       ",""
"@NEHZVKS","LOANPRNEVAR    ","PRINC","CG852","BP_COL         ","(VEHZRVD","OST  ","EUR","#!EFTROA","SIEESUTN","#!EFTRT9","610011","(VEHZRVD      ","13250","Y","HFIEU","RPTSUP01","LS2BATCH","2020-10-13 13:54:31","2020-11-17 19:41:36","          ","60001186       ",""
"C8EI04JR","FEESIBLDREC    ","FEERC","CG852","BG_COL         ","@5EI02X0","AFE  ","AUD","@EEI01UV","5QEF3VVU","NONE    ","610011","@EEI01UV      ","-363.01","Y","NONE ","LIQUSR05","LS2BATCH","2020-10-13 15:02:44","2020-11-17 19:41:30","          ","","ADMI "
"@NEHZYR6","LOANPRNEVAR    ","PRINC","CG852","BP_COL         ","(VEHZXGI","OST  ","EUR","(7EFGXIA","SIEESUTN","(7EFGXST","610011","(VEHZXGI      ","86200","Y","HFIEU","RPTSUP01","LS2BATCH","2020-10-13 16:01:48","2020-11-17 19:41:37","          ","60001189       ",""
"CXEI01KV","FEESIBLDREC    ","FEERC","CG852","BG_COL         ","C6EI0017","FEE  ","GBP","9ZEF82FK","ZHEF7YY1","C6EHZZZO","610011","C6EHZZZO      ","168767.13","Y","HFIEU","JANICEA1","LS2BATCH","2020-10-13 16:23:42","2020-11-17 19:41:28","          ","","FACI "
";5EI0CYX","LOANPRNEVAR    ","PRINC","CG852","BP_COL         ",";UEI04RJ","OST  ","USD","#!EFTROA","SIEESUTN","#!EFTRT9","610011",";UEI04RJ      ","8000","Y","HFIEU","SMANZANO","LS2BATCH","2020-10-13 21:10:32","2020-11-17 19:41:35","          ","60001191       ",""
"X)EI1YWV","FEESIBLDREC    ","FEERC","CG852","BG_COL         ","NPEI1VM4","FEE  ","NOK","D3EI1MRL","?ZE4CIA6","NPEI1VIS","610011","NPEI1VIS      ","319561.64","Y","HFIEU","LS2BATCH","LS2BATCH","2020-10-14 17:50:55","2020-11-17 19:41:27","          ","","UNUT "
"I+EI26L5","LOANPRNEVAR    ","PRINC","CG852","BG_COL         ","I5EI25PL","OST  ","NOK","D3EI1MRL","?ZE4CIA6","DXEI1OOP","610011","I5EI25PL      ","400000","Y","HFIEU","JANICEA2","LS2BATCH","2020-10-14 20:03:16","2020-11-17 19:41:36","          ","60001221       ",""
":EEI3HWC","LOANPRNEVAR    ","PRINC","CG852","BG_COL         ","#:EHOMSQ","OST  ","EUR","V8EF4706","5QEF3VVU","V8EF471U","610011","#:EHOMSQ      ","22500","Y","HFIEU","LIQUSR05","LS2BATCH","2020-10-15 10:42:15","2020-11-17 19:41:36","          ","60001117       ",""
":EEI3I1V","LOANPRNEVAR    ","PRINC","CG852","BG_COL         ","IHEFMJJ8","OST  ","EUR","V8EF4706","5QEF3VVU","V8EF471U","610011","IHEFMJJ8      ","1931","Y","HFIEU","LIQUSR05","LS2BATCH","2020-10-15 10:45:29","2020-11-17 19:41:37","          ","60000601       ",""
"X?EHNAQA","LOANPRNEFIX    ","PRINC","CG852","BG_COL         ","NJEHN9CR","OST  ","EUR","0REF4EYL","SIEESUTN","0REF4FMA","610011","NJEHN9CR      ","10000","Y","HFIEU","LIQUSR03","LS2BATCH","2020-10-06 19:50:41","2020-11-17 19:41:35","          ","60001112       ",""
"#XEHOMKQ","LOANPRNEVAR    ","PRINC","CG852","BG_COL         ","+.EHBPCH","OST  ","EUR","V8EF4706","5QEF3VVU","V8EF471U","610011","+.EHBPCH      ","990","Y","HFIEU","LIQSVR04","LS2BATCH","2020-10-07 09:02:43","2020-11-17 19:41:35","          ","60001056       ",""
":@EHON2Q","LOANPRNEFIX    ","PRINC","CG852","BG_COL         ","BKEHOLEO","OST  ","EUR","0REF4EYL","SIEESUTN","0REF4FMA","610011","BKEHOLEO      ","10000","Y","HFIEU","LIQAPCP3","LS2BATCH","2020-10-07 12:42:36","2020-11-17 19:41:36","          ","60001123       ",""
"QEEI3HJH","LOANPRNEVAR    ","PRINC","CG852","BG_COL         ",":LEI3GNT","OST  ","EUR","IREFMCO3",")?EF8978","I:EFMEGK","610011",":LEI3GNT      ","625000","Y","HFIEU","RPTMGR01","LS2BATCH","2020-10-15 12:46:51","2020-11-17 19:41:36","          ","60001232       ",""
":TEI3IL6","LOANPRNEVAR    ","PRINC","CG852","BG_COL         ","3TEFFGY1","OST  ","EUR","V8EF4706","5QEF3VVU","V8EF471U","610011","3TEFFGY1      ","813","Y","HFIEU","LIQSVR04","LS2BATCH","2020-10-15 10:55:42","2020-11-17 19:41:36","          ","60000470       ",""
"Q@EI3LT3","LOANPRNEVAR    ","PRINC","CG852","BG_COL         ","QJEI3KKH","OST  ","AUD",":6EI3GEF","SIEESUTN",":6EI3GI8","610011","QJEI3KKH      ","400000","Y","HFIEU","LIQAPCP3","LS2BATCH","2020-10-15 12:54:12","2020-11-17 19:41:37","          ","60001235       ",""
"G)EHQGY1","LOANPRNEVAR    ","PRINC","CG852","BG_COL         ",":=EHOY0Q","OST  ","EUR","IREFMCO3",")?EF8978","I:EFMEGK","610011",":=EHOY0Q      ","71000","Y","HFIEU","LIQUSR02","LS2BATCH","2020-10-08 09:45:15","2020-11-17 19:41:35","          ","60001120       ",""
"(0EHZS9Z","LOANPRNEVAR    ","PRINC","CG852","BG_COL         ","3=EHZP5B","OST  ","GBP","9ZEF82FK","ZHEF7YY1","38EHZOL4","610011","3=EHZP5B      ","200000000","Y","HFIEU","JANICEA1","LS2BATCH","2020-10-13 12:36:22","2020-11-17 19:41:35","          ","60001183       ",""
"4DEHSBR7","LOANPRNEVAR    ","PRINC","CG852","BG_COL         ","41EHSAC9","OST  ","EUR","+OEH9ZC4","ZHEF7YY1","+OEH9ZD0","610011","41EHSAC9      ","78000","Y","HFIEU","MANZANOM","LS2BATCH","2020-10-09 10:42:45","2020-11-17 19:41:35","          ","60001158       ",""
"B#EI38AI","LOANINTEVAR    ","INTRC","CG852","BG_COL         ","I5EI25PL","OST  ","NOK","D3EI1MRL","?ZE4CIA6","DXEI1OOP","610011","I5EI25PL      ","13369.86","Y","HFIEU","LS2BATCH","LS2BATCH","2020-10-15 10:11:06","2020-11-17 19:41:22","          ","60001221       ",""
"B#EI38AQ","FEESIBLDREC    ","FEERC","CG852","BG_COL         ","BPEI37P4","FEE  ","USD","#+EI35Q6","?ZE4CIA6","BPEI37NY","610011","BPEI37NY      ","53041.1","Y","HFIEU","LS2BATCH","LS2BATCH","2020-10-15 10:11:06","2020-11-17 19:41:27","          ","","UNUT "
".JEIRWJI","LOANINTEVAR    ","INTRC","CG852","BG_COL         ",")JEIRPGX","OST  ","EUR","IREFMCO3",")?EF8978","I:EFMEGK","610011",")JEIRPGX      ","87.55","Y","HFIEU","LS2BATCH","LS2BATCH","2020-10-28 17:57:17","2020-11-17 19:41:20","          ","60001331       ",""
")(EIRR2W","LOANPRNEVAR    ","PRINC","CG852","BG_COL         ",")JEIRPGX","OST  ","EUR","IREFMCO3",")?EF8978","I:EFMEGK","610011",")JEIRPGX      ","9400.13","Y","HFIEU","MANZANOM","LS2BATCH","2020-10-28 15:06:57","2020-11-17 19:41:37","          ","60001331       ",""
"5(EHOUK0","LOANINTEVAR    ","INTRC","CG852","BP_COL         ","$UEHMNMB","OST  ","GBP","(7EFGXIA","SIEESUTN","(7EFGXST","610011","$UEHMNMB      ","569.65","Y","HFIEU","LS2BATCH","LS2BATCH","2020-10-07 15:48:00","2020-11-17 19:41:20","          ","60001090       ",""
":=EHOYHU","LOANPRNEVAR    ","PRINC","CG852","BG_COL         ","+.EHA56R","OST  ","EUR","IREFMCO3",")?EF8978","I:EFMEGK","610011","+.EHA56R      ","8900","Y","HFIEU","LIQUSR05","LS2BATCH","2020-10-07 13:45:48","2020-11-17 19:41:36","          ","60001041       ",""
"B5EHOQHF","LOANPRNEFIX    ","PRINC","CG852","BP_COL         ","B5EHOOHX","OST  ","EUR","(7EFGXIA","SIEESUTN","(7EFGXST","610011","B5EHOOHX      ","74900","Y","HFIEU","CMARTILL","LS2BATCH","2020-10-07 14:29:34","2020-11-17 19:41:36","          ","60001122       ",""
"5(EHOUK2","LOANINTEVAR    ","INTRC","CG852","BG_COL         ","+.EHA56R","OST  ","EUR","IREFMCO3",")?EF8978","I:EFMEGK","610011","+.EHA56R      ","283.78","Y","HFIEU","LS2BATCH","LS2BATCH","2020-10-07 15:48:00","2020-11-17 19:41:20","          ","60001041       ",""
"5(EHOUK3","LOANINTEVAR    ","INTRC","CG852","BG_COL         ","+.EHBPCH","OST  ","EUR","V8EF4706","5QEF3VVU","V8EF471U","610011","+.EHBPCH      ","198.18","Y","HFIEU","LS2BATCH","LS2BATCH","2020-10-07 15:48:00","2020-11-17 19:41:23","          ","60001056       ",""
"5(EHOUK4","LOANINTEFIX    ","INTRC","CG852","BP_COL         ","4.EHBQJE","OST  ","EUR","(7EFGXIA","SIEESUTN","(7EFGXST","610011","4.EHBQJE      ","4873.25","Y","HFIEU","LS2BATCH","LS2BATCH","2020-10-07 15:48:00","2020-11-17 19:41:20","          ","60001057       ",""
"5(EHOUK5","LOANINTEVAR    ","INTRC","CG852","BP_COL         ","7MEHN24H","OST  ","EUR","(7EFGXIA","SIEESUTN","(7EFGXST","610011","7MEHN24H      ","2270.37","Y","HFIEU","LS2BATCH","LS2BATCH","2020-10-07 15:48:00","2020-11-17 19:41:20","          ","60001095       ",""
"5(EHOUK8","LOANINTEVAR    ","INTRC","CG852","BP_COL         ","92EHDPMF","OST  ","EUR","#!EFTROA","SIEESUTN","#!EFTRT9","610011","92EHDPMF      ","7247.98","Y","HFIEU","LS2BATCH","LS2BATCH","2020-10-07 15:48:00","2020-11-17 19:41:20","          ","60001068       ",""
"5(EHOUK9","LOANINTEVAR    ","INTRC","CG852","BP_COL         ","B5EHONDY","OST  ","GBP","(7EFGXIA","SIEESUTN","(7EFGXST","610011","B5EHONDY      ","897.9","Y","HFIEU","LS2BATCH","LS2BATCH","2020-10-07 15:48:00","2020-11-17 19:41:21","          ","60001119       ",""
"5(EHOUKA","LOANINTEFIX    ","INTRC","CG852","BP_COL         ","B5EHOOHX","OST  ","EUR","(7EFGXIA","SIEESUTN","(7EFGXST","610011","B5EHOOHX      ","5231.3","Y","HFIEU","LS2BATCH","LS2BATCH","2020-10-07 15:48:00","2020-11-17 19:41:21","          ","60001122       ",""
"5(EHOUKB","LOANINTEFIX    ","INTRC","CG852","BG_COL         ","BKEHOLEO","OST  ","EUR","0REF4EYL","SIEESUTN","0REF4FMA","610011","BKEHOLEO      ","267.23","Y","HFIEU","LS2BATCH","LS2BATCH","2020-10-07 15:48:00","2020-11-17 19:41:21","          ","60001123       ",""
"5(EHOUKC","LOANINTEVAR    ","INTRC","CG852","BP_COL         ","N$EHN6FB","OST  ","EUR","(7EFGXIA","SIEESUTN","(7EFGXST","610011","N$EHN6FB      ","-0.51","Y","HFIEU","LS2BATCH","LS2BATCH","2020-10-07 15:48:00","2020-11-17 19:41:24","          ","60001108       ",""
"5(EHOUKF","LOANINTEFIX    ","INTRC","CG852","BG_COL         ","NJEHN9CR","OST  ","EUR","0REF4EYL","SIEESUTN","0REF4FMA","610011","NJEHN9CR      ","267.22","Y","HFIEU","LS2BATCH","LS2BATCH","2020-10-07 15:48:00","2020-11-17 19:41:22","          ","60001112       ",""
"5(EHOUKG","FEESIBLDREC    ","FEERC","CG852","BG_COL         ","#XEHOQ7Y","FEE  ","EUR","#XEHOQ6X","5QEF3VVU","#XEHOQ7N","610011","#XEHOQ7N      ","1699972.6","Y","HFIEU","LS2BATCH","LS2BATCH","2020-10-07 15:48:00","2020-11-17 19:41:27","          ","","UNUT "
"G(EHQIH8","LOANPRNEVAR    ","PRINC","CG852","BG_COL         ","QKEH83UQ","OST  ","EUR","IREFMCO3",")?EF8978","I:EFMEGK","610011","QKEH83UQ      ","11250","Y","HFIEU","LIQSVR02","LS2BATCH","2020-10-08 09:57:54","2020-11-17 19:41:36","          ","60001030       ",""
"GQEHQOVQ","LOANPRNEVAR    ","PRINC","CG852","BG_COL         ","?EEHN4OB","OST  ","GBP","IREFMCO3",")?EF8978","I:EFMEGK","610011","?EEHN4OB      ","5005","Y","HFIEU","LIQUSR02","LS2BATCH","2020-10-08 11:12:12","2020-11-17 19:41:38","          ","60001092       ",""
"GQEHQPE7","LOANPRNEVAR    ","PRINC","CG852","BG_COL         ","G(EHQKWA","OST  ","EUR","IREFMCO3",")?EF8978","I:EFMEGK","610011","G(EHQKWA      ","4000","Y","HFIEU","LIQUSR02","LS2BATCH","2020-10-08 11:33:21","2020-11-17 19:41:36","          ","60001136       ",""
"U$EHSBZA","LOANINTEVAR    ","INTRC","CG852","BP_COL         ","41EHS9YK","OST  ","EUR","#!EFTROA","SIEESUTN","#!EFTRT9","610011","41EHS9YK      ","2887.01","Y","HFIEU","LS2BATCH","LS2BATCH","2020-10-09 12:57:10","2020-11-17 19:41:20","          ","60001157       ",""
"U$EHSBZC","LOANINTEVAR    ","INTRC","CG852","BG_COL         ","41EHSAC9","OST  ","EUR","+OEH9ZC4","ZHEF7YY1","+OEH9ZD0","610011","41EHSAC9      ","4094.75","Y","HFIEU","LS2BATCH","LS2BATCH","2020-10-09 12:57:10","2020-11-17 19:41:20","          ","60001158       ",""
"U$EHSBZD","LOANINTEVAR    ","INTRC","CG852","BP_COL         ","4;EHS6TZ","OST  ","EUR","#!EFTROA","SIEESUTN","#!EFTRT9","610011","4;EHS6TZ      ","2624.92","Y","HFIEU","LS2BATCH","LS2BATCH","2020-10-09 12:57:10","2020-11-17 19:41:20","          ","60001155       ",""
"U$EHSBZF","LOANINTEVAR    ","INTRC","CG852","BG_COL         ","4MEHS8E8","OST  ","EUR","+OEH9ZC4","ZHEF7YY1","+OEH9ZD0","610011","4MEHS8E8      ","3779.31","Y","HFIEU","LS2BATCH","LS2BATCH","2020-10-09 12:57:10","2020-11-17 19:41:20","          ","60001156       ",""
"G(EHQIS8","LOANPRNEVAR    ","PRINC","CG852","BG_COL         ","V:EH9SEM","OST  ","EUR","IREFMCO3",")?EF8978","I:EFMEGK","610011","V:EH9SEM      ","495000","Y","HFIEU","LIQSVR02","LS2BATCH","2020-10-08 09:59:48","2020-11-17 19:41:35","          ","60001034       ",""
"U$EHSBZH","LOANINTEVAR    ","INTRC","CG852","BG_COL         ",":=EHOY0Q","OST  ","EUR","IREFMCO3",")?EF8978","I:EFMEGK","610011",":=EHOY0Q      ","2165.18","Y","HFIEU","LS2BATCH","LS2BATCH","2020-10-09 12:57:10","2020-11-17 19:41:21","          ","60001120       ",""
"U$EHSBZJ","LOANINTEVAR    ","INTRC","CG852","BG_COL         ","?EEHN4OB","OST  ","GBP","IREFMCO3",")?EF8978","I:EFMEGK","610011","?EEHN4OB      ","40.29","Y","HFIEU","LS2BATCH","LS2BATCH","2020-10-09 12:57:10","2020-11-17 19:41:21","          ","60001092       ",""
"U$EHSBZL","LOANINTEVAR    ","INTRC","CG852","BG_COL         ","G(EHQKWA","OST  ","EUR","IREFMCO3",")?EF8978","I:EFMEGK","610011","G(EHQKWA      ","124.74","Y","HFIEU","LS2BATCH","LS2BATCH","2020-10-09 12:57:10","2020-11-17 19:41:21","          ","60001136       ",""
"U$EHSBZM","LOANINTEVAR    ","INTRC","CG852","BP_COL         ","L)EHP11T","OST  ","EUR","(7EFGXIA","SIEESUTN","(7EFGXST","610011","L)EHP11T      ","349.1","Y","HFIEU","LS2BATCH","LS2BATCH","2020-10-09 12:57:10","2020-11-17 19:41:22","          ","60001131       ",""
"U$EHSBZO","LOANINTEVAR    ","INTRC","CG852","BG_COL         ","QKEH83UQ","OST  ","EUR","IREFMCO3",")?EF8978","I:EFMEGK","610011","QKEH83UQ      ","373.89","Y","HFIEU","LS2BATCH","LS2BATCH","2020-10-09 12:57:10","2020-11-17 19:41:22","          ","60001030       ",""
"U$EHSBZQ","LOANINTEVAR    ","INTRC","CG852","BG_COL         ","V:EH9SEM","OST  ","EUR","IREFMCO3",")?EF8978","I:EFMEGK","610011","V:EH9SEM      ","15786.19","Y","HFIEU","LS2BATCH","LS2BATCH","2020-10-09 12:57:10","2020-11-17 19:41:22","          ","60001034       ",""
"U$EHSBZR","FEESIBLDREC    ","FEERC","CG852","BG_COL         ","42EHSA2H","FEE  ","EUR","42EHS9YE","SIEESUTN","42EHSA2A","610011","42EHSA2A      ","9999999.98","Y","HFIEU","LS2BATCH","LS2BATCH","2020-10-09 12:57:10","2020-11-17 19:41:27","          ","","UNUT "
"5QEINIJT","LOANINTEVAR    ","INTRC","CG852","BG_COL         ","#:EHOMSQ","OST  ","EUR","V8EF4706","5QEF3VVU","V8EF471U","610011","#:EHOMSQ      ","911.78","Y","HFIEU","LS2BATCH","LS2BATCH","2020-10-26 09:04:41","2020-11-17 19:41:20","          ","60001117       ",""
"?HEI1PI2","FEESIBLDREC    ","FEERC","CG852","BG_COL         ","$BEI1L8L","FEE  ","NOK","$UEI1KJ7","?ZE4CIA6","$BEI1L79","610015","$BEI1L79      ","184767.13","Y","HFIEU","LS2BATCH","LS2BATCH","2020-10-14 14:27:33","2020-11-24 03:57:11","          ","","UNUT "
"5QEINIJU","LOANINTEVAR    ","INTRC","CG852","BG_COL         ","3TEFFGY1","OST  ","EUR","V8EF4706","5QEF3VVU","V8EF471U","610011","3TEFFGY1      ","33.69","Y","HFIEU","LS2BATCH","LS2BATCH","2020-10-26 09:04:41","2020-11-17 19:41:20","          ","60000470       ",""
"#VEHODM4","LOANINTEFIX    ","INTRC","CG852","BG_COL         ","..EHDTBL","OST  ","EUR","0REF4EYL","SIEESUTN","0REF4FMA","610011","..EHDTBL      ","300.83","Y","HFIEU","LIQUSR03","LS2BATCH","2020-10-07 09:31:32","2020-11-17 19:41:23","          ","60001069       ",""
"7MEI1USM","LOANINTEVAR    ","INTRC","CG852","BP_COL         ",";UEI04RJ","OST  ","USD","#!EFTROA","SIEESUTN","#!EFTRT9","610011",";UEI04RJ      ","213.93","Y","HFIEU","LS2BATCH","LS2BATCH","2020-10-14 16:21:58","2020-11-17 19:41:21","          ","60001191       ",""
"7MEI1USQ","FEESIBLDREC    ","FEERC","CG852","BG_COL         ","DXEI1ORF","FEE  ","NOK","D3EI1MRL","?ZE4CIA6","DXEI1OOP","610011","DXEI1OOP      ","152416.43","Y","HFIEU","LS2BATCH","LS2BATCH","2020-10-14 16:21:58","2020-11-17 19:41:27","          ","","UNUT "
"7MEI1USR","FEESIBLDREC    ","FEERC","CG852","BG_COL         ","$QEI1ONP","FEE  ","AUD","$QEI1OJW","SIEESUTN","$QEI1OLY","610011","$QEI1OLY      ","2711111.11","Y","HFIEU","LS2BATCH","LS2BATCH","2020-10-14 16:21:58","2020-11-17 19:41:27","          ","","UNUT "
"5QEINIJW","LOANINTEVAR    ","INTRC","CG852","BG_COL         ",":LEI3GNT","OST  ","EUR","IREFMCO3",")?EF8978","I:EFMEGK","610011",":LEI3GNT      ","28527.38","Y","HFIEU","LS2BATCH","LS2BATCH","2020-10-26 09:04:41","2020-11-17 19:41:21","          ","60001232       ",""
"5QEINIJX","LOANINTEVAR    ","INTRC","CG852","BG_COL         ","IHEFMJJ8","OST  ","EUR","V8EF4706","5QEF3VVU","V8EF471U","610011","IHEFMJJ8      ","76.07","Y","HFIEU","LS2BATCH","LS2BATCH","2020-10-26 09:04:41","2020-11-17 19:41:22","          ","60000601       ",""
"5QEINIJY","LOANINTEVAR    ","INTRC","CG852","BG_COL         ","QJEI3KKH","OST  ","AUD",":6EI3GEF","SIEESUTN",":6EI3GI8","610011","QJEI3KKH      ","8547.4","Y","HFIEU","LS2BATCH","LS2BATCH","2020-10-26 09:04:41","2020-11-17 19:41:22","          ","60001235       ",""
"5QEINIK4","FEESIBLDREC    ","FEERC","CG852","BG_COL         ",":6EI3GGF","FEE  ","AUD",":6EI3GEF","SIEESUTN",":6EI3GFB","610011",":6EI3GFB      ","5288.88","Y","HFIEU","LS2BATCH","LS2BATCH","2020-10-26 09:04:41","2020-11-17 19:41:27","          ","","UNUT "
"5QEINIK5","FEESIBLDREC    ","FEERC","CG852","BP_CML         ",")=EIAU2O","FEE  ","EUR",")=EIATZI","=HEIAPW5",")=EIAU1O","610011",")=EIAU1O      ","2619.18","Y","HFIEU","LS2BATCH","LS2BATCH","2020-10-26 09:04:41","2020-11-17 19:41:27","          ","","UNUT "
"C+EJLPB5","FEESIBLDREC    ","FEERC","CB141","BP_CML         ","ZUEJHU07","FEE  ","GBP","ZUEJHS93","J6EI07VT","ZUEJHSA1","610017","ZUEJHSA1      ","104.17","Y","HFGBP","LS2BATCH","LS2BATCH","2020-11-13 20:09:05","2020-11-17 19:41:27","          ","","UNUT "
